Beginning release compilation and archiving of libstell
/usr/bin/cpp -traditional -DLINUX -DMPI_OPT -DNETCDF ../Sources/Modules/mpi_params.f
/opt/homebrew/opt/open-mpi/bin/mpif90 -fPIC -g -O2 -fexternal-blas -fbacktrace -std=legacy -fallow-argument-mismatch -I/private/tmp/fusion-native-clean-62xzhkrp/repo/external/stellopt-v251/local/libstell_dir -I/opt/homebrew/opt/netcdf-fortran/include -I/opt/homebrew/opt/netcdf/include  -I/opt/homebrew/opt/netcdf-fortran/include -I/opt/homebrew/opt/netcdf/include -I.. -c ../Sources/Modules/mpi_params.f
/opt/homebrew/opt/open-mpi/bin/mpif90 -fPIC -g -O2 -fexternal-blas -fbacktrace -std=legacy -fallow-argument-mismatch -I/private/tmp/fusion-native-clean-62xzhkrp/repo/external/stellopt-v251/local/libstell_dir -I/opt/homebrew/opt/netcdf-fortran/include -I/opt/homebrew/opt/netcdf/include  -I/opt/homebrew/opt/netcdf-fortran/include -I/opt/homebrew/opt/netcdf/include -I. -c ../Sources/Modules/safe_open_mod.f
/opt/homebrew/opt/open-mpi/bin/mpif90 -fPIC -g -O2 -fexternal-blas -fbacktrace -std=legacy -fallow-argument-mismatch -I/private/tmp/fusion-native-clean-62xzhkrp/repo/external/stellopt-v251/local/libstell_dir -I/opt/homebrew/opt/netcdf-fortran/include -I/opt/homebrew/opt/netcdf/include  -I/opt/homebrew/opt/netcdf-fortran/include -I/opt/homebrew/opt/netcdf/include -I. -c ../Sources/Modules/stel_kinds.f
/opt/homebrew/opt/open-mpi/bin/mpif90 -fPIC -g -O2 -fexternal-blas -fbacktrace -std=legacy -fallow-argument-mismatch -I/private/tmp/fusion-native-clean-62xzhkrp/repo/external/stellopt-v251/local/libstell_dir -I/opt/homebrew/opt/netcdf-fortran/include -I/opt/homebrew/opt/netcdf/include  -I/opt/homebrew/opt/netcdf-fortran/include -I/opt/homebrew/opt/netcdf/include -I. -c ../Sources/Modules/gade_mod.f
/usr/bin/cpp -traditional -DLINUX -DMPI_OPT -DNETCDF ../Sources/Optimization/MAP_LINEAR.f90
/opt/homebrew/opt/open-mpi/bin/mpif90 -ffree-form -ffree-line-length-none -ffixed-line-length-none -fPIC -g -O2 -fexternal-blas -fbacktrace -std=legacy -fallow-argument-mismatch -I/private/tmp/fusion-native-clean-62xzhkrp/repo/external/stellopt-v251/local/libstell_dir -I/opt/homebrew/opt/netcdf-fortran/include -I/opt/homebrew/opt/netcdf/include  -I/opt/homebrew/opt/netcdf-fortran/include -I/opt/homebrew/opt/netcdf/include -I..  -c ../Sources/Optimization/MAP_LINEAR.f90
MAP_LINEAR.c:151:30:

......
Warning: Type mismatch between actual argument at (1) and actual argument at (2) (INTEGER(4)/REAL(8)).
/opt/homebrew/opt/open-mpi/bin/mpif90 -fPIC -g -O2 -fexternal-blas -fbacktrace -std=legacy -fallow-argument-mismatch -I/private/tmp/fusion-native-clean-62xzhkrp/repo/external/stellopt-v251/local/libstell_dir -I/opt/homebrew/opt/netcdf-fortran/include -I/opt/homebrew/opt/netcdf/include  -I/opt/homebrew/opt/netcdf-fortran/include -I/opt/homebrew/opt/netcdf/include -I. -c ../Sources/FFTpack/fft991.f
/usr/bin/cpp -traditional -DLINUX -DMPI_OPT -DNETCDF ../Sources/FFTpack/fact.f
/opt/homebrew/opt/open-mpi/bin/mpif90 -fPIC -g -O2 -fexternal-blas -fbacktrace -std=legacy -fallow-argument-mismatch -I/private/tmp/fusion-native-clean-62xzhkrp/repo/external/stellopt-v251/local/libstell_dir -I/opt/homebrew/opt/netcdf-fortran/include -I/opt/homebrew/opt/netcdf/include  -I/opt/homebrew/opt/netcdf-fortran/include -I/opt/homebrew/opt/netcdf/include -I.. -c ../Sources/FFTpack/fact.f
/opt/homebrew/opt/open-mpi/bin/mpif90 -fPIC -g -O2 -fexternal-blas -fbacktrace -std=legacy -fallow-argument-mismatch -I/private/tmp/fusion-native-clean-62xzhkrp/repo/external/stellopt-v251/local/libstell_dir -I/opt/homebrew/opt/netcdf-fortran/include -I/opt/homebrew/opt/netcdf/include  -I/opt/homebrew/opt/netcdf-fortran/include -I/opt/homebrew/opt/netcdf/include -I. -c ../Sources/FFTpack/trigfact.f
/opt/homebrew/opt/open-mpi/bin/mpif90 -fPIC -g -O2 -fexternal-blas -fbacktrace -std=legacy -fallow-argument-mismatch -I/private/tmp/fusion-native-clean-62xzhkrp/repo/external/stellopt-v251/local/libstell_dir -I/opt/homebrew/opt/netcdf-fortran/include -I/opt/homebrew/opt/netcdf/include  -I/opt/homebrew/opt/netcdf-fortran/include -I/opt/homebrew/opt/netcdf/include -I. -c ../Sources/FFTpack/fax.f
/opt/homebrew/opt/open-mpi/bin/mpif90 -fPIC -g -O2 -fexternal-blas -fbacktrace -std=legacy -fallow-argument-mismatch -I/private/tmp/fusion-native-clean-62xzhkrp/repo/external/stellopt-v251/local/libstell_dir -I/opt/homebrew/opt/netcdf-fortran/include -I/opt/homebrew/opt/netcdf/include  -I/opt/homebrew/opt/netcdf-fortran/include -I/opt/homebrew/opt/netcdf/include -I. -c ../Sources/FFTpack/vpassm.f
/opt/homebrew/opt/open-mpi/bin/mpif90 -fPIC -g -O2 -fexternal-blas -fbacktrace -std=legacy -fallow-argument-mismatch -I/private/tmp/fusion-native-clean-62xzhkrp/repo/external/stellopt-v251/local/libstell_dir -I/opt/homebrew/opt/netcdf-fortran/include -I/opt/homebrew/opt/netcdf/include  -I/opt/homebrew/opt/netcdf-fortran/include -I/opt/homebrew/opt/netcdf/include -I. -c ../Sources/FFTpack/fmn_to_uv.f
/usr/bin/cpp -traditional -DLINUX -DMPI_OPT -DNETCDF ../Sources/FFTpack/fftrig.f
/opt/homebrew/opt/open-mpi/bin/mpif90 -fPIC -g -O2 -fexternal-blas -fbacktrace -std=legacy -fallow-argument-mismatch -I/private/tmp/fusion-native-clean-62xzhkrp/repo/external/stellopt-v251/local/libstell_dir -I/opt/homebrew/opt/netcdf-fortran/include -I/opt/homebrew/opt/netcdf/include  -I/opt/homebrew/opt/netcdf-fortran/include -I/opt/homebrew/opt/netcdf/include -I.. -c ../Sources/FFTpack/fftrig.f
/usr/bin/cpp -traditional -DLINUX -DMPI_OPT -DNETCDF ../Sources/FFTpack/cftfax.f
/opt/homebrew/opt/open-mpi/bin/mpif90 -fPIC -g -O2 -fexternal-blas -fbacktrace -std=legacy -fallow-argument-mismatch -I/private/tmp/fusion-native-clean-62xzhkrp/repo/external/stellopt-v251/local/libstell_dir -I/opt/homebrew/opt/netcdf-fortran/include -I/opt/homebrew/opt/netcdf/include  -I/opt/homebrew/opt/netcdf-fortran/include -I/opt/homebrew/opt/netcdf/include -I.. -c ../Sources/FFTpack/cftfax.f
/opt/homebrew/opt/open-mpi/bin/mpif90 -fPIC -g -O2 -fexternal-blas -fbacktrace -std=legacy -fallow-argument-mismatch -I/private/tmp/fusion-native-clean-62xzhkrp/repo/external/stellopt-v251/local/libstell_dir -I/opt/homebrew/opt/netcdf-fortran/include -I/opt/homebrew/opt/netcdf/include  -I/opt/homebrew/opt/netcdf-fortran/include -I/opt/homebrew/opt/netcdf/include -I. -c ../Sources/FFTpack/fft99a.f
/opt/homebrew/opt/open-mpi/bin/mpif90 -fPIC -g -O2 -fexternal-blas -fbacktrace -std=legacy -fallow-argument-mismatch -I/private/tmp/fusion-native-clean-62xzhkrp/repo/external/stellopt-v251/local/libstell_dir -I/opt/homebrew/opt/netcdf-fortran/include -I/opt/homebrew/opt/netcdf/include  -I/opt/homebrew/opt/netcdf-fortran/include -I/opt/homebrew/opt/netcdf/include -I. -c ../Sources/FFTpack/cfft99.f
/opt/homebrew/opt/open-mpi/bin/mpif90 -fPIC -g -O2 -fexternal-blas -fbacktrace -std=legacy -fallow-argument-mismatch -I/private/tmp/fusion-native-clean-62xzhkrp/repo/external/stellopt-v251/local/libstell_dir -I/opt/homebrew/opt/netcdf-fortran/include -I/opt/homebrew/opt/netcdf/include  -I/opt/homebrew/opt/netcdf-fortran/include -I/opt/homebrew/opt/netcdf/include -I. -c ../Sources/FFTpack/fft99b.f
/usr/bin/cpp -traditional -DLINUX -DMPI_OPT -DNETCDF ../Sources/FFTpack/cftrig.f
/opt/homebrew/opt/open-mpi/bin/mpif90 -fPIC -g -O2 -fexternal-blas -fbacktrace -std=legacy -fallow-argument-mismatch -I/private/tmp/fusion-native-clean-62xzhkrp/repo/external/stellopt-v251/local/libstell_dir -I/opt/homebrew/opt/netcdf-fortran/include -I/opt/homebrew/opt/netcdf/include  -I/opt/homebrew/opt/netcdf-fortran/include -I/opt/homebrew/opt/netcdf/include -I.. -c ../Sources/FFTpack/cftrig.f
/usr/bin/cpp -traditional -DLINUX -DMPI_OPT -DNETCDF ../Sources/FFTpack/fftfax.f
/opt/homebrew/opt/open-mpi/bin/mpif90 -fPIC -g -O2 -fexternal-blas -fbacktrace -std=legacy -fallow-argument-mismatch -I/private/tmp/fusion-native-clean-62xzhkrp/repo/external/stellopt-v251/local/libstell_dir -I/opt/homebrew/opt/netcdf-fortran/include -I/opt/homebrew/opt/netcdf/include  -I/opt/homebrew/opt/netcdf-fortran/include -I/opt/homebrew/opt/netcdf/include -I.. -c ../Sources/FFTpack/fftfax.f
/opt/homebrew/opt/open-mpi/bin/mpif90 -fPIC -g -O2 -fexternal-blas -fbacktrace -std=legacy -fallow-argument-mismatch -I/private/tmp/fusion-native-clean-62xzhkrp/repo/external/stellopt-v251/local/libstell_dir -I/opt/homebrew/opt/netcdf-fortran/include -I/opt/homebrew/opt/netcdf/include  -I/opt/homebrew/opt/netcdf-fortran/include -I/opt/homebrew/opt/netcdf/include -I. -c ../Sources/FFTpack/fft99.f
/opt/homebrew/opt/open-mpi/bin/mpif90 -fPIC -g -O2 -fexternal-blas -fbacktrace -std=legacy -fallow-argument-mismatch -I/private/tmp/fusion-native-clean-62xzhkrp/repo/external/stellopt-v251/local/libstell_dir -I/opt/homebrew/opt/netcdf-fortran/include -I/opt/homebrew/opt/netcdf/include  -I/opt/homebrew/opt/netcdf-fortran/include -I/opt/homebrew/opt/netcdf/include -I. -c ../Sources/Modules/stel_constants.f
/opt/homebrew/opt/open-mpi/bin/mpif90 -fPIC -g -O2 -fexternal-blas -fbacktrace -std=legacy -fallow-argument-mismatch -I/private/tmp/fusion-native-clean-62xzhkrp/repo/external/stellopt-v251/local/libstell_dir -I/opt/homebrew/opt/netcdf-fortran/include -I/opt/homebrew/opt/netcdf/include  -I/opt/homebrew/opt/netcdf-fortran/include -I/opt/homebrew/opt/netcdf/include -I. -c ../Sources/Modules/vcoilpts.f
/opt/homebrew/opt/open-mpi/bin/mpif90 -fPIC -g -O2 -fexternal-blas -fbacktrace -std=legacy -fallow-argument-mismatch -I/private/tmp/fusion-native-clean-62xzhkrp/repo/external/stellopt-v251/local/libstell_dir -I/opt/homebrew/opt/netcdf-fortran/include -I/opt/homebrew/opt/netcdf/include  -I/opt/homebrew/opt/netcdf-fortran/include -I/opt/homebrew/opt/netcdf/include -I. -c ../Sources/Modules/vf_coils.f
/opt/homebrew/opt/open-mpi/bin/mpif90 -fPIC -g -O2 -fexternal-blas -fbacktrace -std=legacy -fallow-argument-mismatch -I/private/tmp/fusion-native-clean-62xzhkrp/repo/external/stellopt-v251/local/libstell_dir -I/opt/homebrew/opt/netcdf-fortran/include -I/opt/homebrew/opt/netcdf/include  -I/opt/homebrew/opt/netcdf-fortran/include -I/opt/homebrew/opt/netcdf/include -I. -c ../Sources/Coils/init_vf_coils.f
/opt/homebrew/opt/open-mpi/bin/mpif90 -fPIC -g -O2 -fexternal-blas -fbacktrace -std=legacy -fallow-argument-mismatch -I/private/tmp/fusion-native-clean-62xzhkrp/repo/external/stellopt-v251/local/libstell_dir -I/opt/homebrew/opt/netcdf-fortran/include -I/opt/homebrew/opt/netcdf/include  -I/opt/homebrew/opt/netcdf-fortran/include -I/opt/homebrew/opt/netcdf/include -I. -c ../Sources/Modules/modular_coils.f
/opt/homebrew/opt/open-mpi/bin/mpif90 -fPIC -g -O2 -fexternal-blas -fbacktrace -std=legacy -fallow-argument-mismatch -I/private/tmp/fusion-native-clean-62xzhkrp/repo/external/stellopt-v251/local/libstell_dir -I/opt/homebrew/opt/netcdf-fortran/include -I/opt/homebrew/opt/netcdf/include  -I/opt/homebrew/opt/netcdf-fortran/include -I/opt/homebrew/opt/netcdf/include -I. -c ../Sources/Coils/load_modular_currents.f
/opt/homebrew/opt/open-mpi/bin/mpif90 -fPIC -g -O2 -fexternal-blas -fbacktrace -std=legacy -fallow-argument-mismatch -I/private/tmp/fusion-native-clean-62xzhkrp/repo/external/stellopt-v251/local/libstell_dir -I/opt/homebrew/opt/netcdf-fortran/include -I/opt/homebrew/opt/netcdf/include  -I/opt/homebrew/opt/netcdf-fortran/include -I/opt/homebrew/opt/netcdf/include -I. -c ../Sources/Modules/saddle_coils.f
/opt/homebrew/opt/open-mpi/bin/mpif90 -fPIC -g -O2 -fexternal-blas -fbacktrace -std=legacy -fallow-argument-mismatch -I/private/tmp/fusion-native-clean-62xzhkrp/repo/external/stellopt-v251/local/libstell_dir -I/opt/homebrew/opt/netcdf-fortran/include -I/opt/homebrew/opt/netcdf/include  -I/opt/homebrew/opt/netcdf-fortran/include -I/opt/homebrew/opt/netcdf/include -I. -c ../Sources/Coils/load_saddle_currents.f
/opt/homebrew/opt/open-mpi/bin/mpif90 -fPIC -g -O2 -fexternal-blas -fbacktrace -std=legacy -fallow-argument-mismatch -I/private/tmp/fusion-native-clean-62xzhkrp/repo/external/stellopt-v251/local/libstell_dir -I/opt/homebrew/opt/netcdf-fortran/include -I/opt/homebrew/opt/netcdf/include  -I/opt/homebrew/opt/netcdf-fortran/include -I/opt/homebrew/opt/netcdf/include -I. -c ../Sources/Modules/tf_coils.f
/opt/homebrew/opt/open-mpi/bin/mpif90 -fPIC -g -O2 -fexternal-blas -fbacktrace -std=legacy -fallow-argument-mismatch -I/private/tmp/fusion-native-clean-62xzhkrp/repo/external/stellopt-v251/local/libstell_dir -I/opt/homebrew/opt/netcdf-fortran/include -I/opt/homebrew/opt/netcdf/include  -I/opt/homebrew/opt/netcdf-fortran/include -I/opt/homebrew/opt/netcdf/include -I. -c ../Sources/Coils/load_modular_coils.f
/opt/homebrew/opt/open-mpi/bin/mpif90 -fPIC -g -O2 -fexternal-blas -fbacktrace -std=legacy -fallow-argument-mismatch -I/private/tmp/fusion-native-clean-62xzhkrp/repo/external/stellopt-v251/local/libstell_dir -I/opt/homebrew/opt/netcdf-fortran/include -I/opt/homebrew/opt/netcdf/include  -I/opt/homebrew/opt/netcdf-fortran/include -I/opt/homebrew/opt/netcdf/include -I. -c ../Sources/Modules/saddle_surface.f
/opt/homebrew/opt/open-mpi/bin/mpif90 -fPIC -g -O2 -fexternal-blas -fbacktrace -std=legacy -fallow-argument-mismatch -I/private/tmp/fusion-native-clean-62xzhkrp/repo/external/stellopt-v251/local/libstell_dir -I/opt/homebrew/opt/netcdf-fortran/include -I/opt/homebrew/opt/netcdf/include  -I/opt/homebrew/opt/netcdf-fortran/include -I/opt/homebrew/opt/netcdf/include -I. -c ../Sources/Coils/load_saddle_wsurf.f
/opt/homebrew/opt/open-mpi/bin/mpif90 -fPIC -g -O2 -fexternal-blas -fbacktrace -std=legacy -fallow-argument-mismatch -I/private/tmp/fusion-native-clean-62xzhkrp/repo/external/stellopt-v251/local/libstell_dir -I/opt/homebrew/opt/netcdf-fortran/include -I/opt/homebrew/opt/netcdf/include  -I/opt/homebrew/opt/netcdf-fortran/include -I/opt/homebrew/opt/netcdf/include -I. -c ../Sources/Coils/init_modular_wsurf.f
/opt/homebrew/opt/open-mpi/bin/mpif90 -fPIC -g -O2 -fexternal-blas -fbacktrace -std=legacy -fallow-argument-mismatch -I/private/tmp/fusion-native-clean-62xzhkrp/repo/external/stellopt-v251/local/libstell_dir -I/opt/homebrew/opt/netcdf-fortran/include -I/opt/homebrew/opt/netcdf/include  -I/opt/homebrew/opt/netcdf-fortran/include -I/opt/homebrew/opt/netcdf/include -I. -c ../Sources/Coils/load_vf_coils.f
/opt/homebrew/opt/open-mpi/bin/mpif90 -fPIC -g -O2 -fexternal-blas -fbacktrace -std=legacy -fallow-argument-mismatch -I/private/tmp/fusion-native-clean-62xzhkrp/repo/external/stellopt-v251/local/libstell_dir -I/opt/homebrew/opt/netcdf-fortran/include -I/opt/homebrew/opt/netcdf/include  -I/opt/homebrew/opt/netcdf-fortran/include -I/opt/homebrew/opt/netcdf/include -I. -c ../Sources/Coils/init_saddle_wsurf.f
/opt/homebrew/opt/open-mpi/bin/mpif90 -fPIC -g -O2 -fexternal-blas -fbacktrace -std=legacy -fallow-argument-mismatch -I/private/tmp/fusion-native-clean-62xzhkrp/repo/external/stellopt-v251/local/libstell_dir -I/opt/homebrew/opt/netcdf-fortran/include -I/opt/homebrew/opt/netcdf/include  -I/opt/homebrew/opt/netcdf-fortran/include -I/opt/homebrew/opt/netcdf/include -I. -c ../Sources/Modules/bcoils_mod.f
/opt/homebrew/opt/open-mpi/bin/mpif90 -fPIC -g -O2 -fexternal-blas -fbacktrace -std=legacy -fallow-argument-mismatch -I/private/tmp/fusion-native-clean-62xzhkrp/repo/external/stellopt-v251/local/libstell_dir -I/opt/homebrew/opt/netcdf-fortran/include -I/opt/homebrew/opt/netcdf/include  -I/opt/homebrew/opt/netcdf-fortran/include -I/opt/homebrew/opt/netcdf/include -I. -c ../Sources/Modules/bnorm_mod.f
/opt/homebrew/opt/open-mpi/bin/mpif90 -fPIC -g -O2 -fexternal-blas -fbacktrace -std=legacy -fallow-argument-mismatch -I/private/tmp/fusion-native-clean-62xzhkrp/repo/external/stellopt-v251/local/libstell_dir -I/opt/homebrew/opt/netcdf-fortran/include -I/opt/homebrew/opt/netcdf/include  -I/opt/homebrew/opt/netcdf-fortran/include -I/opt/homebrew/opt/netcdf/include -I. -c ../Sources/Modules/control_mod.f
/opt/homebrew/opt/open-mpi/bin/mpif90 -fPIC -g -O2 -fexternal-blas -fbacktrace -std=legacy -fallow-argument-mismatch -I/private/tmp/fusion-native-clean-62xzhkrp/repo/external/stellopt-v251/local/libstell_dir -I/opt/homebrew/opt/netcdf-fortran/include -I/opt/homebrew/opt/netcdf/include  -I/opt/homebrew/opt/netcdf-fortran/include -I/opt/homebrew/opt/netcdf/include -I. -c ../Sources/Modules/coilsnamin.f
/opt/homebrew/opt/open-mpi/bin/mpif90 -fPIC -g -O2 -fexternal-blas -fbacktrace -std=legacy -fallow-argument-mismatch -I/private/tmp/fusion-native-clean-62xzhkrp/repo/external/stellopt-v251/local/libstell_dir -I/opt/homebrew/opt/netcdf-fortran/include -I/opt/homebrew/opt/netcdf/include  -I/opt/homebrew/opt/netcdf-fortran/include -I/opt/homebrew/opt/netcdf/include -I. -c ../Sources/Modules/write_array_generic.f
/opt/homebrew/opt/open-mpi/bin/mpif90 -fPIC -g -O2 -fexternal-blas -fbacktrace -std=legacy -fallow-argument-mismatch -I/private/tmp/fusion-native-clean-62xzhkrp/repo/external/stellopt-v251/local/libstell_dir -I/opt/homebrew/opt/netcdf-fortran/include -I/opt/homebrew/opt/netcdf/include  -I/opt/homebrew/opt/netcdf-fortran/include -I/opt/homebrew/opt/netcdf/include -I. -c ../Sources/Coils/write_coilsin.f
/opt/homebrew/opt/open-mpi/bin/mpif90 -fPIC -g -O2 -fexternal-blas -fbacktrace -std=legacy -fallow-argument-mismatch -I/private/tmp/fusion-native-clean-62xzhkrp/repo/external/stellopt-v251/local/libstell_dir -I/opt/homebrew/opt/netcdf-fortran/include -I/opt/homebrew/opt/netcdf/include  -I/opt/homebrew/opt/netcdf-fortran/include -I/opt/homebrew/opt/netcdf/include -I. -c ../Sources/Coils/initialize_coilsin.f
/opt/homebrew/opt/open-mpi/bin/mpif90 -fPIC -g -O2 -fexternal-blas -fbacktrace -std=legacy -fallow-argument-mismatch -I/private/tmp/fusion-native-clean-62xzhkrp/repo/external/stellopt-v251/local/libstell_dir -I/opt/homebrew/opt/netcdf-fortran/include -I/opt/homebrew/opt/netcdf/include  -I/opt/homebrew/opt/netcdf-fortran/include -I/opt/homebrew/opt/netcdf/include -I. -c ../Sources/Coils/init_modular_currents.f
/opt/homebrew/opt/open-mpi/bin/mpif90 -fPIC -g -O2 -fexternal-blas -fbacktrace -std=legacy -fallow-argument-mismatch -I/private/tmp/fusion-native-clean-62xzhkrp/repo/external/stellopt-v251/local/libstell_dir -I/opt/homebrew/opt/netcdf-fortran/include -I/opt/homebrew/opt/netcdf/include  -I/opt/homebrew/opt/netcdf-fortran/include -I/opt/homebrew/opt/netcdf/include -I. -c ../Sources/Modules/bsc_T.f
/opt/homebrew/opt/open-mpi/bin/mpif90 -fPIC -g -O2 -fexternal-blas -fbacktrace -std=legacy -fallow-argument-mismatch -I/private/tmp/fusion-native-clean-62xzhkrp/repo/external/stellopt-v251/local/libstell_dir -I/opt/homebrew/opt/netcdf-fortran/include -I/opt/homebrew/opt/netcdf/include  -I/opt/homebrew/opt/netcdf-fortran/include -I/opt/homebrew/opt/netcdf/include -I. -c ../Sources/Modules/biotsavart.f
/opt/homebrew/opt/open-mpi/bin/mpif90 -fPIC -g -O2 -fexternal-blas -fbacktrace -std=legacy -fallow-argument-mismatch -I/private/tmp/fusion-native-clean-62xzhkrp/repo/external/stellopt-v251/local/libstell_dir -I/opt/homebrew/opt/netcdf-fortran/include -I/opt/homebrew/opt/netcdf/include  -I/opt/homebrew/opt/netcdf-fortran/include -I/opt/homebrew/opt/netcdf/include -I. -c ../Sources/Coils/init_bg_currents.f
/opt/homebrew/opt/open-mpi/bin/mpif90 -fPIC -g -O2 -fexternal-blas -fbacktrace -std=legacy -fallow-argument-mismatch -I/private/tmp/fusion-native-clean-62xzhkrp/repo/external/stellopt-v251/local/libstell_dir -I/opt/homebrew/opt/netcdf-fortran/include -I/opt/homebrew/opt/netcdf/include  -I/opt/homebrew/opt/netcdf-fortran/include -I/opt/homebrew/opt/netcdf/include -I. -c ../Sources/Coils/load_bg_currents.f
/opt/homebrew/opt/open-mpi/bin/mpif90 -fPIC -g -O2 -fexternal-blas -fbacktrace -std=legacy -fallow-argument-mismatch -I/private/tmp/fusion-native-clean-62xzhkrp/repo/external/stellopt-v251/local/libstell_dir -I/opt/homebrew/opt/netcdf-fortran/include -I/opt/homebrew/opt/netcdf/include  -I/opt/homebrew/opt/netcdf-fortran/include -I/opt/homebrew/opt/netcdf/include -I. -c ../Sources/Coils/init_tf_coils.f
/opt/homebrew/opt/open-mpi/bin/mpif90 -fPIC -g -O2 -fexternal-blas -fbacktrace -std=legacy -fallow-argument-mismatch -I/private/tmp/fusion-native-clean-62xzhkrp/repo/external/stellopt-v251/local/libstell_dir -I/opt/homebrew/opt/netcdf-fortran/include -I/opt/homebrew/opt/netcdf/include  -I/opt/homebrew/opt/netcdf-fortran/include -I/opt/homebrew/opt/netcdf/include -I. -c ../Sources/Coils/load_modular_wsurf.f
/opt/homebrew/opt/open-mpi/bin/mpif90 -fPIC -g -O2 -fexternal-blas -fbacktrace -std=legacy -fallow-argument-mismatch -I/private/tmp/fusion-native-clean-62xzhkrp/repo/external/stellopt-v251/local/libstell_dir -I/opt/homebrew/opt/netcdf-fortran/include -I/opt/homebrew/opt/netcdf/include  -I/opt/homebrew/opt/netcdf-fortran/include -I/opt/homebrew/opt/netcdf/include -I. -c ../Sources/Coils/init_modular_coils.f
/opt/homebrew/opt/open-mpi/bin/mpif90 -fPIC -g -O2 -fexternal-blas -fbacktrace -std=legacy -fallow-argument-mismatch -I/private/tmp/fusion-native-clean-62xzhkrp/repo/external/stellopt-v251/local/libstell_dir -I/opt/homebrew/opt/netcdf-fortran/include -I/opt/homebrew/opt/netcdf/include  -I/opt/homebrew/opt/netcdf-fortran/include -I/opt/homebrew/opt/netcdf/include -I. -c ../Sources/Coils/load_saddle_coils.f
/opt/homebrew/opt/open-mpi/bin/mpif90 -fPIC -g -O2 -fexternal-blas -fbacktrace -std=legacy -fallow-argument-mismatch -I/private/tmp/fusion-native-clean-62xzhkrp/repo/external/stellopt-v251/local/libstell_dir -I/opt/homebrew/opt/netcdf-fortran/include -I/opt/homebrew/opt/netcdf/include  -I/opt/homebrew/opt/netcdf-fortran/include -I/opt/homebrew/opt/netcdf/include -I. -c ../Sources/Coils/init_saddle_currents.f
/opt/homebrew/opt/open-mpi/bin/mpif90 -fPIC -g -O2 -fexternal-blas -fbacktrace -std=legacy -fallow-argument-mismatch -I/private/tmp/fusion-native-clean-62xzhkrp/repo/external/stellopt-v251/local/libstell_dir -I/opt/homebrew/opt/netcdf-fortran/include -I/opt/homebrew/opt/netcdf/include  -I/opt/homebrew/opt/netcdf-fortran/include -I/opt/homebrew/opt/netcdf/include -I. -c ../Sources/Coils/load_vf_currents.f
/opt/homebrew/opt/open-mpi/bin/mpif90 -fPIC -g -O2 -fexternal-blas -fbacktrace -std=legacy -fallow-argument-mismatch -I/private/tmp/fusion-native-clean-62xzhkrp/repo/external/stellopt-v251/local/libstell_dir -I/opt/homebrew/opt/netcdf-fortran/include -I/opt/homebrew/opt/netcdf/include  -I/opt/homebrew/opt/netcdf-fortran/include -I/opt/homebrew/opt/netcdf/include -I. -c ../Sources/Coils/init_vf_currents.f
/opt/homebrew/opt/open-mpi/bin/mpif90 -fPIC -g -O2 -fexternal-blas -fbacktrace -std=legacy -fallow-argument-mismatch -I/private/tmp/fusion-native-clean-62xzhkrp/repo/external/stellopt-v251/local/libstell_dir -I/opt/homebrew/opt/netcdf-fortran/include -I/opt/homebrew/opt/netcdf/include  -I/opt/homebrew/opt/netcdf-fortran/include -I/opt/homebrew/opt/netcdf/include -I. -c ../Sources/Coils/load_tf_coils.f
/opt/homebrew/opt/open-mpi/bin/mpif90 -fPIC -g -O2 -fexternal-blas -fbacktrace -std=legacy -fallow-argument-mismatch -I/private/tmp/fusion-native-clean-62xzhkrp/repo/external/stellopt-v251/local/libstell_dir -I/opt/homebrew/opt/netcdf-fortran/include -I/opt/homebrew/opt/netcdf/include  -I/opt/homebrew/opt/netcdf-fortran/include -I/opt/homebrew/opt/netcdf/include -I. -c ../Sources/Coils/init_saddle_coils.f
/opt/homebrew/opt/open-mpi/bin/mpif90 -fPIC -g -O2 -fexternal-blas -fbacktrace -std=legacy -fallow-argument-mismatch -I/private/tmp/fusion-native-clean-62xzhkrp/repo/external/stellopt-v251/local/libstell_dir -I/opt/homebrew/opt/netcdf-fortran/include -I/opt/homebrew/opt/netcdf/include  -I/opt/homebrew/opt/netcdf-fortran/include -I/opt/homebrew/opt/netcdf/include -I. -c ../Sources/Modules/bootsj_input.f
/opt/homebrew/opt/open-mpi/bin/mpif90 -fPIC -g -O2 -fexternal-blas -fbacktrace -std=legacy -fallow-argument-mismatch -I/private/tmp/fusion-native-clean-62xzhkrp/repo/external/stellopt-v251/local/libstell_dir -I/opt/homebrew/opt/netcdf-fortran/include -I/opt/homebrew/opt/netcdf/include  -I/opt/homebrew/opt/netcdf-fortran/include -I/opt/homebrew/opt/netcdf/include -I. -c ../Sources/Modules/v3_utilities.f
/opt/homebrew/opt/open-mpi/bin/mpif90 -fPIC -g -O2 -fexternal-blas -fbacktrace -std=legacy -fallow-argument-mismatch -I/private/tmp/fusion-native-clean-62xzhkrp/repo/external/stellopt-v251/local/libstell_dir -I/opt/homebrew/opt/netcdf-fortran/include -I/opt/homebrew/opt/netcdf/include  -I/opt/homebrew/opt/netcdf-fortran/include -I/opt/homebrew/opt/netcdf/include -I. -c ../Sources/Modules/mddc_T.f
/opt/homebrew/opt/open-mpi/bin/mpif90 -fPIC -g -O2 -fexternal-blas -fbacktrace -std=legacy -fallow-argument-mismatch -I/private/tmp/fusion-native-clean-62xzhkrp/repo/external/stellopt-v251/local/libstell_dir -I/opt/homebrew/opt/netcdf-fortran/include -I/opt/homebrew/opt/netcdf/include  -I/opt/homebrew/opt/netcdf-fortran/include -I/opt/homebrew/opt/netcdf/include -I. -c ../Sources/Modules/sxrch_T.f
/opt/homebrew/opt/open-mpi/bin/mpif90 -fPIC -g -O2 -fexternal-blas -fbacktrace -std=legacy -fallow-argument-mismatch -I/private/tmp/fusion-native-clean-62xzhkrp/repo/external/stellopt-v251/local/libstell_dir -I/opt/homebrew/opt/netcdf-fortran/include -I/opt/homebrew/opt/netcdf/include  -I/opt/homebrew/opt/netcdf-fortran/include -I/opt/homebrew/opt/netcdf/include -I. -c ../Sources/Modules/ipch_T.f
/opt/homebrew/opt/open-mpi/bin/mpif90 -fPIC -g -O2 -fexternal-blas -fbacktrace -std=legacy -fallow-argument-mismatch -I/private/tmp/fusion-native-clean-62xzhkrp/repo/external/stellopt-v251/local/libstell_dir -I/opt/homebrew/opt/netcdf-fortran/include -I/opt/homebrew/opt/netcdf/include  -I/opt/homebrew/opt/netcdf-fortran/include -I/opt/homebrew/opt/netcdf/include -I. -c ../Sources/Modules/thscte_T.f
/opt/homebrew/opt/open-mpi/bin/mpif90 -fPIC -g -O2 -fexternal-blas -fbacktrace -std=legacy -fallow-argument-mismatch -I/private/tmp/fusion-native-clean-62xzhkrp/repo/external/stellopt-v251/local/libstell_dir -I/opt/homebrew/opt/netcdf-fortran/include -I/opt/homebrew/opt/netcdf/include  -I/opt/homebrew/opt/netcdf-fortran/include -I/opt/homebrew/opt/netcdf/include -I. -c ../Sources/Modules/extcurz_T.f
/opt/homebrew/opt/open-mpi/bin/mpif90 -fPIC -g -O2 -fexternal-blas -fbacktrace -std=legacy -fallow-argument-mismatch -I/private/tmp/fusion-native-clean-62xzhkrp/repo/external/stellopt-v251/local/libstell_dir -I/opt/homebrew/opt/netcdf-fortran/include -I/opt/homebrew/opt/netcdf/include  -I/opt/homebrew/opt/netcdf-fortran/include -I/opt/homebrew/opt/netcdf/include -I. -c ../Sources/Modules/diagnostic_T.f
/opt/homebrew/opt/open-mpi/bin/mpif90 -fPIC -g -O2 -fexternal-blas -fbacktrace -std=legacy -fallow-argument-mismatch -I/private/tmp/fusion-native-clean-62xzhkrp/repo/external/stellopt-v251/local/libstell_dir -I/opt/homebrew/opt/netcdf-fortran/include -I/opt/homebrew/opt/netcdf/include  -I/opt/homebrew/opt/netcdf-fortran/include -I/opt/homebrew/opt/netcdf/include -I. -c ../Sources/Modules/fftpack.f
/usr/bin/cpp -traditional -DLINUX -DMPI_OPT -DNETCDF ../Sources/Ezcdf/ezcdf_inqvar.f90
ezcdf_inqvar.c:142:14: warning: missing terminating '"' character [-Winvalid-pp-token]
  142 |        print "('% cdfgv: --E-- The variable ',a,                      &
      |              ^
ezcdf_inqvar.c:143:43: warning: missing terminating '"' character [-Winvalid-pp-token]
  143 |             &         ' is 3 dimensional')",varnam
      |                                           ^
ezcdf_inqvar.c:146:14: warning: missing terminating '"' character [-Winvalid-pp-token]
  146 |        print "('% cdfgv: --E-- The variable ',a,                      &
      |              ^
ezcdf_inqvar.c:147:43: warning: missing terminating '"' character [-Winvalid-pp-token]
  147 |             &         ' is 2 dimensional')",varnam
      |                                           ^
ezcdf_inqvar.c:151:14: warning: missing terminating '"' character [-Winvalid-pp-token]
  151 |        print "('% cdfgv: --E-- The variable ',a,                      &
      |              ^
ezcdf_inqvar.c:152:40: warning: missing terminating '"' character [-Winvalid-pp-token]
  152 |             &           ' is a Scalar')",varnam
      |                                        ^
ezcdf_inqvar.c:155:14: warning: missing terminating '"' character [-Winvalid-pp-token]
  155 |        print "('% cdfgv: --E-- The variable ',a,                      &
      |              ^
ezcdf_inqvar.c:156:45: warning: missing terminating '"' character [-Winvalid-pp-token]
  156 |             &           ' is 1 dimensional')",                                 &
      |                                             ^
ezcdf_inqvar.c:203:17: warning: missing terminating '"' character [-Winvalid-pp-token]
  203 |           print "('% cdfgv: --W-- Output array size =',I6,/           &
      |                 ^
ezcdf_inqvar.c:206:73: warning: missing terminating '"' character [-Winvalid-pp-token]
  206 |                &           '                output will be truncated !')",        &
      |                                                                         ^
ezcdf_inqvar.c:211:17: warning: missing terminating '"' character [-Winvalid-pp-token]
  211 |           print "('% cdfgv: --W-- Output array size =',I6,' *',I6,/      &
      |                 ^
ezcdf_inqvar.c:214:73: warning: missing terminating '"' character [-Winvalid-pp-token]
  214 |                &           '                output will be truncated !')",        &
      |                                                                         ^
ezcdf_inqvar.c:220:17: warning: missing terminating '"' character [-Winvalid-pp-token]
  220 |           print "('% cdfgv: --W-- Output array size =',                  &
      |                 ^
ezcdf_inqvar.c:224:73: warning: missing terminating '"' character [-Winvalid-pp-token]
  224 |                &           '                output will be truncated !')",        &
      |                                                                         ^
14 warnings generated.
/opt/homebrew/opt/open-mpi/bin/mpif90 -ffree-form -ffree-line-length-none -ffixed-line-length-none -fPIC -g -O2 -fexternal-blas -fbacktrace -std=legacy -fallow-argument-mismatch -I/private/tmp/fusion-native-clean-62xzhkrp/repo/external/stellopt-v251/local/libstell_dir -I/opt/homebrew/opt/netcdf-fortran/include -I/opt/homebrew/opt/netcdf/include  -I/opt/homebrew/opt/netcdf-fortran/include -I/opt/homebrew/opt/netcdf/include -I..  -c ../Sources/Ezcdf/ezcdf_inqvar.f90
/usr/bin/cpp -traditional -DLINUX -DMPI_OPT -DNETCDF ../Sources/Ezcdf/ezcdf_attrib.f90
/opt/homebrew/opt/open-mpi/bin/mpif90 -ffree-form -ffree-line-length-none -ffixed-line-length-none -fPIC -g -O2 -fexternal-blas -fbacktrace -std=legacy -fallow-argument-mismatch -I/private/tmp/fusion-native-clean-62xzhkrp/repo/external/stellopt-v251/local/libstell_dir -I/opt/homebrew/opt/netcdf-fortran/include -I/opt/homebrew/opt/netcdf/include  -I/opt/homebrew/opt/netcdf-fortran/include -I/opt/homebrew/opt/netcdf/include -I..  -c ../Sources/Ezcdf/ezcdf_attrib.f90
/usr/bin/cpp -traditional -DLINUX -DMPI_OPT -DNETCDF ../Sources/Ezcdf/ezcdf_opncls.f90
/opt/homebrew/opt/open-mpi/bin/mpif90 -ffree-form -ffree-line-length-none -ffixed-line-length-none -fPIC -g -O2 -fexternal-blas -fbacktrace -std=legacy -fallow-argument-mismatch -I/private/tmp/fusion-native-clean-62xzhkrp/repo/external/stellopt-v251/local/libstell_dir -I/opt/homebrew/opt/netcdf-fortran/include -I/opt/homebrew/opt/netcdf/include  -I/opt/homebrew/opt/netcdf-fortran/include -I/opt/homebrew/opt/netcdf/include -I..  -c ../Sources/Ezcdf/ezcdf_opncls.f90
/usr/bin/cpp -traditional -DLINUX -DMPI_OPT -DNETCDF ../Sources/Ezcdf/ezcdf_GenGet.f90
/opt/homebrew/opt/open-mpi/bin/mpif90 -ffree-form -ffree-line-length-none -ffixed-line-length-none -fPIC -g -O2 -fexternal-blas -fbacktrace -std=legacy -fallow-argument-mismatch -I/private/tmp/fusion-native-clean-62xzhkrp/repo/external/stellopt-v251/local/libstell_dir -I/opt/homebrew/opt/netcdf-fortran/include -I/opt/homebrew/opt/netcdf/include  -I/opt/homebrew/opt/netcdf-fortran/include -I/opt/homebrew/opt/netcdf/include -I..  -c ../Sources/Ezcdf/ezcdf_GenGet.f90
ezcdf_GenGet.c:1004:38:

......
Warning: Type mismatch between actual argument at (1) and actual argument at (2) (REAL(4)/COMPLEX(4)).
ezcdf_GenGet.c:961:40:

......
Warning: Type mismatch between actual argument at (1) and actual argument at (2) (REAL(8)/COMPLEX(8)).
ezcdf_GenGet.c:875:38:

......
Warning: Rank mismatch between actual argument at (1) and actual argument at (2) (scalar and rank-1)
ezcdf_GenGet.c:831:40:

......
Warning: Rank mismatch between actual argument at (1) and actual argument at (2) (scalar and rank-1)
ezcdf_GenGet.c:759:37:

......
Warning: Rank mismatch between actual argument at (1) and actual argument at (2) (scalar and rank-1)
ezcdf_GenGet.c:674:43:

......
Warning: Rank mismatch between actual argument at (1) and actual argument at (2) (scalar and rank-2)
ezcdf_GenGet.c:559:45:

......
Warning: Rank mismatch between actual argument at (1) and actual argument at (2) (scalar and rank-2)
ezcdf_GenGet.c:418:42:

......
Warning: Rank mismatch between actual argument at (1) and actual argument at (2) (scalar and rank-2)
ezcdf_GenGet.c:425:42:

......
Warning: Rank mismatch between actual argument at (1) and actual argument at (2) (scalar and rank-2)
ezcdf_GenGet.c:352:43:

......
Warning: Rank mismatch between actual argument at (1) and actual argument at (2) (scalar and rank-3)
ezcdf_GenGet.c:226:45:

......
Warning: Rank mismatch between actual argument at (1) and actual argument at (2) (scalar and rank-3)
ezcdf_GenGet.c:73:42:

......
Warning: Rank mismatch between actual argument at (1) and actual argument at (2) (scalar and rank-3)
ezcdf_GenGet.c:80:42:

......
Warning: Rank mismatch between actual argument at (1) and actual argument at (2) (scalar and rank-3)
/usr/bin/cpp -traditional -DLINUX -DMPI_OPT -DNETCDF ../Sources/Ezcdf/ezcdf_GenPut.f90
ezcdf_GenPut.c:89:14: warning: missing terminating '"' character [-Winvalid-pp-token]
   89 |        print "('% cdfPutVar_3i: --E-- The variable ',a,               &
      |              ^
ezcdf_GenPut.c:90:59: warning: missing terminating '"' character [-Winvalid-pp-token]
   90 |             &         ' was defined as',i2,' dimensional')",varnam,ndims
      |                                                           ^
ezcdf_GenPut.c:147:14: warning: missing terminating '"' character [-Winvalid-pp-token]
  147 |        print "('% cdfPutVar_3d: --E-- The variable ',a,               &
      |              ^
ezcdf_GenPut.c:148:59: warning: missing terminating '"' character [-Winvalid-pp-token]
  148 |             &         ' was defined as',i2,' dimensional')",varnam,ndims
      |                                                           ^
ezcdf_GenPut.c:176:14: warning: missing terminating '"' character [-Winvalid-pp-token]
  176 |        print "('% cdfPutVar_3c16: --E-- The variable ',a,               &
      |              ^
ezcdf_GenPut.c:177:59: warning: missing terminating '"' character [-Winvalid-pp-token]
  177 |             &         ' was defined as',i2,' dimensional')",varnam,ndims
      |                                                           ^
ezcdf_GenPut.c:204:14: warning: missing terminating '"' character [-Winvalid-pp-token]
  204 |        print "('% cdfPutVar_3f: --E-- The variable ',a,               &
      |              ^
ezcdf_GenPut.c:205:59: warning: missing terminating '"' character [-Winvalid-pp-token]
  205 |             &         ' was defined as',i2,' dimensional')",varnam,ndims
      |                                                           ^
ezcdf_GenPut.c:233:14: warning: missing terminating '"' character [-Winvalid-pp-token]
  233 |        print "('% cdfPutVar_3c8: --E-- The variable ',a,               &
      |              ^
ezcdf_GenPut.c:234:59: warning: missing terminating '"' character [-Winvalid-pp-token]
  234 |             &         ' was defined as',i2,' dimensional')",varnam,ndims
      |                                                           ^
ezcdf_GenPut.c:261:14: warning: missing terminating '"' character [-Winvalid-pp-token]
  261 |        print "('% cdfPutVar_2i: --E-- The variable ',a,               &
      |              ^
ezcdf_GenPut.c:262:59: warning: missing terminating '"' character [-Winvalid-pp-token]
  262 |             &         ' was defined as',i2,' dimensional')",varnam,ndims
      |                                                           ^
ezcdf_GenPut.c:318:14: warning: missing terminating '"' character [-Winvalid-pp-token]
  318 |        print "('% cdfPutVar_2d: --E-- The variable ',a,               &
      |              ^
ezcdf_GenPut.c:319:59: warning: missing terminating '"' character [-Winvalid-pp-token]
  319 |             &         ' was defined as',i2,' dimensional')",varnam,ndims
      |                                                           ^
ezcdf_GenPut.c:347:14: warning: missing terminating '"' character [-Winvalid-pp-token]
  347 |        print "('% cdfPutVar_2c16: --E-- The variable ',a,               &
      |              ^
ezcdf_GenPut.c:348:59: warning: missing terminating '"' character [-Winvalid-pp-token]
  348 |             &         ' was defined as',i2,' dimensional')",varnam,ndims
      |                                                           ^
ezcdf_GenPut.c:375:14: warning: missing terminating '"' character [-Winvalid-pp-token]
  375 |        print "('% cdfPutVar_2f: --E-- The variable ',a,               &
      |              ^
ezcdf_GenPut.c:376:59: warning: missing terminating '"' character [-Winvalid-pp-token]
  376 |             &         ' was defined as',i2,' dimensional')",varnam,ndims
      |                                                           ^
ezcdf_GenPut.c:404:14: warning: missing terminating '"' character [-Winvalid-pp-token]
  404 |        print "('% cdfPutVar_2c8: --E-- The variable ',a,               &
      |              ^
ezcdf_GenPut.c:405:59: warning: missing terminating '"' character [-Winvalid-pp-token]
  405 |             &         ' was defined as',i2,' dimensional')",varnam,ndims
      |                                                           ^
ezcdf_GenPut.c:432:14: warning: missing terminating '"' character [-Winvalid-pp-token]
  432 |        print "('% cdfPutVar_2c: --E-- The variable ',a,               &
      |              ^
ezcdf_GenPut.c:433:59: warning: missing terminating '"' character [-Winvalid-pp-token]
  433 |             &         ' was defined as',i2,' dimensional')",varnam,ndims
      |                                                           ^
ezcdf_GenPut.c:458:14: warning: missing terminating '"' character [-Winvalid-pp-token]
  458 |        print "('% cdfPutVar_1i: --E-- The variable ',a,               &
      |              ^
ezcdf_GenPut.c:459:59: warning: missing terminating '"' character [-Winvalid-pp-token]
  459 |             &         ' was defined as',i2,' dimensional')",varnam,ndims
      |                                                           ^
ezcdf_GenPut.c:514:14: warning: missing terminating '"' character [-Winvalid-pp-token]
  514 |        print "('% cdfPutVar_1d: --E-- The variable ',a,               &
      |              ^
ezcdf_GenPut.c:515:59: warning: missing terminating '"' character [-Winvalid-pp-token]
  515 |             &         ' was defined as',i2,' dimensional')",varnam,ndims
      |                                                           ^
ezcdf_GenPut.c:543:14: warning: missing terminating '"' character [-Winvalid-pp-token]
  543 |        print "('% cdfPutVar_1c16: --E-- The variable ',a,               &
      |              ^
ezcdf_GenPut.c:544:59: warning: missing terminating '"' character [-Winvalid-pp-token]
  544 |             &         ' was defined as',i2,' dimensional')",varnam,ndims
      |                                                           ^
ezcdf_GenPut.c:571:14: warning: missing terminating '"' character [-Winvalid-pp-token]
  571 |        print "('% cdfPutVar_1f: --E-- The variable ',a,               &
      |              ^
ezcdf_GenPut.c:572:59: warning: missing terminating '"' character [-Winvalid-pp-token]
  572 |             &         ' was defined as',i2,' dimensional')",varnam,ndims
      |                                                           ^
ezcdf_GenPut.c:600:14: warning: missing terminating '"' character [-Winvalid-pp-token]
  600 |        print "('% cdfPutVar_1c8: --E-- The variable ',a,               &
      |              ^
ezcdf_GenPut.c:601:59: warning: missing terminating '"' character [-Winvalid-pp-token]
  601 |             &         ' was defined as',i2,' dimensional')",varnam,ndims
      |                                                           ^
ezcdf_GenPut.c:628:14: warning: missing terminating '"' character [-Winvalid-pp-token]
  628 |        print "('% cdfPutVar_1c: --E-- The variable ',a,               &
      |              ^
ezcdf_GenPut.c:629:59: warning: missing terminating '"' character [-Winvalid-pp-token]
  629 |             &         ' was defined as',i2,' dimensional')",varnam,ndims
      |                                                           ^
ezcdf_GenPut.c:654:14: warning: missing terminating '"' character [-Winvalid-pp-token]
  654 |        print "('% cdfPutVar_0i: --E-- The variable ',a,               &
      |              ^
ezcdf_GenPut.c:655:59: warning: missing terminating '"' character [-Winvalid-pp-token]
  655 |             &         ' was defined as',i2,' dimensional')",varnam,ndims
      |                                                           ^
ezcdf_GenPut.c:704:14: warning: missing terminating '"' character [-Winvalid-pp-token]
  704 |        print "('% cdfPutVar_0d: --E-- The variable ',a,               &
      |              ^
ezcdf_GenPut.c:705:59: warning: missing terminating '"' character [-Winvalid-pp-token]
  705 |             &         ' was defined as',i2,' dimensional')",varnam,ndims
      |                                                           ^
ezcdf_GenPut.c:732:14: warning: missing terminating '"' character [-Winvalid-pp-token]
  732 |        print "('% cdfPutVar_0c16: --E-- The variable ',a,               &
      |              ^
ezcdf_GenPut.c:733:59: warning: missing terminating '"' character [-Winvalid-pp-token]
  733 |             &         ' was defined as',i2,' dimensional')",varnam,ndims
      |                                                           ^
ezcdf_GenPut.c:759:14: warning: missing terminating '"' character [-Winvalid-pp-token]
  759 |        print "('% cdfPutVar_0f: --E-- The variable ',a,               &
      |              ^
ezcdf_GenPut.c:760:59: warning: missing terminating '"' character [-Winvalid-pp-token]
  760 |             &         ' was defined as',i2,' dimensional')",varnam,ndims
      |                                                           ^
ezcdf_GenPut.c:787:14: warning: missing terminating '"' character [-Winvalid-pp-token]
  787 |        print "('% cdfPutVar_0c8: --E-- The variable ',a,               &
      |              ^
ezcdf_GenPut.c:788:59: warning: missing terminating '"' character [-Winvalid-pp-token]
  788 |             &         ' was defined as',i2,' dimensional')",varnam,ndims
      |                                                           ^
44 warnings generated.
/opt/homebrew/opt/open-mpi/bin/mpif90 -ffree-form -ffree-line-length-none -ffixed-line-length-none -fPIC -g -O2 -fexternal-blas -fbacktrace -std=legacy -fallow-argument-mismatch -I/private/tmp/fusion-native-clean-62xzhkrp/repo/external/stellopt-v251/local/libstell_dir -I/opt/homebrew/opt/netcdf-fortran/include -I/opt/homebrew/opt/netcdf/include  -I/opt/homebrew/opt/netcdf-fortran/include -I/opt/homebrew/opt/netcdf/include -I..  -c ../Sources/Ezcdf/ezcdf_GenPut.f90
ezcdf_GenPut.c:763:37:

......
Warning: Type mismatch between actual argument at (1) and actual argument at (2) (REAL(4)/COMPLEX(4)).
ezcdf_GenPut.c:708:39:

......
Warning: Type mismatch between actual argument at (1) and actual argument at (2) (REAL(8)/COMPLEX(8)).
ezcdf_GenPut.c:604:37:

......
Warning: Rank mismatch between actual argument at (1) and actual argument at (2) (scalar and rank-1)
ezcdf_GenPut.c:547:39:

......
Warning: Rank mismatch between actual argument at (1) and actual argument at (2) (scalar and rank-1)
ezcdf_GenPut.c:462:36:

......
Warning: Rank mismatch between actual argument at (1) and actual argument at (2) (scalar and rank-1)
ezcdf_GenPut.c:379:49:

......
Warning: Type mismatch between actual argument at (1) and actual argument at (2) (REAL(4)/COMPLEX(4)).
ezcdf_GenPut.c:322:51:

......
Warning: Type mismatch between actual argument at (1) and actual argument at (2) (REAL(8)/COMPLEX(8)).
/opt/homebrew/opt/open-mpi/bin/mpif90 -ffree-form -ffree-line-length-none -ffixed-line-length-none -fPIC -g -O2 -fexternal-blas -fbacktrace -std=legacy -fallow-argument-mismatch -I/private/tmp/fusion-native-clean-62xzhkrp/repo/external/stellopt-v251/local/libstell_dir -I/opt/homebrew/opt/netcdf-fortran/include -I/opt/homebrew/opt/netcdf/include  -I/opt/homebrew/opt/netcdf-fortran/include -I/opt/homebrew/opt/netcdf/include -I.  -c ../Sources/Ezcdf/ezcdf.f90
/usr/bin/cpp -traditional -DLINUX -DMPI_OPT -DNETCDF ../Sources/Modules/mpi_inc.f
/opt/homebrew/opt/open-mpi/bin/mpif90 -fPIC -g -O2 -fexternal-blas -fbacktrace -std=legacy -fallow-argument-mismatch -I/private/tmp/fusion-native-clean-62xzhkrp/repo/external/stellopt-v251/local/libstell_dir -I/opt/homebrew/opt/netcdf-fortran/include -I/opt/homebrew/opt/netcdf/include  -I/opt/homebrew/opt/netcdf-fortran/include -I/opt/homebrew/opt/netcdf/include -I.. -c ../Sources/Modules/mpi_inc.f
/opt/homebrew/opt/open-mpi/bin/mpif90 -fPIC -g -O2 -fexternal-blas -fbacktrace -std=legacy -fallow-argument-mismatch -I/private/tmp/fusion-native-clean-62xzhkrp/repo/external/stellopt-v251/local/libstell_dir -I/opt/homebrew/opt/netcdf-fortran/include -I/opt/homebrew/opt/netcdf/include  -I/opt/homebrew/opt/netcdf-fortran/include -I/opt/homebrew/opt/netcdf/include -I. -c ../Sources/Modules/system_mod.f
/opt/homebrew/opt/open-mpi/bin/mpif90 -fPIC -g -O2 -fexternal-blas -fbacktrace -std=legacy -fallow-argument-mismatch -I/private/tmp/fusion-native-clean-62xzhkrp/repo/external/stellopt-v251/local/libstell_dir -I/opt/homebrew/opt/netcdf-fortran/include -I/opt/homebrew/opt/netcdf/include  -I/opt/homebrew/opt/netcdf-fortran/include -I/opt/homebrew/opt/netcdf/include -I. -c ../Sources/Modules/vparams.f
/opt/homebrew/opt/open-mpi/bin/mpif90 -fPIC -g -O2 -fexternal-blas -fbacktrace -std=legacy -fallow-argument-mismatch -I/private/tmp/fusion-native-clean-62xzhkrp/repo/external/stellopt-v251/local/libstell_dir -I/opt/homebrew/opt/netcdf-fortran/include -I/opt/homebrew/opt/netcdf/include  -I/opt/homebrew/opt/netcdf-fortran/include -I/opt/homebrew/opt/netcdf/include -I. -c ../Sources/Modules/vsvd0.f
/usr/bin/cpp -traditional -DLINUX -DMPI_OPT -DNETCDF ../Sources/Modules/vmec_input.f
/opt/homebrew/opt/open-mpi/bin/mpif90 -fPIC -g -O2 -fexternal-blas -fbacktrace -std=legacy -fallow-argument-mismatch -I/private/tmp/fusion-native-clean-62xzhkrp/repo/external/stellopt-v251/local/libstell_dir -I/opt/homebrew/opt/netcdf-fortran/include -I/opt/homebrew/opt/netcdf/include  -I/opt/homebrew/opt/netcdf-fortran/include -I/opt/homebrew/opt/netcdf/include -I.. -c ../Sources/Modules/vmec_input.f
vmec_input.c:247:47-68:

Warning: Array reference at (1) out of bounds (0 < 1) in loop beginning at (2)
/usr/bin/cpp -traditional -DLINUX -DMPI_OPT -DNETCDF ../Sources/Modules/mgrid_mod.f
mgrid_mod.c:46:40: warning: empty character constant [-Winvalid-pp-token]
   46 | !                     included in green''s FUNCTION BFIELD response
      |                                        ^
1 warning generated.
/opt/homebrew/opt/open-mpi/bin/mpif90 -fPIC -g -O2 -fexternal-blas -fbacktrace -std=legacy -fallow-argument-mismatch -I/private/tmp/fusion-native-clean-62xzhkrp/repo/external/stellopt-v251/local/libstell_dir -I/opt/homebrew/opt/netcdf-fortran/include -I/opt/homebrew/opt/netcdf/include  -I/opt/homebrew/opt/netcdf-fortran/include -I/opt/homebrew/opt/netcdf/include -I.. -c ../Sources/Modules/mgrid_mod.f
/usr/bin/cpp -traditional -DLINUX -DMPI_OPT -DNETCDF ../Sources/Modules/read_wout_mod.f
read_wout_mod.c:1143:38: warning: missing terminating ' character [-Winvalid-pp-token]
 1143 | !     ELIMINATE THESE EVENTUALLY: DON'T NEED THEM
      |                                      ^
read_wout_mod.c:1272:38: warning: missing terminating ' character [-Winvalid-pp-token]
 1272 | !     ELIMINATE THESE EVENTUALLY: DON'T NEED THEM (can express in terms of lambdas)
      |                                      ^
read_wout_mod.c:1288:38: warning: missing terminating ' character [-Winvalid-pp-token]
 1288 | !     ELIMINATE THESE EVENTUALLY: DON'T NEED THEM
      |                                      ^
read_wout_mod.c:2145:33: warning: missing terminating ' character [-Winvalid-pp-token]
 2145 | !     only ALLOCATE 2*ntmax, don't need lambdas
      |                                 ^
4 warnings generated.
/opt/homebrew/opt/open-mpi/bin/mpif90 -fPIC -g -O2 -fexternal-blas -fbacktrace -std=legacy -fallow-argument-mismatch -I/private/tmp/fusion-native-clean-62xzhkrp/repo/external/stellopt-v251/local/libstell_dir -I/opt/homebrew/opt/netcdf-fortran/include -I/opt/homebrew/opt/netcdf/include  -I/opt/homebrew/opt/netcdf-fortran/include -I/opt/homebrew/opt/netcdf/include -I.. -c ../Sources/Modules/read_wout_mod.f
/opt/homebrew/opt/open-mpi/bin/mpif90 -fPIC -g -O2 -fexternal-blas -fbacktrace -std=legacy -fallow-argument-mismatch -I/private/tmp/fusion-native-clean-62xzhkrp/repo/external/stellopt-v251/local/libstell_dir -I/opt/homebrew/opt/netcdf-fortran/include -I/opt/homebrew/opt/netcdf/include  -I/opt/homebrew/opt/netcdf-fortran/include -I/opt/homebrew/opt/netcdf/include -I. -c ../Sources/Modules/vmec_utils.f
/opt/homebrew/opt/open-mpi/bin/mpif90 -fPIC -g -O2 -fexternal-blas -fbacktrace -std=legacy -fallow-argument-mismatch -I/private/tmp/fusion-native-clean-62xzhkrp/repo/external/stellopt-v251/local/libstell_dir -I/opt/homebrew/opt/netcdf-fortran/include -I/opt/homebrew/opt/netcdf/include  -I/opt/homebrew/opt/netcdf-fortran/include -I/opt/homebrew/opt/netcdf/include -I. -c ../Sources/Modules/v3post_rfun.f
/usr/bin/cpp -traditional -DLINUX -DMPI_OPT -DNETCDF ../Sources/Modules/read_pies_mod.f90
read_pies_mod.c:57:25: warning: empty character constant [-Winvalid-pp-token]
   57 |       input_extension = ''
      |                         ^
read_pies_mod.c:99:26: warning: missing terminating ' character [-Winvalid-pp-token]
   99 | !     Get the Variable ID's
      |                          ^
2 warnings generated.
/opt/homebrew/opt/open-mpi/bin/mpif90 -ffree-form -ffree-line-length-none -ffixed-line-length-none -fPIC -g -O2 -fexternal-blas -fbacktrace -std=legacy -fallow-argument-mismatch -I/private/tmp/fusion-native-clean-62xzhkrp/repo/external/stellopt-v251/local/libstell_dir -I/opt/homebrew/opt/netcdf-fortran/include -I/opt/homebrew/opt/netcdf/include  -I/opt/homebrew/opt/netcdf-fortran/include -I/opt/homebrew/opt/netcdf/include -I..  -c ../Sources/Modules/read_pies_mod.f90
read_pies_mod.c:132:43:

Warning: Rank mismatch between actual argument at (1) and actual argument at (2) (scalar and rank-1)
read_pies_mod.c:134:42:

......
Warning: Rank mismatch between actual argument at (1) and actual argument at (2) (scalar and rank-1)
read_pies_mod.c:136:40:

......
Warning: Rank mismatch between actual argument at (1) and actual argument at (2) (scalar and rank-4)
read_pies_mod.c:138:45:

......
Warning: Rank mismatch between actual argument at (1) and actual argument at (2) (scalar and rank-4)
read_pies_mod.c:140:43:

......
Warning: Rank mismatch between actual argument at (1) and actual argument at (2) (scalar and rank-4)
/opt/homebrew/opt/open-mpi/bin/mpif90 -fPIC -g -O2 -fexternal-blas -fbacktrace -std=legacy -fallow-argument-mismatch -I/private/tmp/fusion-native-clean-62xzhkrp/repo/external/stellopt-v251/local/libstell_dir -I/opt/homebrew/opt/netcdf-fortran/include -I/opt/homebrew/opt/netcdf/include  -I/opt/homebrew/opt/netcdf-fortran/include -I/opt/homebrew/opt/netcdf/include -I. -c ../Sources/Modules/cyl_flux.f
/opt/homebrew/opt/open-mpi/bin/mpif90 -fPIC -g -O2 -fexternal-blas -fbacktrace -std=legacy -fallow-argument-mismatch -I/private/tmp/fusion-native-clean-62xzhkrp/repo/external/stellopt-v251/local/libstell_dir -I/opt/homebrew/opt/netcdf-fortran/include -I/opt/homebrew/opt/netcdf/include  -I/opt/homebrew/opt/netcdf-fortran/include -I/opt/homebrew/opt/netcdf/include -I. -c ../Sources/Modules/flint_z.f
/opt/homebrew/opt/open-mpi/bin/mpif90 -fPIC -g -O2 -fexternal-blas -fbacktrace -std=legacy -fallow-argument-mismatch -I/private/tmp/fusion-native-clean-62xzhkrp/repo/external/stellopt-v251/local/libstell_dir -I/opt/homebrew/opt/netcdf-fortran/include -I/opt/homebrew/opt/netcdf/include  -I/opt/homebrew/opt/netcdf-fortran/include -I/opt/homebrew/opt/netcdf/include -I. -c ../Sources/Modules/optim_params.f
/opt/homebrew/opt/open-mpi/bin/mpif90 -fPIC -g -O2 -fexternal-blas -fbacktrace -std=legacy -fallow-argument-mismatch -I/private/tmp/fusion-native-clean-62xzhkrp/repo/external/stellopt-v251/local/libstell_dir -I/opt/homebrew/opt/netcdf-fortran/include -I/opt/homebrew/opt/netcdf/include  -I/opt/homebrew/opt/netcdf-fortran/include -I/opt/homebrew/opt/netcdf/include -I. -c ../Sources/Modules/bsc_cdf.f
/opt/homebrew/opt/open-mpi/bin/mpif90 -fPIC -g -O2 -fexternal-blas -fbacktrace -std=legacy -fallow-argument-mismatch -I/private/tmp/fusion-native-clean-62xzhkrp/repo/external/stellopt-v251/local/libstell_dir -I/opt/homebrew/opt/netcdf-fortran/include -I/opt/homebrew/opt/netcdf/include  -I/opt/homebrew/opt/netcdf-fortran/include -I/opt/homebrew/opt/netcdf/include -I. -c ../Sources/Modules/mddc_cdf.f
/opt/homebrew/opt/open-mpi/bin/mpif90 -fPIC -g -O2 -fexternal-blas -fbacktrace -std=legacy -fallow-argument-mismatch -I/private/tmp/fusion-native-clean-62xzhkrp/repo/external/stellopt-v251/local/libstell_dir -I/opt/homebrew/opt/netcdf-fortran/include -I/opt/homebrew/opt/netcdf/include  -I/opt/homebrew/opt/netcdf-fortran/include -I/opt/homebrew/opt/netcdf/include -I. -c ../Sources/Modules/v3f_vmec_comm.f
/opt/homebrew/opt/open-mpi/bin/mpif90 -ffree-form -ffree-line-length-none -ffixed-line-length-none -fPIC -g -O2 -fexternal-blas -fbacktrace -std=legacy -fallow-argument-mismatch -I/private/tmp/fusion-native-clean-62xzhkrp/repo/external/stellopt-v251/local/libstell_dir -I/opt/homebrew/opt/netcdf-fortran/include -I/opt/homebrew/opt/netcdf/include  -I/opt/homebrew/opt/netcdf-fortran/include -I/opt/homebrew/opt/netcdf/include -I.  -c ../Sources/Pspline/EZspline_type.f90
/opt/homebrew/opt/open-mpi/bin/mpif90 -ffree-form -ffree-line-length-none -ffixed-line-length-none -fPIC -g -O2 -fexternal-blas -fbacktrace -std=legacy -fallow-argument-mismatch -I/private/tmp/fusion-native-clean-62xzhkrp/repo/external/stellopt-v251/local/libstell_dir -I/opt/homebrew/opt/netcdf-fortran/include -I/opt/homebrew/opt/netcdf/include  -I/opt/homebrew/opt/netcdf-fortran/include -I/opt/homebrew/opt/netcdf/include -I.  -c ../Sources/Pspline/EZspline_obj.f90
/opt/homebrew/opt/open-mpi/bin/mpif90 -ffree-form -ffree-line-length-none -ffixed-line-length-none -fPIC -g -O2 -fexternal-blas -fbacktrace -std=legacy -fallow-argument-mismatch -I/private/tmp/fusion-native-clean-62xzhkrp/repo/external/stellopt-v251/local/libstell_dir -I/opt/homebrew/opt/netcdf-fortran/include -I/opt/homebrew/opt/netcdf/include  -I/opt/homebrew/opt/netcdf-fortran/include -I/opt/homebrew/opt/netcdf/include -I.  -c ../Sources/Pspline/EZspline.f90
/opt/homebrew/opt/open-mpi/bin/mpif90 -ffree-form -ffree-line-length-none -ffixed-line-length-none -fPIC -g -O2 -fexternal-blas -fbacktrace -std=legacy -fallow-argument-mismatch -I/private/tmp/fusion-native-clean-62xzhkrp/repo/external/stellopt-v251/local/libstell_dir -I/opt/homebrew/opt/netcdf-fortran/include -I/opt/homebrew/opt/netcdf/include  -I/opt/homebrew/opt/netcdf-fortran/include -I/opt/homebrew/opt/netcdf/include -I.  -c ../Sources/Modules/trip3d_mod.f90
/opt/homebrew/opt/open-mpi/bin/mpif90 -fPIC -g -O2 -fexternal-blas -fbacktrace -std=legacy -fallow-argument-mismatch -I/private/tmp/fusion-native-clean-62xzhkrp/repo/external/stellopt-v251/local/libstell_dir -I/opt/homebrew/opt/netcdf-fortran/include -I/opt/homebrew/opt/netcdf/include  -I/opt/homebrew/opt/netcdf-fortran/include -I/opt/homebrew/opt/netcdf/include -I. -c ../Sources/Modules/boundary_T.f
/opt/homebrew/opt/open-mpi/bin/mpif90 -fPIC -g -O2 -fexternal-blas -fbacktrace -std=legacy -fallow-argument-mismatch -I/private/tmp/fusion-native-clean-62xzhkrp/repo/external/stellopt-v251/local/libstell_dir -I/opt/homebrew/opt/netcdf-fortran/include -I/opt/homebrew/opt/netcdf/include  -I/opt/homebrew/opt/netcdf-fortran/include -I/opt/homebrew/opt/netcdf/include -I. -c ../Sources/Modules/math_utilities.f
/opt/homebrew/opt/open-mpi/bin/mpif90 -ffree-form -ffree-line-length-none -ffixed-line-length-none -fPIC -g -O2 -fexternal-blas -fbacktrace -std=legacy -fallow-argument-mismatch -I/private/tmp/fusion-native-clean-62xzhkrp/repo/external/stellopt-v251/local/libstell_dir -I/opt/homebrew/opt/netcdf-fortran/include -I/opt/homebrew/opt/netcdf/include  -I/opt/homebrew/opt/netcdf-fortran/include -I/opt/homebrew/opt/netcdf/include -I.  -c ../Sources/Modules/stel_tools.f90
/opt/homebrew/opt/open-mpi/bin/mpif90 -ffree-form -ffree-line-length-none -ffixed-line-length-none -fPIC -g -O2 -fexternal-blas -fbacktrace -std=legacy -fallow-argument-mismatch -I/private/tmp/fusion-native-clean-62xzhkrp/repo/external/stellopt-v251/local/libstell_dir -I/opt/homebrew/opt/netcdf-fortran/include -I/opt/homebrew/opt/netcdf/include  -I/opt/homebrew/opt/netcdf-fortran/include -I/opt/homebrew/opt/netcdf/include -I.  -c ../Sources/Modules/mir_tools.f90
/usr/bin/cpp -traditional -DLINUX -DMPI_OPT -DNETCDF ../Sources/Modules/read_response.f
read_response.c:178:61: warning: missing terminating '"' character [-Winvalid-pp-token]
  178 | !  mmode       variable to specify mode for "Scaled' or "Raw"
      |                                                             ^
1 warning generated.
/opt/homebrew/opt/open-mpi/bin/mpif90 -fPIC -g -O2 -fexternal-blas -fbacktrace -std=legacy -fallow-argument-mismatch -I/private/tmp/fusion-native-clean-62xzhkrp/repo/external/stellopt-v251/local/libstell_dir -I/opt/homebrew/opt/netcdf-fortran/include -I/opt/homebrew/opt/netcdf/include  -I/opt/homebrew/opt/netcdf-fortran/include -I/opt/homebrew/opt/netcdf/include -I.. -c ../Sources/Modules/read_response.f
read_response.c:361:24:

Warning: Type mismatch between actual argument at (1) and actual argument at (2) (INTEGER(4)/CHARACTER(*)).
/usr/bin/cpp -traditional -DLINUX -DMPI_OPT -DNETCDF ../Sources/Modules/date_and_computer.f
/opt/homebrew/opt/open-mpi/bin/mpif90 -fPIC -g -O2 -fexternal-blas -fbacktrace -std=legacy -fallow-argument-mismatch -I/private/tmp/fusion-native-clean-62xzhkrp/repo/external/stellopt-v251/local/libstell_dir -I/opt/homebrew/opt/netcdf-fortran/include -I/opt/homebrew/opt/netcdf/include  -I/opt/homebrew/opt/netcdf-fortran/include -I/opt/homebrew/opt/netcdf/include -I.. -c ../Sources/Modules/date_and_computer.f
/opt/homebrew/opt/open-mpi/bin/mpif90 -fPIC -g -O2 -fexternal-blas -fbacktrace -std=legacy -fallow-argument-mismatch -I/private/tmp/fusion-native-clean-62xzhkrp/repo/external/stellopt-v251/local/libstell_dir -I/opt/homebrew/opt/netcdf-fortran/include -I/opt/homebrew/opt/netcdf/include  -I/opt/homebrew/opt/netcdf-fortran/include -I/opt/homebrew/opt/netcdf/include -I. -c ../Sources/Modules/vertex_list.f
/usr/bin/cpp -traditional -DLINUX -DMPI_OPT -DNETCDF ../Sources/Modules/ez_hdf5.f90
/opt/homebrew/opt/open-mpi/bin/mpif90 -ffree-form -ffree-line-length-none -ffixed-line-length-none -fPIC -g -O2 -fexternal-blas -fbacktrace -std=legacy -fallow-argument-mismatch -I/private/tmp/fusion-native-clean-62xzhkrp/repo/external/stellopt-v251/local/libstell_dir -I/opt/homebrew/opt/netcdf-fortran/include -I/opt/homebrew/opt/netcdf/include  -I/opt/homebrew/opt/netcdf-fortran/include -I/opt/homebrew/opt/netcdf/include -I..  -c ../Sources/Modules/ez_hdf5.f90
/usr/bin/cpp -traditional -DLINUX -DMPI_OPT -DNETCDF ../Sources/Modules/read_spec_mod.f90
read_spec_mod.c:49:25: warning: empty character constant [-Winvalid-pp-token]
   49 |       input_extension = ''
      |                         ^
1 warning generated.
/opt/homebrew/opt/open-mpi/bin/mpif90 -ffree-form -ffree-line-length-none -ffixed-line-length-none -fPIC -g -O2 -fexternal-blas -fbacktrace -std=legacy -fallow-argument-mismatch -I/private/tmp/fusion-native-clean-62xzhkrp/repo/external/stellopt-v251/local/libstell_dir -I/opt/homebrew/opt/netcdf-fortran/include -I/opt/homebrew/opt/netcdf/include  -I/opt/homebrew/opt/netcdf-fortran/include -I/opt/homebrew/opt/netcdf/include -I..  -c ../Sources/Modules/read_spec_mod.f90
/opt/homebrew/opt/open-mpi/bin/mpif90 -ffree-form -ffree-line-length-none -ffixed-line-length-none -fPIC -g -O2 -fexternal-blas -fbacktrace -std=legacy -fallow-argument-mismatch -I/private/tmp/fusion-native-clean-62xzhkrp/repo/external/stellopt-v251/local/libstell_dir -I/opt/homebrew/opt/netcdf-fortran/include -I/opt/homebrew/opt/netcdf/include  -I/opt/homebrew/opt/netcdf-fortran/include -I/opt/homebrew/opt/netcdf/include -I.  -c ../Sources/Modules/wall_mod.f90
/usr/bin/cpp -traditional -DLINUX -DMPI_OPT -DNETCDF ../Sources/Modules/read_v3post_mod.f
/opt/homebrew/opt/open-mpi/bin/mpif90 -fPIC -g -O2 -fexternal-blas -fbacktrace -std=legacy -fallow-argument-mismatch -I/private/tmp/fusion-native-clean-62xzhkrp/repo/external/stellopt-v251/local/libstell_dir -I/opt/homebrew/opt/netcdf-fortran/include -I/opt/homebrew/opt/netcdf/include  -I/opt/homebrew/opt/netcdf-fortran/include -I/opt/homebrew/opt/netcdf/include -I.. -c ../Sources/Modules/read_v3post_mod.f
/opt/homebrew/opt/open-mpi/bin/mpif90 -fPIC -g -O2 -fexternal-blas -fbacktrace -std=legacy -fallow-argument-mismatch -I/private/tmp/fusion-native-clean-62xzhkrp/repo/external/stellopt-v251/local/libstell_dir -I/opt/homebrew/opt/netcdf-fortran/include -I/opt/homebrew/opt/netcdf/include  -I/opt/homebrew/opt/netcdf-fortran/include -I/opt/homebrew/opt/netcdf/include -I. -c ../Sources/Modules/de_mod.f
/opt/homebrew/opt/open-mpi/bin/mpif90 -ffree-form -ffree-line-length-none -ffixed-line-length-none -fPIC -g -O2 -fexternal-blas -fbacktrace -std=legacy -fallow-argument-mismatch -I/private/tmp/fusion-native-clean-62xzhkrp/repo/external/stellopt-v251/local/libstell_dir -I/opt/homebrew/opt/netcdf-fortran/include -I/opt/homebrew/opt/netcdf/include  -I/opt/homebrew/opt/netcdf-fortran/include -I/opt/homebrew/opt/netcdf/include -I.  -c ../Sources/Modules/gist_mod.f90
/opt/homebrew/opt/open-mpi/bin/mpif90 -fPIC -g -O2 -fexternal-blas -fbacktrace -std=legacy -fallow-argument-mismatch -I/private/tmp/fusion-native-clean-62xzhkrp/repo/external/stellopt-v251/local/libstell_dir -I/opt/homebrew/opt/netcdf-fortran/include -I/opt/homebrew/opt/netcdf/include  -I/opt/homebrew/opt/netcdf-fortran/include -I/opt/homebrew/opt/netcdf/include -I. -c ../Sources/Modules/compression.f
/opt/homebrew/opt/open-mpi/bin/mpif90 -fPIC -g -O2 -fexternal-blas -fbacktrace -std=legacy -fallow-argument-mismatch -I/private/tmp/fusion-native-clean-62xzhkrp/repo/external/stellopt-v251/local/libstell_dir -I/opt/homebrew/opt/netcdf-fortran/include -I/opt/homebrew/opt/netcdf/include  -I/opt/homebrew/opt/netcdf-fortran/include -I/opt/homebrew/opt/netcdf/include -I. -c ../Sources/Modules/diagnostic_cdf.f
/usr/bin/cpp -traditional -DLINUX -DMPI_OPT -DNETCDF ../Sources/Modules/profiler.f
profiler.c:44:64: warning: empty character constant [-Winvalid-pp-token]
   44 |          CHARACTER (len=profiler_string_size) :: symbol_name = ''
      |                                                                ^
1 warning generated.
/opt/homebrew/opt/open-mpi/bin/mpif90 -fPIC -g -O2 -fexternal-blas -fbacktrace -std=legacy -fallow-argument-mismatch -I/private/tmp/fusion-native-clean-62xzhkrp/repo/external/stellopt-v251/local/libstell_dir -I/opt/homebrew/opt/netcdf-fortran/include -I/opt/homebrew/opt/netcdf/include  -I/opt/homebrew/opt/netcdf-fortran/include -I/opt/homebrew/opt/netcdf/include -I.. -c ../Sources/Modules/profiler.f
/opt/homebrew/opt/open-mpi/bin/mpif90 -fPIC -g -O2 -fexternal-blas -fbacktrace -std=legacy -fallow-argument-mismatch -I/private/tmp/fusion-native-clean-62xzhkrp/repo/external/stellopt-v251/local/libstell_dir -I/opt/homebrew/opt/netcdf-fortran/include -I/opt/homebrew/opt/netcdf/include  -I/opt/homebrew/opt/netcdf-fortran/include -I/opt/homebrew/opt/netcdf/include -I. -c ../Sources/Modules/magnetic_response.f
/opt/homebrew/opt/open-mpi/bin/mpif90 -fPIC -g -O2 -fexternal-blas -fbacktrace -std=legacy -fallow-argument-mismatch -I/private/tmp/fusion-native-clean-62xzhkrp/repo/external/stellopt-v251/local/libstell_dir -I/opt/homebrew/opt/netcdf-fortran/include -I/opt/homebrew/opt/netcdf/include  -I/opt/homebrew/opt/netcdf-fortran/include -I/opt/homebrew/opt/netcdf/include -I. -c ../Sources/Modules/integration_path.f
/usr/bin/cpp -traditional -DLINUX -DMPI_OPT -DNETCDF ../Sources/Modules/adas_bms_splines.f90
/opt/homebrew/opt/open-mpi/bin/mpif90 -ffree-form -ffree-line-length-none -ffixed-line-length-none -fPIC -g -O2 -fexternal-blas -fbacktrace -std=legacy -fallow-argument-mismatch -I/private/tmp/fusion-native-clean-62xzhkrp/repo/external/stellopt-v251/local/libstell_dir -I/opt/homebrew/opt/netcdf-fortran/include -I/opt/homebrew/opt/netcdf/include  -I/opt/homebrew/opt/netcdf-fortran/include -I/opt/homebrew/opt/netcdf/include -I..  -c ../Sources/Modules/adas_bms_splines.f90
/usr/bin/cpp -traditional -DLINUX -DMPI_OPT -DNETCDF ../Sources/Modules/adas_mod_simpl.f90
/opt/homebrew/opt/open-mpi/bin/mpif90 -ffree-form -ffree-line-length-none -ffixed-line-length-none -fPIC -g -O2 -fexternal-blas -fbacktrace -std=legacy -fallow-argument-mismatch -I/private/tmp/fusion-native-clean-62xzhkrp/repo/external/stellopt-v251/local/libstell_dir -I/opt/homebrew/opt/netcdf-fortran/include -I/opt/homebrew/opt/netcdf/include  -I/opt/homebrew/opt/netcdf-fortran/include -I/opt/homebrew/opt/netcdf/include -I..  -c ../Sources/Modules/adas_mod_simpl.f90
/opt/homebrew/opt/open-mpi/bin/mpif90 -fPIC -g -O2 -fexternal-blas -fbacktrace -std=legacy -fallow-argument-mismatch -I/private/tmp/fusion-native-clean-62xzhkrp/repo/external/stellopt-v251/local/libstell_dir -I/opt/homebrew/opt/netcdf-fortran/include -I/opt/homebrew/opt/netcdf/include  -I/opt/homebrew/opt/netcdf-fortran/include -I/opt/homebrew/opt/netcdf/include -I. -c ../Sources/Modules/packafile.f
/opt/homebrew/opt/open-mpi/bin/mpif90 -ffree-form -ffree-line-length-none -ffixed-line-length-none -fPIC -g -O2 -fexternal-blas -fbacktrace -std=legacy -fallow-argument-mismatch -I/private/tmp/fusion-native-clean-62xzhkrp/repo/external/stellopt-v251/local/libstell_dir -I/opt/homebrew/opt/netcdf-fortran/include -I/opt/homebrew/opt/netcdf/include  -I/opt/homebrew/opt/netcdf-fortran/include -I/opt/homebrew/opt/netcdf/include -I.  -c ../Sources/Modules/linear_interp.f90
/opt/homebrew/opt/open-mpi/bin/mpif90 -fPIC -g -O2 -fexternal-blas -fbacktrace -std=legacy -fallow-argument-mismatch -I/private/tmp/fusion-native-clean-62xzhkrp/repo/external/stellopt-v251/local/libstell_dir -I/opt/homebrew/opt/netcdf-fortran/include -I/opt/homebrew/opt/netcdf/include  -I/opt/homebrew/opt/netcdf-fortran/include -I/opt/homebrew/opt/netcdf/include -I. -c ../Sources/Modules/flin1_z.f
/usr/bin/cpp -traditional -DLINUX -DMPI_OPT -DNETCDF ../Sources/Modules/mgrid_field_mod.f90
mgrid_field_mod.c:43:29: warning: missing terminating ' character [-Winvalid-pp-token]
   43 | !         mgrid_free:   Free's allocated variables
      |                             ^
1 warning generated.
/opt/homebrew/opt/open-mpi/bin/mpif90 -ffree-form -ffree-line-length-none -ffixed-line-length-none -fPIC -g -O2 -fexternal-blas -fbacktrace -std=legacy -fallow-argument-mismatch -I/private/tmp/fusion-native-clean-62xzhkrp/repo/external/stellopt-v251/local/libstell_dir -I/opt/homebrew/opt/netcdf-fortran/include -I/opt/homebrew/opt/netcdf/include  -I/opt/homebrew/opt/netcdf-fortran/include -I/opt/homebrew/opt/netcdf/include -I..  -c ../Sources/Modules/mgrid_field_mod.f90
/opt/homebrew/opt/open-mpi/bin/mpif90 -fPIC -g -O2 -fexternal-blas -fbacktrace -std=legacy -fallow-argument-mismatch -I/private/tmp/fusion-native-clean-62xzhkrp/repo/external/stellopt-v251/local/libstell_dir -I/opt/homebrew/opt/netcdf-fortran/include -I/opt/homebrew/opt/netcdf/include  -I/opt/homebrew/opt/netcdf-fortran/include -I/opt/homebrew/opt/netcdf/include -I. -c ../Sources/Modules/vacfield_mod.f
/opt/homebrew/opt/open-mpi/bin/mpif90 -ffree-form -ffree-line-length-none -ffixed-line-length-none -fPIC -g -O2 -fexternal-blas -fbacktrace -std=legacy -fallow-argument-mismatch -I/private/tmp/fusion-native-clean-62xzhkrp/repo/external/stellopt-v251/local/libstell_dir -I/opt/homebrew/opt/netcdf-fortran/include -I/opt/homebrew/opt/netcdf/include  -I/opt/homebrew/opt/netcdf-fortran/include -I/opt/homebrew/opt/netcdf/include -I.  -c ../Sources/Modules/vessel_mod.f90
/opt/homebrew/opt/open-mpi/bin/mpif90 -ffree-form -ffree-line-length-none -ffixed-line-length-none -fPIC -g -O2 -fexternal-blas -fbacktrace -std=legacy -fallow-argument-mismatch -I/private/tmp/fusion-native-clean-62xzhkrp/repo/external/stellopt-v251/local/libstell_dir -I/opt/homebrew/opt/netcdf-fortran/include -I/opt/homebrew/opt/netcdf/include  -I/opt/homebrew/opt/netcdf-fortran/include -I/opt/homebrew/opt/netcdf/include -I.  -c ../Sources/Modules/chaotic_coords_mod.f90
/usr/bin/cpp -traditional -DLINUX -DMPI_OPT -DNETCDF ../Sources/Modules/read_response_nompi.f
read_response_nompi.c:174:61: warning: missing terminating '"' character [-Winvalid-pp-token]
  174 | !  mmode       variable to specify mode for "Scaled' or "Raw"
      |                                                             ^
1 warning generated.
/opt/homebrew/opt/open-mpi/bin/mpif90 -fPIC -g -O2 -fexternal-blas -fbacktrace -std=legacy -fallow-argument-mismatch -I/private/tmp/fusion-native-clean-62xzhkrp/repo/external/stellopt-v251/local/libstell_dir -I/opt/homebrew/opt/netcdf-fortran/include -I/opt/homebrew/opt/netcdf/include  -I/opt/homebrew/opt/netcdf-fortran/include -I/opt/homebrew/opt/netcdf/include -I.. -c ../Sources/Modules/read_response_nompi.f
/opt/homebrew/opt/open-mpi/bin/mpif90 -fPIC -g -O2 -fexternal-blas -fbacktrace -std=legacy -fallow-argument-mismatch -I/private/tmp/fusion-native-clean-62xzhkrp/repo/external/stellopt-v251/local/libstell_dir -I/opt/homebrew/opt/netcdf-fortran/include -I/opt/homebrew/opt/netcdf/include  -I/opt/homebrew/opt/netcdf-fortran/include -I/opt/homebrew/opt/netcdf/include -I. -c ../Sources/Modules/functions.f
/usr/bin/cpp -traditional -DLINUX -DMPI_OPT -DNETCDF ../Sources/Modules/read_boozer_mod.f
/opt/homebrew/opt/open-mpi/bin/mpif90 -fPIC -g -O2 -fexternal-blas -fbacktrace -std=legacy -fallow-argument-mismatch -I/private/tmp/fusion-native-clean-62xzhkrp/repo/external/stellopt-v251/local/libstell_dir -I/opt/homebrew/opt/netcdf-fortran/include -I/opt/homebrew/opt/netcdf/include  -I/opt/homebrew/opt/netcdf-fortran/include -I/opt/homebrew/opt/netcdf/include -I.. -c ../Sources/Modules/read_boozer_mod.f
/usr/bin/cpp -traditional -DLINUX -DMPI_OPT -DNETCDF ../Sources/Modules/virtual_casing_mod.f90
virtual_casing_mod.c:74:49: warning: missing terminating ' character [-Winvalid-pp-token]
   74 | !                    the nx, ny, nz arrays weren't being calculated
      |                                                 ^
virtual_casing_mod.c:116:55: warning: empty character constant [-Winvalid-pp-token]
  116 |       CHARACTER(LEN=256)               :: vc_type_str=''
      |                                                       ^
2 warnings generated.
/opt/homebrew/opt/open-mpi/bin/mpif90 -ffree-form -ffree-line-length-none -ffixed-line-length-none -fPIC -g -O2 -fexternal-blas -fbacktrace -std=legacy -fallow-argument-mismatch -I/private/tmp/fusion-native-clean-62xzhkrp/repo/external/stellopt-v251/local/libstell_dir -I/opt/homebrew/opt/netcdf-fortran/include -I/opt/homebrew/opt/netcdf/include  -I/opt/homebrew/opt/netcdf-fortran/include -I/opt/homebrew/opt/netcdf/include -I..  -c ../Sources/Modules/virtual_casing_mod.f90
/opt/homebrew/opt/open-mpi/bin/mpif90 -fPIC -g -O2 -fexternal-blas -fbacktrace -std=legacy -fallow-argument-mismatch -I/private/tmp/fusion-native-clean-62xzhkrp/repo/external/stellopt-v251/local/libstell_dir -I/opt/homebrew/opt/netcdf-fortran/include -I/opt/homebrew/opt/netcdf/include  -I/opt/homebrew/opt/netcdf-fortran/include -I/opt/homebrew/opt/netcdf/include -I. -c ../Sources/Modules/ga_mod.f
/opt/homebrew/opt/open-mpi/bin/mpif90 -fPIC -g -O2 -fexternal-blas -fbacktrace -std=legacy -fallow-argument-mismatch -I/private/tmp/fusion-native-clean-62xzhkrp/repo/external/stellopt-v251/local/libstell_dir -I/opt/homebrew/opt/netcdf-fortran/include -I/opt/homebrew/opt/netcdf/include  -I/opt/homebrew/opt/netcdf-fortran/include -I/opt/homebrew/opt/netcdf/include -I. -c ../Sources/Modules/vmec_seq.f
/opt/homebrew/opt/open-mpi/bin/mpif90 -ffree-form -ffree-line-length-none -ffixed-line-length-none -fPIC -g -O2 -fexternal-blas -fbacktrace -std=legacy -fallow-argument-mismatch -I/private/tmp/fusion-native-clean-62xzhkrp/repo/external/stellopt-v251/local/libstell_dir -I/opt/homebrew/opt/netcdf-fortran/include -I/opt/homebrew/opt/netcdf/include  -I/opt/homebrew/opt/netcdf-fortran/include -I/opt/homebrew/opt/netcdf/include -I.  -c ../Sources/Modules/nstab_input_mod.f90
/opt/homebrew/opt/open-mpi/bin/mpif90 -ffree-form -ffree-line-length-none -ffixed-line-length-none -fPIC -g -O2 -fexternal-blas -fbacktrace -std=legacy -fallow-argument-mismatch -I/private/tmp/fusion-native-clean-62xzhkrp/repo/external/stellopt-v251/local/libstell_dir -I/opt/homebrew/opt/netcdf-fortran/include -I/opt/homebrew/opt/netcdf/include  -I/opt/homebrew/opt/netcdf-fortran/include -I/opt/homebrew/opt/netcdf/include -I.  -c ../Sources/Modules/boozer_utils.f90
/opt/homebrew/opt/open-mpi/bin/mpif90 -fPIC -g -O2 -fexternal-blas -fbacktrace -std=legacy -fallow-argument-mismatch -I/private/tmp/fusion-native-clean-62xzhkrp/repo/external/stellopt-v251/local/libstell_dir -I/opt/homebrew/opt/netcdf-fortran/include -I/opt/homebrew/opt/netcdf/include  -I/opt/homebrew/opt/netcdf-fortran/include -I/opt/homebrew/opt/netcdf/include -I. -c ../Sources/Modules/coordinate_utilities.f
/opt/homebrew/opt/open-mpi/bin/mpif90 -fPIC -g -O2 -fexternal-blas -fbacktrace -std=legacy -fallow-argument-mismatch -I/private/tmp/fusion-native-clean-62xzhkrp/repo/external/stellopt-v251/local/libstell_dir -I/opt/homebrew/opt/netcdf-fortran/include -I/opt/homebrew/opt/netcdf/include  -I/opt/homebrew/opt/netcdf-fortran/include -I/opt/homebrew/opt/netcdf/include -I. -c ../Sources/Linpack/liprec.f
/usr/bin/cpp -traditional -DLINUX -DMPI_OPT -DNETCDF ../Sources/Linpack/li_gesl.f
/opt/homebrew/opt/open-mpi/bin/mpif90 -fPIC -g -O2 -fexternal-blas -fbacktrace -std=legacy -fallow-argument-mismatch -I/private/tmp/fusion-native-clean-62xzhkrp/repo/external/stellopt-v251/local/libstell_dir -I/opt/homebrew/opt/netcdf-fortran/include -I/opt/homebrew/opt/netcdf/include  -I/opt/homebrew/opt/netcdf-fortran/include -I/opt/homebrew/opt/netcdf/include -I.. -c ../Sources/Linpack/li_gesl.f
/usr/bin/cpp -traditional -DLINUX -DMPI_OPT -DNETCDF ../Sources/Linpack/li_gbsl.f
/opt/homebrew/opt/open-mpi/bin/mpif90 -fPIC -g -O2 -fexternal-blas -fbacktrace -std=legacy -fallow-argument-mismatch -I/private/tmp/fusion-native-clean-62xzhkrp/repo/external/stellopt-v251/local/libstell_dir -I/opt/homebrew/opt/netcdf-fortran/include -I/opt/homebrew/opt/netcdf/include  -I/opt/homebrew/opt/netcdf-fortran/include -I/opt/homebrew/opt/netcdf/include -I.. -c ../Sources/Linpack/li_gbsl.f
/usr/bin/cpp -traditional -DLINUX -DMPI_OPT -DNETCDF ../Sources/Linpack/li_gbfa.f
/opt/homebrew/opt/open-mpi/bin/mpif90 -fPIC -g -O2 -fexternal-blas -fbacktrace -std=legacy -fallow-argument-mismatch -I/private/tmp/fusion-native-clean-62xzhkrp/repo/external/stellopt-v251/local/libstell_dir -I/opt/homebrew/opt/netcdf-fortran/include -I/opt/homebrew/opt/netcdf/include  -I/opt/homebrew/opt/netcdf-fortran/include -I/opt/homebrew/opt/netcdf/include -I.. -c ../Sources/Linpack/li_gbfa.f
/usr/bin/cpp -traditional -DLINUX -DMPI_OPT -DNETCDF ../Sources/Linpack/li_gefa.f
/opt/homebrew/opt/open-mpi/bin/mpif90 -fPIC -g -O2 -fexternal-blas -fbacktrace -std=legacy -fallow-argument-mismatch -I/private/tmp/fusion-native-clean-62xzhkrp/repo/external/stellopt-v251/local/libstell_dir -I/opt/homebrew/opt/netcdf-fortran/include -I/opt/homebrew/opt/netcdf/include  -I/opt/homebrew/opt/netcdf-fortran/include -I/opt/homebrew/opt/netcdf/include -I.. -c ../Sources/Linpack/li_gefa.f
/opt/homebrew/opt/open-mpi/bin/mpif90 -fPIC -g -O2 -fexternal-blas -fbacktrace -std=legacy -fallow-argument-mismatch -I/private/tmp/fusion-native-clean-62xzhkrp/repo/external/stellopt-v251/local/libstell_dir -I/opt/homebrew/opt/netcdf-fortran/include -I/opt/homebrew/opt/netcdf/include  -I/opt/homebrew/opt/netcdf-fortran/include -I/opt/homebrew/opt/netcdf/include -I. -c ../Sources/Miscel/second0.f
/usr/bin/cpp -traditional -DLINUX -DMPI_OPT -DNETCDF ../Sources/Miscel/getcarg.f
/opt/homebrew/opt/open-mpi/bin/mpif90 -fPIC -g -O2 -fexternal-blas -fbacktrace -std=legacy -fallow-argument-mismatch -I/private/tmp/fusion-native-clean-62xzhkrp/repo/external/stellopt-v251/local/libstell_dir -I/opt/homebrew/opt/netcdf-fortran/include -I/opt/homebrew/opt/netcdf/include  -I/opt/homebrew/opt/netcdf-fortran/include -I/opt/homebrew/opt/netcdf/include -I.. -c ../Sources/Miscel/getcarg.f
/usr/bin/cpp -traditional -DLINUX -DMPI_OPT -DNETCDF ../Sources/Miscel/vmec_chdir.f
/opt/homebrew/opt/open-mpi/bin/mpif90 -fPIC -g -O2 -fexternal-blas -fbacktrace -std=legacy -fallow-argument-mismatch -I/private/tmp/fusion-native-clean-62xzhkrp/repo/external/stellopt-v251/local/libstell_dir -I/opt/homebrew/opt/netcdf-fortran/include -I/opt/homebrew/opt/netcdf/include  -I/opt/homebrew/opt/netcdf-fortran/include -I/opt/homebrew/opt/netcdf/include -I.. -c ../Sources/Miscel/vmec_chdir.f
/opt/homebrew/opt/open-mpi/bin/mpif90 -fPIC -g -O2 -fexternal-blas -fbacktrace -std=legacy -fallow-argument-mismatch -I/private/tmp/fusion-native-clean-62xzhkrp/repo/external/stellopt-v251/local/libstell_dir -I/opt/homebrew/opt/netcdf-fortran/include -I/opt/homebrew/opt/netcdf/include  -I/opt/homebrew/opt/netcdf-fortran/include -I/opt/homebrew/opt/netcdf/include -I. -c ../Sources/Miscel/power_to_legendre.f
/opt/homebrew/opt/open-mpi/bin/mpif90 -fPIC -g -O2 -fexternal-blas -fbacktrace -std=legacy -fallow-argument-mismatch -I/private/tmp/fusion-native-clean-62xzhkrp/repo/external/stellopt-v251/local/libstell_dir -I/opt/homebrew/opt/netcdf-fortran/include -I/opt/homebrew/opt/netcdf/include  -I/opt/homebrew/opt/netcdf-fortran/include -I/opt/homebrew/opt/netcdf/include -I. -c ../Sources/Miscel/blk3d.f
/opt/homebrew/opt/open-mpi/bin/mpif90 -fPIC -g -O2 -fexternal-blas -fbacktrace -std=legacy -fallow-argument-mismatch -I/private/tmp/fusion-native-clean-62xzhkrp/repo/external/stellopt-v251/local/libstell_dir -I/opt/homebrew/opt/netcdf-fortran/include -I/opt/homebrew/opt/netcdf/include  -I/opt/homebrew/opt/netcdf-fortran/include -I/opt/homebrew/opt/netcdf/include -I. -c ../Sources/Miscel/PCHDF.f
/opt/homebrew/opt/open-mpi/bin/mpif90 -fPIC -g -O2 -fexternal-blas -fbacktrace -std=legacy -fallow-argument-mismatch -I/private/tmp/fusion-native-clean-62xzhkrp/repo/external/stellopt-v251/local/libstell_dir -I/opt/homebrew/opt/netcdf-fortran/include -I/opt/homebrew/opt/netcdf/include  -I/opt/homebrew/opt/netcdf-fortran/include -I/opt/homebrew/opt/netcdf/include -I. -c ../Sources/Miscel/spline_cubic.f
/opt/homebrew/opt/open-mpi/bin/mpif90 -fPIC -g -O2 -fexternal-blas -fbacktrace -std=legacy -fallow-argument-mismatch -I/private/tmp/fusion-native-clean-62xzhkrp/repo/external/stellopt-v251/local/libstell_dir -I/opt/homebrew/opt/netcdf-fortran/include -I/opt/homebrew/opt/netcdf/include  -I/opt/homebrew/opt/netcdf-fortran/include -I/opt/homebrew/opt/netcdf/include -I. -c ../Sources/Miscel/fmax.f
/usr/bin/cpp -traditional -DLINUX -DMPI_OPT -DNETCDF ../Sources/Miscel/pxfgetpid.f
/opt/homebrew/opt/open-mpi/bin/mpif90 -fPIC -g -O2 -fexternal-blas -fbacktrace -std=legacy -fallow-argument-mismatch -I/private/tmp/fusion-native-clean-62xzhkrp/repo/external/stellopt-v251/local/libstell_dir -I/opt/homebrew/opt/netcdf-fortran/include -I/opt/homebrew/opt/netcdf/include  -I/opt/homebrew/opt/netcdf-fortran/include -I/opt/homebrew/opt/netcdf/include -I.. -c ../Sources/Miscel/pxfgetpid.f
/opt/homebrew/opt/open-mpi/bin/mpif90 -fPIC -g -O2 -fexternal-blas -fbacktrace -std=legacy -fallow-argument-mismatch -I/private/tmp/fusion-native-clean-62xzhkrp/repo/external/stellopt-v251/local/libstell_dir -I/opt/homebrew/opt/netcdf-fortran/include -I/opt/homebrew/opt/netcdf/include  -I/opt/homebrew/opt/netcdf-fortran/include -I/opt/homebrew/opt/netcdf/include -I. -c ../Sources/Miscel/bextrema.f
/opt/homebrew/opt/open-mpi/bin/mpif90 -fPIC -g -O2 -fexternal-blas -fbacktrace -std=legacy -fallow-argument-mismatch -I/private/tmp/fusion-native-clean-62xzhkrp/repo/external/stellopt-v251/local/libstell_dir -I/opt/homebrew/opt/netcdf-fortran/include -I/opt/homebrew/opt/netcdf/include  -I/opt/homebrew/opt/netcdf-fortran/include -I/opt/homebrew/opt/netcdf/include -I. -c ../Sources/Miscel/spline_akima_int.f
/opt/homebrew/opt/open-mpi/bin/mpif90 -fPIC -g -O2 -fexternal-blas -fbacktrace -std=legacy -fallow-argument-mismatch -I/private/tmp/fusion-native-clean-62xzhkrp/repo/external/stellopt-v251/local/libstell_dir -I/opt/homebrew/opt/netcdf-fortran/include -I/opt/homebrew/opt/netcdf/include  -I/opt/homebrew/opt/netcdf-fortran/include -I/opt/homebrew/opt/netcdf/include -I. -c ../Sources/Miscel/spline.f
/usr/bin/cpp -traditional -DLINUX -DMPI_OPT -DNETCDF ../Sources/Miscel/pxffork.f
/opt/homebrew/opt/open-mpi/bin/mpif90 -fPIC -g -O2 -fexternal-blas -fbacktrace -std=legacy -fallow-argument-mismatch -I/private/tmp/fusion-native-clean-62xzhkrp/repo/external/stellopt-v251/local/libstell_dir -I/opt/homebrew/opt/netcdf-fortran/include -I/opt/homebrew/opt/netcdf/include  -I/opt/homebrew/opt/netcdf-fortran/include -I/opt/homebrew/opt/netcdf/include -I.. -c ../Sources/Miscel/pxffork.f
/opt/homebrew/opt/open-mpi/bin/mpif90 -fPIC -g -O2 -fexternal-blas -fbacktrace -std=legacy -fallow-argument-mismatch -I/private/tmp/fusion-native-clean-62xzhkrp/repo/external/stellopt-v251/local/libstell_dir -I/opt/homebrew/opt/netcdf-fortran/include -I/opt/homebrew/opt/netcdf/include  -I/opt/homebrew/opt/netcdf-fortran/include -I/opt/homebrew/opt/netcdf/include -I. -c ../Sources/Miscel/build_matrices_legendre.f
/opt/homebrew/opt/open-mpi/bin/mpif90 -fPIC -g -O2 -fexternal-blas -fbacktrace -std=legacy -fallow-argument-mismatch -I/private/tmp/fusion-native-clean-62xzhkrp/repo/external/stellopt-v251/local/libstell_dir -I/opt/homebrew/opt/netcdf-fortran/include -I/opt/homebrew/opt/netcdf/include  -I/opt/homebrew/opt/netcdf-fortran/include -I/opt/homebrew/opt/netcdf/include -I. -c ../Sources/Miscel/PCHEZ.f
/opt/homebrew/opt/open-mpi/bin/mpif90 -fPIC -g -O2 -fexternal-blas -fbacktrace -std=legacy -fallow-argument-mismatch -I/private/tmp/fusion-native-clean-62xzhkrp/repo/external/stellopt-v251/local/libstell_dir -I/opt/homebrew/opt/netcdf-fortran/include -I/opt/homebrew/opt/netcdf/include  -I/opt/homebrew/opt/netcdf-fortran/include -I/opt/homebrew/opt/netcdf/include -I. -c ../Sources/Miscel/spline_akima.f
/opt/homebrew/opt/open-mpi/bin/mpif90 -fPIC -g -O2 -fexternal-blas -fbacktrace -std=legacy -fallow-argument-mismatch -I/private/tmp/fusion-native-clean-62xzhkrp/repo/external/stellopt-v251/local/libstell_dir -I/opt/homebrew/opt/netcdf-fortran/include -I/opt/homebrew/opt/netcdf/include  -I/opt/homebrew/opt/netcdf-fortran/include -I/opt/homebrew/opt/netcdf/include -I. -c ../Sources/Miscel/PCHSP.f
/opt/homebrew/opt/open-mpi/bin/mpif90 -fPIC -g -O2 -fexternal-blas -fbacktrace -std=legacy -fallow-argument-mismatch -I/private/tmp/fusion-native-clean-62xzhkrp/repo/external/stellopt-v251/local/libstell_dir -I/opt/homebrew/opt/netcdf-fortran/include -I/opt/homebrew/opt/netcdf/include  -I/opt/homebrew/opt/netcdf-fortran/include -I/opt/homebrew/opt/netcdf/include -I. -c ../Sources/Miscel/PCHFD.f
/opt/homebrew/opt/open-mpi/bin/mpif90 -ffree-form -ffree-line-length-none -ffixed-line-length-none -fPIC -g -O2 -fexternal-blas -fbacktrace -std=legacy -fallow-argument-mismatch -I/private/tmp/fusion-native-clean-62xzhkrp/repo/external/stellopt-v251/local/libstell_dir -I/opt/homebrew/opt/netcdf-fortran/include -I/opt/homebrew/opt/netcdf/include  -I/opt/homebrew/opt/netcdf-fortran/include -I/opt/homebrew/opt/netcdf/include -I.  -c ../Sources/Miscel/init_random_seed.f90
/opt/homebrew/opt/open-mpi/bin/mpif90 -ffree-form -ffree-line-length-none -ffixed-line-length-none -fPIC -g -O2 -fexternal-blas -fbacktrace -std=legacy -fallow-argument-mismatch -I/private/tmp/fusion-native-clean-62xzhkrp/repo/external/stellopt-v251/local/libstell_dir -I/opt/homebrew/opt/netcdf-fortran/include -I/opt/homebrew/opt/netcdf/include  -I/opt/homebrew/opt/netcdf-fortran/include -I/opt/homebrew/opt/netcdf/include -I.  -c ../Sources/Miscel/tolower.f90
/usr/bin/cpp -traditional -DLINUX -DMPI_OPT -DNETCDF ../Sources/Miscel/vmec_getenv.f
/opt/homebrew/opt/open-mpi/bin/mpif90 -fPIC -g -O2 -fexternal-blas -fbacktrace -std=legacy -fallow-argument-mismatch -I/private/tmp/fusion-native-clean-62xzhkrp/repo/external/stellopt-v251/local/libstell_dir -I/opt/homebrew/opt/netcdf-fortran/include -I/opt/homebrew/opt/netcdf/include  -I/opt/homebrew/opt/netcdf-fortran/include -I/opt/homebrew/opt/netcdf/include -I.. -c ../Sources/Miscel/vmec_getenv.f
/usr/bin/cpp -traditional -DLINUX -DMPI_OPT -DNETCDF ../Sources/Miscel/vmec_system.f
/opt/homebrew/opt/open-mpi/bin/mpif90 -fPIC -g -O2 -fexternal-blas -fbacktrace -std=legacy -fallow-argument-mismatch -I/private/tmp/fusion-native-clean-62xzhkrp/repo/external/stellopt-v251/local/libstell_dir -I/opt/homebrew/opt/netcdf-fortran/include -I/opt/homebrew/opt/netcdf/include  -I/opt/homebrew/opt/netcdf-fortran/include -I/opt/homebrew/opt/netcdf/include -I.. -c ../Sources/Miscel/vmec_system.f
/opt/homebrew/opt/open-mpi/bin/mpif90 -fPIC -g -O2 -fexternal-blas -fbacktrace -std=legacy -fallow-argument-mismatch -I/private/tmp/fusion-native-clean-62xzhkrp/repo/external/stellopt-v251/local/libstell_dir -I/opt/homebrew/opt/netcdf-fortran/include -I/opt/homebrew/opt/netcdf/include  -I/opt/homebrew/opt/netcdf-fortran/include -I/opt/homebrew/opt/netcdf/include -I. -c ../Sources/Miscel/line_segment.f
/opt/homebrew/opt/open-mpi/bin/mpif90 -fPIC -g -O2 -fexternal-blas -fbacktrace -std=legacy -fallow-argument-mismatch -I/private/tmp/fusion-native-clean-62xzhkrp/repo/external/stellopt-v251/local/libstell_dir -I/opt/homebrew/opt/netcdf-fortran/include -I/opt/homebrew/opt/netcdf/include  -I/opt/homebrew/opt/netcdf-fortran/include -I/opt/homebrew/opt/netcdf/include -I. -c ../Sources/Miscel/spline_cubic_int.f
/opt/homebrew/opt/open-mpi/bin/mpif90 -fPIC -g -O2 -fexternal-blas -fbacktrace -std=legacy -fallow-argument-mismatch -I/private/tmp/fusion-native-clean-62xzhkrp/repo/external/stellopt-v251/local/libstell_dir -I/opt/homebrew/opt/netcdf-fortran/include -I/opt/homebrew/opt/netcdf/include  -I/opt/homebrew/opt/netcdf-fortran/include -I/opt/homebrew/opt/netcdf/include -I. -c ../Sources/Miscel/legendre_to_power.f
/usr/bin/cpp -traditional -DLINUX -DMPI_OPT -DNETCDF ../Sources/Miscel/pxfwait.f
/opt/homebrew/opt/open-mpi/bin/mpif90 -fPIC -g -O2 -fexternal-blas -fbacktrace -std=legacy -fallow-argument-mismatch -I/private/tmp/fusion-native-clean-62xzhkrp/repo/external/stellopt-v251/local/libstell_dir -I/opt/homebrew/opt/netcdf-fortran/include -I/opt/homebrew/opt/netcdf/include  -I/opt/homebrew/opt/netcdf-fortran/include -I/opt/homebrew/opt/netcdf/include -I.. -c ../Sources/Miscel/pxfwait.f
/opt/homebrew/opt/open-mpi/bin/mpif90 -fPIC -g -O2 -fexternal-blas -fbacktrace -std=legacy -fallow-argument-mismatch -I/private/tmp/fusion-native-clean-62xzhkrp/repo/external/stellopt-v251/local/libstell_dir -I/opt/homebrew/opt/netcdf-fortran/include -I/opt/homebrew/opt/netcdf/include  -I/opt/homebrew/opt/netcdf-fortran/include -I/opt/homebrew/opt/netcdf/include -I. -c ../Sources/Miscel/point_wise_to_power.f
/opt/homebrew/opt/open-mpi/bin/mpif90 -fPIC -g -O2 -fexternal-blas -fbacktrace -std=legacy -fallow-argument-mismatch -I/private/tmp/fusion-native-clean-62xzhkrp/repo/external/stellopt-v251/local/libstell_dir -I/opt/homebrew/opt/netcdf-fortran/include -I/opt/homebrew/opt/netcdf/include  -I/opt/homebrew/opt/netcdf-fortran/include -I/opt/homebrew/opt/netcdf/include -I. -c ../Sources/Miscel/integral.f
/opt/homebrew/opt/open-mpi/bin/mpif90 -fPIC -g -O2 -fexternal-blas -fbacktrace -std=legacy -fallow-argument-mismatch -I/private/tmp/fusion-native-clean-62xzhkrp/repo/external/stellopt-v251/local/libstell_dir -I/opt/homebrew/opt/netcdf-fortran/include -I/opt/homebrew/opt/netcdf/include  -I/opt/homebrew/opt/netcdf-fortran/include -I/opt/homebrew/opt/netcdf/include -I. -c ../Sources/Miscel/fmin.f
/opt/homebrew/opt/open-mpi/bin/mpif90 -fPIC -g -O2 -fexternal-blas -fbacktrace -std=legacy -fallow-argument-mismatch -I/private/tmp/fusion-native-clean-62xzhkrp/repo/external/stellopt-v251/local/libstell_dir -I/opt/homebrew/opt/netcdf-fortran/include -I/opt/homebrew/opt/netcdf/include  -I/opt/homebrew/opt/netcdf-fortran/include -I/opt/homebrew/opt/netcdf/include -I. -c ../Sources/Miscel/solver.f
/opt/homebrew/opt/open-mpi/bin/mpif90 -fPIC -g -O2 -fexternal-blas -fbacktrace -std=legacy -fallow-argument-mismatch -I/private/tmp/fusion-native-clean-62xzhkrp/repo/external/stellopt-v251/local/libstell_dir -I/opt/homebrew/opt/netcdf-fortran/include -I/opt/homebrew/opt/netcdf/include  -I/opt/homebrew/opt/netcdf-fortran/include -I/opt/homebrew/opt/netcdf/include -I. -c ../Sources/Miscel/profile_functions.f
/opt/homebrew/opt/open-mpi/bin/mpif90 -fPIC -g -O2 -fexternal-blas -fbacktrace -std=legacy -fallow-argument-mismatch -I/private/tmp/fusion-native-clean-62xzhkrp/repo/external/stellopt-v251/local/libstell_dir -I/opt/homebrew/opt/netcdf-fortran/include -I/opt/homebrew/opt/netcdf/include  -I/opt/homebrew/opt/netcdf-fortran/include -I/opt/homebrew/opt/netcdf/include -I. -c ../Sources/Miscel/tridslv.f
/opt/homebrew/opt/open-mpi/bin/mpif90 -fPIC -g -O2 -fexternal-blas -fbacktrace -std=legacy -fallow-argument-mismatch -I/private/tmp/fusion-native-clean-62xzhkrp/repo/external/stellopt-v251/local/libstell_dir -I/opt/homebrew/opt/netcdf-fortran/include -I/opt/homebrew/opt/netcdf/include  -I/opt/homebrew/opt/netcdf-fortran/include -I/opt/homebrew/opt/netcdf/include -I. -c ../Sources/Miscel/spline_it.f
/opt/homebrew/opt/open-mpi/bin/mpif90 -fPIC -g -O2 -fexternal-blas -fbacktrace -std=legacy -fallow-argument-mismatch -I/private/tmp/fusion-native-clean-62xzhkrp/repo/external/stellopt-v251/local/libstell_dir -I/opt/homebrew/opt/netcdf-fortran/include -I/opt/homebrew/opt/netcdf/include  -I/opt/homebrew/opt/netcdf-fortran/include -I/opt/homebrew/opt/netcdf/include -I. -c ../Sources/Miscel/PCHST.f
/opt/homebrew/opt/open-mpi/bin/mpif90 -fPIC -g -O2 -fexternal-blas -fbacktrace -std=legacy -fallow-argument-mismatch -I/private/tmp/fusion-native-clean-62xzhkrp/repo/external/stellopt-v251/local/libstell_dir -I/opt/homebrew/opt/netcdf-fortran/include -I/opt/homebrew/opt/netcdf/include  -I/opt/homebrew/opt/netcdf-fortran/include -I/opt/homebrew/opt/netcdf/include -I. -c ../Sources/Miscel/ddsum.f
/opt/homebrew/opt/open-mpi/bin/mpif90 -fPIC -g -O2 -fexternal-blas -fbacktrace -std=legacy -fallow-argument-mismatch -I/private/tmp/fusion-native-clean-62xzhkrp/repo/external/stellopt-v251/local/libstell_dir -I/opt/homebrew/opt/netcdf-fortran/include -I/opt/homebrew/opt/netcdf/include  -I/opt/homebrew/opt/netcdf-fortran/include -I/opt/homebrew/opt/netcdf/include -I. -c ../Sources/Miscel/factorial.f
/opt/homebrew/opt/open-mpi/bin/mpif90 -fPIC -g -O2 -fexternal-blas -fbacktrace -std=legacy -fallow-argument-mismatch -I/private/tmp/fusion-native-clean-62xzhkrp/repo/external/stellopt-v251/local/libstell_dir -I/opt/homebrew/opt/netcdf-fortran/include -I/opt/homebrew/opt/netcdf/include  -I/opt/homebrew/opt/netcdf-fortran/include -I/opt/homebrew/opt/netcdf/include -I. -c ../Sources/Miscel/CHFDV.f
/opt/homebrew/opt/open-mpi/bin/mpif90 -fPIC -g -O2 -fexternal-blas -fbacktrace -std=legacy -fallow-argument-mismatch -I/private/tmp/fusion-native-clean-62xzhkrp/repo/external/stellopt-v251/local/libstell_dir -I/opt/homebrew/opt/netcdf-fortran/include -I/opt/homebrew/opt/netcdf/include  -I/opt/homebrew/opt/netcdf-fortran/include -I/opt/homebrew/opt/netcdf/include -I. -c ../Sources/Miscel/PCHIM.f
/opt/homebrew/opt/open-mpi/bin/mpif90 -fPIC -g -O2 -fexternal-blas -fbacktrace -std=legacy -fallow-argument-mismatch -I/private/tmp/fusion-native-clean-62xzhkrp/repo/external/stellopt-v251/local/libstell_dir -I/opt/homebrew/opt/netcdf-fortran/include -I/opt/homebrew/opt/netcdf/include  -I/opt/homebrew/opt/netcdf-fortran/include -I/opt/homebrew/opt/netcdf/include -I. -c ../Sources/Miscel/multxy.f
/opt/homebrew/opt/open-mpi/bin/mpif90 -fPIC -g -O2 -fexternal-blas -fbacktrace -std=legacy -fallow-argument-mismatch -I/private/tmp/fusion-native-clean-62xzhkrp/repo/external/stellopt-v251/local/libstell_dir -I/opt/homebrew/opt/netcdf-fortran/include -I/opt/homebrew/opt/netcdf/include  -I/opt/homebrew/opt/netcdf-fortran/include -I/opt/homebrew/opt/netcdf/include -I. -c ../Sources/Miscel/convert_boundary.f
/opt/homebrew/opt/open-mpi/bin/mpif90 -fPIC -g -O2 -fexternal-blas -fbacktrace -std=legacy -fallow-argument-mismatch -I/private/tmp/fusion-native-clean-62xzhkrp/repo/external/stellopt-v251/local/libstell_dir -I/opt/homebrew/opt/netcdf-fortran/include -I/opt/homebrew/opt/netcdf/include  -I/opt/homebrew/opt/netcdf-fortran/include -I/opt/homebrew/opt/netcdf/include -I. -c ../Sources/Miscel/getfilesize.f
/opt/homebrew/opt/open-mpi/bin/mpif90 -fPIC -g -O2 -fexternal-blas -fbacktrace -std=legacy -fallow-argument-mismatch -I/private/tmp/fusion-native-clean-62xzhkrp/repo/external/stellopt-v251/local/libstell_dir -I/opt/homebrew/opt/netcdf-fortran/include -I/opt/homebrew/opt/netcdf/include  -I/opt/homebrew/opt/netcdf-fortran/include -I/opt/homebrew/opt/netcdf/include -I. -c ../Sources/Miscel/PCHEV.f
/opt/homebrew/opt/open-mpi/bin/mpif90 -fPIC -g -O2 -fexternal-blas -fbacktrace -std=legacy -fallow-argument-mismatch -I/private/tmp/fusion-native-clean-62xzhkrp/repo/external/stellopt-v251/local/libstell_dir -I/opt/homebrew/opt/netcdf-fortran/include -I/opt/homebrew/opt/netcdf/include  -I/opt/homebrew/opt/netcdf-fortran/include -I/opt/homebrew/opt/netcdf/include -I. -c ../Sources/Miscel/erf.f
/usr/bin/cpp -traditional -DLINUX -DMPI_OPT -DNETCDF ../Sources/Miscel/read_namelist.f
/opt/homebrew/opt/open-mpi/bin/mpif90 -fPIC -g -O2 -fexternal-blas -fbacktrace -std=legacy -fallow-argument-mismatch -I/private/tmp/fusion-native-clean-62xzhkrp/repo/external/stellopt-v251/local/libstell_dir -I/opt/homebrew/opt/netcdf-fortran/include -I/opt/homebrew/opt/netcdf/include  -I/opt/homebrew/opt/netcdf-fortran/include -I/opt/homebrew/opt/netcdf/include -I.. -c ../Sources/Miscel/read_namelist.f
/opt/homebrew/opt/open-mpi/bin/mpif90 -fPIC -g -O2 -fexternal-blas -fbacktrace -std=legacy -fallow-argument-mismatch -I/private/tmp/fusion-native-clean-62xzhkrp/repo/external/stellopt-v251/local/libstell_dir -I/opt/homebrew/opt/netcdf-fortran/include -I/opt/homebrew/opt/netcdf/include  -I/opt/homebrew/opt/netcdf-fortran/include -I/opt/homebrew/opt/netcdf/include -I. -c ../Sources/Miscel/strip_comments.f
/opt/homebrew/opt/open-mpi/bin/mpif90 -fPIC -g -O2 -fexternal-blas -fbacktrace -std=legacy -fallow-argument-mismatch -I/private/tmp/fusion-native-clean-62xzhkrp/repo/external/stellopt-v251/local/libstell_dir -I/opt/homebrew/opt/netcdf-fortran/include -I/opt/homebrew/opt/netcdf/include  -I/opt/homebrew/opt/netcdf-fortran/include -I/opt/homebrew/opt/netcdf/include -I. -c ../Sources/Miscel/splint.f
/opt/homebrew/opt/open-mpi/bin/mpif90 -fPIC -g -O2 -fexternal-blas -fbacktrace -std=legacy -fallow-argument-mismatch -I/private/tmp/fusion-native-clean-62xzhkrp/repo/external/stellopt-v251/local/libstell_dir -I/opt/homebrew/opt/netcdf-fortran/include -I/opt/homebrew/opt/netcdf/include  -I/opt/homebrew/opt/netcdf-fortran/include -I/opt/homebrew/opt/netcdf/include -I. -c ../Sources/Miscel/parse_extension.f
/opt/homebrew/opt/open-mpi/bin/mpif90 -fPIC -g -O2 -fexternal-blas -fbacktrace -std=legacy -fallow-argument-mismatch -I/private/tmp/fusion-native-clean-62xzhkrp/repo/external/stellopt-v251/local/libstell_dir -I/opt/homebrew/opt/netcdf-fortran/include -I/opt/homebrew/opt/netcdf/include  -I/opt/homebrew/opt/netcdf-fortran/include -I/opt/homebrew/opt/netcdf/include -I. -c ../Sources/Miscel/convert_boundary_PG.f
/opt/homebrew/opt/open-mpi/bin/mpif90 -fPIC -g -O2 -fexternal-blas -fbacktrace -std=legacy -fallow-argument-mismatch -I/private/tmp/fusion-native-clean-62xzhkrp/repo/external/stellopt-v251/local/libstell_dir -I/opt/homebrew/opt/netcdf-fortran/include -I/opt/homebrew/opt/netcdf/include  -I/opt/homebrew/opt/netcdf-fortran/include -I/opt/homebrew/opt/netcdf/include -I. -c ../Sources/Miscel/vmec_putenv.f
/opt/homebrew/opt/open-mpi/bin/mpif90 -fPIC -g -O2 -fexternal-blas -fbacktrace -std=legacy -fallow-argument-mismatch -I/private/tmp/fusion-native-clean-62xzhkrp/repo/external/stellopt-v251/local/libstell_dir -I/opt/homebrew/opt/netcdf-fortran/include -I/opt/homebrew/opt/netcdf/include  -I/opt/homebrew/opt/netcdf-fortran/include -I/opt/homebrew/opt/netcdf/include -I. -c ../Sources/Optimization/ga_restart.f
/opt/homebrew/opt/open-mpi/bin/mpif90 -fPIC -g -O2 -fexternal-blas -fbacktrace -std=legacy -fallow-argument-mismatch -I/private/tmp/fusion-native-clean-62xzhkrp/repo/external/stellopt-v251/local/libstell_dir -I/opt/homebrew/opt/netcdf-fortran/include -I/opt/homebrew/opt/netcdf/include  -I/opt/homebrew/opt/netcdf-fortran/include -I/opt/homebrew/opt/netcdf/include -I. -c ../Sources/Optimization/ga_newgen.f
/usr/bin/cpp -traditional -DLINUX -DMPI_OPT -DNETCDF ../Sources/Optimization/xvec_eval.f90
/opt/homebrew/opt/open-mpi/bin/mpif90 -ffree-form -ffree-line-length-none -ffixed-line-length-none -fPIC -g -O2 -fexternal-blas -fbacktrace -std=legacy -fallow-argument-mismatch -I/private/tmp/fusion-native-clean-62xzhkrp/repo/external/stellopt-v251/local/libstell_dir -I/opt/homebrew/opt/netcdf-fortran/include -I/opt/homebrew/opt/netcdf/include  -I/opt/homebrew/opt/netcdf-fortran/include -I/opt/homebrew/opt/netcdf/include -I..  -c ../Sources/Optimization/xvec_eval.f90
/opt/homebrew/opt/open-mpi/bin/mpif90 -fPIC -g -O2 -fexternal-blas -fbacktrace -std=legacy -fallow-argument-mismatch -I/private/tmp/fusion-native-clean-62xzhkrp/repo/external/stellopt-v251/local/libstell_dir -I/opt/homebrew/opt/netcdf-fortran/include -I/opt/homebrew/opt/netcdf/include  -I/opt/homebrew/opt/netcdf-fortran/include -I/opt/homebrew/opt/netcdf/include -I. -c ../Sources/Optimization/dpmpar.f
/usr/bin/cpp -traditional -DLINUX -DMPI_OPT -DNETCDF ../Sources/Optimization/ga_evalout.f
/opt/homebrew/opt/open-mpi/bin/mpif90 -fPIC -g -O2 -fexternal-blas -fbacktrace -std=legacy -fallow-argument-mismatch -I/private/tmp/fusion-native-clean-62xzhkrp/repo/external/stellopt-v251/local/libstell_dir -I/opt/homebrew/opt/netcdf-fortran/include -I/opt/homebrew/opt/netcdf/include  -I/opt/homebrew/opt/netcdf-fortran/include -I/opt/homebrew/opt/netcdf/include -I.. -c ../Sources/Optimization/ga_evalout.f
/opt/homebrew/opt/open-mpi/bin/mpif90 -fPIC -g -O2 -fexternal-blas -fbacktrace -std=legacy -fallow-argument-mismatch -I/private/tmp/fusion-native-clean-62xzhkrp/repo/external/stellopt-v251/local/libstell_dir -I/opt/homebrew/opt/netcdf-fortran/include -I/opt/homebrew/opt/netcdf/include  -I/opt/homebrew/opt/netcdf-fortran/include -I/opt/homebrew/opt/netcdf/include -I. -c ../Sources/Optimization/ran3.f
/usr/bin/cpp -traditional -DLINUX -DMPI_OPT -DNETCDF ../Sources/Optimization/DE2_Evolve.f
DE2_Evolve.c:16:10: warning: empty character constant [-Winvalid-pp-token]
   16 | !    ICEC''96 contest by differential evolution. IEEE conf. on Evolutionary
      |          ^
DE2_Evolve.c:35:17: warning: empty character constant [-Winvalid-pp-token]
   35 | ! Here are Storn''s comments on the different strategies:
      |                 ^
DE2_Evolve.c:105:39: warning: missing terminating ' character [-Winvalid-pp-token]
  105 | !        x_array        Array of all X's for the population
      |                                       ^
3 warnings generated.
/opt/homebrew/opt/open-mpi/bin/mpif90 -fPIC -g -O2 -fexternal-blas -fbacktrace -std=legacy -fallow-argument-mismatch -I/private/tmp/fusion-native-clean-62xzhkrp/repo/external/stellopt-v251/local/libstell_dir -I/opt/homebrew/opt/netcdf-fortran/include -I/opt/homebrew/opt/netcdf/include  -I/opt/homebrew/opt/netcdf-fortran/include -I/opt/homebrew/opt/netcdf/include -I.. -c ../Sources/Optimization/DE2_Evolve.f
DE2_Evolve.c:203:21:

......
Warning: Rank mismatch between actual argument at (1) and actual argument at (2) (rank-1 and scalar)
DE2_Evolve.c:256:29:

......
Warning: Type mismatch between actual argument at (1) and actual argument at (2) (INTEGER(4)/REAL(8)).
DE2_Evolve.c:266:32:

......
Warning: Type mismatch between actual argument at (1) and actual argument at (2) (REAL(8)/INTEGER(4)).
DE2_Evolve.c:330:21:

......
Warning: Rank mismatch between actual argument at (1) and actual argument at (2) (rank-1 and scalar)
DE2_Evolve.c:611:24:

......
Warning: Type mismatch between actual argument at (1) and actual argument at (2) (INTEGER(4)/REAL(8)).
DE2_Evolve.c:614:24:

......
Warning: Rank mismatch between actual argument at (1) and actual argument at (2) (rank-1 and scalar)
DE2_Evolve.c:617:24:

......
Warning: Rank mismatch between actual argument at (1) and actual argument at (2) (rank-1 and scalar)
/usr/bin/cpp -traditional -DLINUX -DMPI_OPT -DNETCDF ../Sources/Optimization/DE_driver.f
/opt/homebrew/opt/open-mpi/bin/mpif90 -fPIC -g -O2 -fexternal-blas -fbacktrace -std=legacy -fallow-argument-mismatch -I/private/tmp/fusion-native-clean-62xzhkrp/repo/external/stellopt-v251/local/libstell_dir -I/opt/homebrew/opt/netcdf-fortran/include -I/opt/homebrew/opt/netcdf/include  -I/opt/homebrew/opt/netcdf-fortran/include -I/opt/homebrew/opt/netcdf/include -I.. -c ../Sources/Optimization/DE_driver.f
/usr/bin/cpp -traditional -DLINUX -DMPI_OPT -DNETCDF ../Sources/Optimization/ga_initial.f
/opt/homebrew/opt/open-mpi/bin/mpif90 -fPIC -g -O2 -fexternal-blas -fbacktrace -std=legacy -fallow-argument-mismatch -I/private/tmp/fusion-native-clean-62xzhkrp/repo/external/stellopt-v251/local/libstell_dir -I/opt/homebrew/opt/netcdf-fortran/include -I/opt/homebrew/opt/netcdf/include  -I/opt/homebrew/opt/netcdf-fortran/include -I/opt/homebrew/opt/netcdf/include -I.. -c ../Sources/Optimization/ga_initial.f
ga_initial.c:100:24:

......
Warning: Type mismatch between actual argument at (1) and actual argument at (2) (REAL(8)/INTEGER(4)).
/usr/bin/cpp -traditional -DLINUX -DMPI_OPT -DNETCDF ../Sources/Optimization/DE_Evolve.f
DE_Evolve.c:18:10: warning: empty character constant [-Winvalid-pp-token]
   18 | !    ICEC''96 contest by differential evolution. IEEE conf. on Evolutionary
      |          ^
DE_Evolve.c:417:17: warning: empty character constant [-Winvalid-pp-token]
  417 | ! Here are Storn''s comments on the different strategies:
      |                 ^
2 warnings generated.
/opt/homebrew/opt/open-mpi/bin/mpif90 -fPIC -g -O2 -fexternal-blas -fbacktrace -std=legacy -fallow-argument-mismatch -I/private/tmp/fusion-native-clean-62xzhkrp/repo/external/stellopt-v251/local/libstell_dir -I/opt/homebrew/opt/netcdf-fortran/include -I/opt/homebrew/opt/netcdf/include  -I/opt/homebrew/opt/netcdf-fortran/include -I/opt/homebrew/opt/netcdf/include -I.. -c ../Sources/Optimization/DE_Evolve.f
DE_Evolve.c:192:21:

......
Warning: Type mismatch between actual argument at (1) and actual argument at (2) (INTEGER(4)/REAL(8)).
DE_Evolve.c:254:29:

......
Warning: Type mismatch between actual argument at (1) and actual argument at (2) (INTEGER(4)/REAL(8)).
DE_Evolve.c:262:32:

......
Warning: Type mismatch between actual argument at (1) and actual argument at (2) (REAL(8)/INTEGER(4)).
/usr/bin/cpp -traditional -DLINUX -DMPI_OPT -DNETCDF ../Sources/Optimization/fdjac_mod.f
fdjac_mod.c:631:21: warning: empty character constant [-Winvalid-pp-token]
  631 |          jac_file = ''
      |                     ^
1 warning generated.
/opt/homebrew/opt/open-mpi/bin/mpif90 -fPIC -g -O2 -fexternal-blas -fbacktrace -std=legacy -fallow-argument-mismatch -I/private/tmp/fusion-native-clean-62xzhkrp/repo/external/stellopt-v251/local/libstell_dir -I/opt/homebrew/opt/netcdf-fortran/include -I/opt/homebrew/opt/netcdf/include  -I/opt/homebrew/opt/netcdf-fortran/include -I/opt/homebrew/opt/netcdf/include -I.. -c ../Sources/Optimization/fdjac_mod.f
fdjac_mod.c:534:29:

......
Warning: Type mismatch between actual argument at (1) and actual argument at (2) (INTEGER(4)/REAL(8)).
fdjac_mod.c:668:21:

......
Warning: Type mismatch between actual argument at (1) and actual argument at (2) (REAL(8)/INTEGER(4)).
fdjac_mod.c:671:21:

......
Warning: Rank mismatch between actual argument at (1) and actual argument at (2) (scalar and rank-1)
fdjac_mod.c:674:21:

......
Warning: Rank mismatch between actual argument at (1) and actual argument at (2) (scalar and rank-1)
fdjac_mod.c:175:28:

......
Warning: Type mismatch between actual argument at (1) and actual argument at (2) (REAL(8)/INTEGER(4)).
fdjac_mod.c:176:14:

......
Warning: Type mismatch between actual argument at (1) and actual argument at (2) (REAL(8)/INTEGER(4)).
/usr/bin/cpp -traditional -DLINUX -DMPI_OPT -DNETCDF ../Sources/Optimization/fdjac_parallel.f
/opt/homebrew/opt/open-mpi/bin/mpif90 -fPIC -g -O2 -fexternal-blas -fbacktrace -std=legacy -fallow-argument-mismatch -I/private/tmp/fusion-native-clean-62xzhkrp/repo/external/stellopt-v251/local/libstell_dir -I/opt/homebrew/opt/netcdf-fortran/include -I/opt/homebrew/opt/netcdf/include  -I/opt/homebrew/opt/netcdf-fortran/include -I/opt/homebrew/opt/netcdf/include -I.. -c ../Sources/Optimization/fdjac_parallel.f
/opt/homebrew/opt/open-mpi/bin/mpif90 -fPIC -g -O2 -fexternal-blas -fbacktrace -std=legacy -fallow-argument-mismatch -I/private/tmp/fusion-native-clean-62xzhkrp/repo/external/stellopt-v251/local/libstell_dir -I/opt/homebrew/opt/netcdf-fortran/include -I/opt/homebrew/opt/netcdf/include  -I/opt/homebrew/opt/netcdf-fortran/include -I/opt/homebrew/opt/netcdf/include -I. -c ../Sources/Optimization/lmdif1_mp.f
/opt/homebrew/opt/open-mpi/bin/mpif90 -fPIC -g -O2 -fexternal-blas -fbacktrace -std=legacy -fallow-argument-mismatch -I/private/tmp/fusion-native-clean-62xzhkrp/repo/external/stellopt-v251/local/libstell_dir -I/opt/homebrew/opt/netcdf-fortran/include -I/opt/homebrew/opt/netcdf/include  -I/opt/homebrew/opt/netcdf-fortran/include -I/opt/homebrew/opt/netcdf/include -I. -c ../Sources/Optimization/lmpar.f
/opt/homebrew/opt/open-mpi/bin/mpif90 -fPIC -g -O2 -fexternal-blas -fbacktrace -std=legacy -fallow-argument-mismatch -I/private/tmp/fusion-native-clean-62xzhkrp/repo/external/stellopt-v251/local/libstell_dir -I/opt/homebrew/opt/netcdf-fortran/include -I/opt/homebrew/opt/netcdf/include  -I/opt/homebrew/opt/netcdf-fortran/include -I/opt/homebrew/opt/netcdf/include -I. -c ../Sources/Optimization/ga_evaluate.f
/opt/homebrew/opt/open-mpi/bin/mpif90 -fPIC -g -O2 -fexternal-blas -fbacktrace -std=legacy -fallow-argument-mismatch -I/private/tmp/fusion-native-clean-62xzhkrp/repo/external/stellopt-v251/local/libstell_dir -I/opt/homebrew/opt/netcdf-fortran/include -I/opt/homebrew/opt/netcdf/include  -I/opt/homebrew/opt/netcdf-fortran/include -I/opt/homebrew/opt/netcdf/include -I. -c ../Sources/Optimization/GA_preset.f
/opt/homebrew/opt/open-mpi/bin/mpif90 -fPIC -g -O2 -fexternal-blas -fbacktrace -std=legacy -fallow-argument-mismatch -I/private/tmp/fusion-native-clean-62xzhkrp/repo/external/stellopt-v251/local/libstell_dir -I/opt/homebrew/opt/netcdf-fortran/include -I/opt/homebrew/opt/netcdf/include  -I/opt/homebrew/opt/netcdf-fortran/include -I/opt/homebrew/opt/netcdf/include -I. -c ../Sources/Optimization/ga_shuffle.f
/usr/bin/cpp -traditional -DLINUX -DMPI_OPT -DNETCDF ../Sources/Optimization/multiprocess.f
/opt/homebrew/opt/open-mpi/bin/mpif90 -fPIC -g -O2 -fexternal-blas -fbacktrace -std=legacy -fallow-argument-mismatch -I/private/tmp/fusion-native-clean-62xzhkrp/repo/external/stellopt-v251/local/libstell_dir -I/opt/homebrew/opt/netcdf-fortran/include -I/opt/homebrew/opt/netcdf/include  -I/opt/homebrew/opt/netcdf-fortran/include -I/opt/homebrew/opt/netcdf/include -I.. -c ../Sources/Optimization/multiprocess.f
/usr/bin/cpp -traditional -DLINUX -DMPI_OPT -DNETCDF ../Sources/Optimization/MAP.f90
/opt/homebrew/opt/open-mpi/bin/mpif90 -ffree-form -ffree-line-length-none -ffixed-line-length-none -fPIC -g -O2 -fexternal-blas -fbacktrace -std=legacy -fallow-argument-mismatch -I/private/tmp/fusion-native-clean-62xzhkrp/repo/external/stellopt-v251/local/libstell_dir -I/opt/homebrew/opt/netcdf-fortran/include -I/opt/homebrew/opt/netcdf/include  -I/opt/homebrew/opt/netcdf-fortran/include -I/opt/homebrew/opt/netcdf/include -I..  -c ../Sources/Optimization/MAP.f90
MAP.c:164:30:

......
Warning: Type mismatch between actual argument at (1) and actual argument at (2) (INTEGER(4)/REAL(8)).
/usr/bin/cpp -traditional -DLINUX -DMPI_OPT -DNETCDF ../Sources/Optimization/PSO_Evolve.f
PSO_Evolve.c:78:39: warning: missing terminating ' character [-Winvalid-pp-token]
   78 | !        x_array        Array of all X's for the population
      |                                       ^
PSO_Evolve.c:194:61: warning: missing terminating ' character [-Winvalid-pp-token]
  194 |                IF (generation == 0) THEN ! do this so we don't auto-exit first iteration
      |                                                             ^
2 warnings generated.
/opt/homebrew/opt/open-mpi/bin/mpif90 -fPIC -g -O2 -fexternal-blas -fbacktrace -std=legacy -fallow-argument-mismatch -I/private/tmp/fusion-native-clean-62xzhkrp/repo/external/stellopt-v251/local/libstell_dir -I/opt/homebrew/opt/netcdf-fortran/include -I/opt/homebrew/opt/netcdf/include  -I/opt/homebrew/opt/netcdf-fortran/include -I/opt/homebrew/opt/netcdf/include -I.. -c ../Sources/Optimization/PSO_Evolve.f
PSO_Evolve.c:212:24:

......
Warning: Type mismatch between actual argument at (1) and actual argument at (2) (INTEGER(4)/REAL(8)).
PSO_Evolve.c:222:27:

......
Warning: Rank mismatch between actual argument at (1) and actual argument at (2) (rank-1 and scalar)
/opt/homebrew/opt/open-mpi/bin/mpif90 -fPIC -g -O2 -fexternal-blas -fbacktrace -std=legacy -fallow-argument-mismatch -I/private/tmp/fusion-native-clean-62xzhkrp/repo/external/stellopt-v251/local/libstell_dir -I/opt/homebrew/opt/netcdf-fortran/include -I/opt/homebrew/opt/netcdf/include  -I/opt/homebrew/opt/netcdf-fortran/include -I/opt/homebrew/opt/netcdf/include -I. -c ../Sources/Optimization/qrfac.f
/opt/homebrew/opt/open-mpi/bin/mpif90 -fPIC -g -O2 -fexternal-blas -fbacktrace -std=legacy -fallow-argument-mismatch -I/private/tmp/fusion-native-clean-62xzhkrp/repo/external/stellopt-v251/local/libstell_dir -I/opt/homebrew/opt/netcdf-fortran/include -I/opt/homebrew/opt/netcdf/include  -I/opt/homebrew/opt/netcdf-fortran/include -I/opt/homebrew/opt/netcdf/include -I. -c ../Sources/Optimization/ga_select.f
/usr/bin/cpp -traditional -DLINUX -DMPI_OPT -DNETCDF ../Sources/Optimization/ga_fitness_mpi.f
/opt/homebrew/opt/open-mpi/bin/mpif90 -fPIC -g -O2 -fexternal-blas -fbacktrace -std=legacy -fallow-argument-mismatch -I/private/tmp/fusion-native-clean-62xzhkrp/repo/external/stellopt-v251/local/libstell_dir -I/opt/homebrew/opt/netcdf-fortran/include -I/opt/homebrew/opt/netcdf/include  -I/opt/homebrew/opt/netcdf-fortran/include -I/opt/homebrew/opt/netcdf/include -I.. -c ../Sources/Optimization/ga_fitness_mpi.f
ga_fitness_mpi.c:83:29:

......
Warning: Type mismatch between actual argument at (1) and actual argument at (2) (INTEGER(4)/REAL(8)).
/opt/homebrew/opt/open-mpi/bin/mpif90 -fPIC -g -O2 -fexternal-blas -fbacktrace -std=legacy -fallow-argument-mismatch -I/private/tmp/fusion-native-clean-62xzhkrp/repo/external/stellopt-v251/local/libstell_dir -I/opt/homebrew/opt/netcdf-fortran/include -I/opt/homebrew/opt/netcdf/include  -I/opt/homebrew/opt/netcdf-fortran/include -I/opt/homebrew/opt/netcdf/include -I. -c ../Sources/Optimization/ga_niche.f
/opt/homebrew/opt/open-mpi/bin/mpif90 -fPIC -g -O2 -fexternal-blas -fbacktrace -std=legacy -fallow-argument-mismatch -I/private/tmp/fusion-native-clean-62xzhkrp/repo/external/stellopt-v251/local/libstell_dir -I/opt/homebrew/opt/netcdf-fortran/include -I/opt/homebrew/opt/netcdf/include  -I/opt/homebrew/opt/netcdf-fortran/include -I/opt/homebrew/opt/netcdf/include -I. -c ../Sources/Optimization/qrsolv.f
/opt/homebrew/opt/open-mpi/bin/mpif90 -fPIC -g -O2 -fexternal-blas -fbacktrace -std=legacy -fallow-argument-mismatch -I/private/tmp/fusion-native-clean-62xzhkrp/repo/external/stellopt-v251/local/libstell_dir -I/opt/homebrew/opt/netcdf-fortran/include -I/opt/homebrew/opt/netcdf/include  -I/opt/homebrew/opt/netcdf-fortran/include -I/opt/homebrew/opt/netcdf/include -I. -c ../Sources/Optimization/ga_possibl.f
/usr/bin/cpp -traditional -DLINUX -DMPI_OPT -DNETCDF ../Sources/Optimization/ga_sp.f
/opt/homebrew/opt/open-mpi/bin/mpif90 -fPIC -g -O2 -fexternal-blas -fbacktrace -std=legacy -fallow-argument-mismatch -I/private/tmp/fusion-native-clean-62xzhkrp/repo/external/stellopt-v251/local/libstell_dir -I/opt/homebrew/opt/netcdf-fortran/include -I/opt/homebrew/opt/netcdf/include  -I/opt/homebrew/opt/netcdf-fortran/include -I/opt/homebrew/opt/netcdf/include -I.. -c ../Sources/Optimization/ga_sp.f
/opt/homebrew/opt/open-mpi/bin/mpif90 -fPIC -g -O2 -fexternal-blas -fbacktrace -std=legacy -fallow-argument-mismatch -I/private/tmp/fusion-native-clean-62xzhkrp/repo/external/stellopt-v251/local/libstell_dir -I/opt/homebrew/opt/netcdf-fortran/include -I/opt/homebrew/opt/netcdf/include  -I/opt/homebrew/opt/netcdf-fortran/include -I/opt/homebrew/opt/netcdf/include -I. -c ../Sources/Optimization/write_gade_nml.f
/usr/bin/cpp -traditional -DLINUX -DMPI_OPT -DNETCDF ../Sources/Optimization/myfork.f
/opt/homebrew/opt/open-mpi/bin/mpif90 -fPIC -g -O2 -fexternal-blas -fbacktrace -std=legacy -fallow-argument-mismatch -I/private/tmp/fusion-native-clean-62xzhkrp/repo/external/stellopt-v251/local/libstell_dir -I/opt/homebrew/opt/netcdf-fortran/include -I/opt/homebrew/opt/netcdf/include  -I/opt/homebrew/opt/netcdf-fortran/include -I/opt/homebrew/opt/netcdf/include -I.. -c ../Sources/Optimization/myfork.f
/usr/bin/cpp -traditional -DLINUX -DMPI_OPT -DNETCDF ../Sources/Optimization/DE_Evaluate.f
/opt/homebrew/opt/open-mpi/bin/mpif90 -fPIC -g -O2 -fexternal-blas -fbacktrace -std=legacy -fallow-argument-mismatch -I/private/tmp/fusion-native-clean-62xzhkrp/repo/external/stellopt-v251/local/libstell_dir -I/opt/homebrew/opt/netcdf-fortran/include -I/opt/homebrew/opt/netcdf/include  -I/opt/homebrew/opt/netcdf-fortran/include -I/opt/homebrew/opt/netcdf/include -I.. -c ../Sources/Optimization/DE_Evaluate.f
/opt/homebrew/opt/open-mpi/bin/mpif90 -fPIC -g -O2 -fexternal-blas -fbacktrace -std=legacy -fallow-argument-mismatch -I/private/tmp/fusion-native-clean-62xzhkrp/repo/external/stellopt-v251/local/libstell_dir -I/opt/homebrew/opt/netcdf-fortran/include -I/opt/homebrew/opt/netcdf/include  -I/opt/homebrew/opt/netcdf-fortran/include -I/opt/homebrew/opt/netcdf/include -I. -c ../Sources/Optimization/ga_selectn.f
/opt/homebrew/opt/open-mpi/bin/mpif90 -fPIC -g -O2 -fexternal-blas -fbacktrace -std=legacy -fallow-argument-mismatch -I/private/tmp/fusion-native-clean-62xzhkrp/repo/external/stellopt-v251/local/libstell_dir -I/opt/homebrew/opt/netcdf-fortran/include -I/opt/homebrew/opt/netcdf/include  -I/opt/homebrew/opt/netcdf-fortran/include -I/opt/homebrew/opt/netcdf/include -I. -c ../Sources/Optimization/lmpar_serial.f
/opt/homebrew/opt/open-mpi/bin/mpif90 -fPIC -g -O2 -fexternal-blas -fbacktrace -std=legacy -fallow-argument-mismatch -I/private/tmp/fusion-native-clean-62xzhkrp/repo/external/stellopt-v251/local/libstell_dir -I/opt/homebrew/opt/netcdf-fortran/include -I/opt/homebrew/opt/netcdf/include  -I/opt/homebrew/opt/netcdf-fortran/include -I/opt/homebrew/opt/netcdf/include -I. -c ../Sources/Optimization/ga_decode.f
/opt/homebrew/opt/open-mpi/bin/mpif90 -fPIC -g -O2 -fexternal-blas -fbacktrace -std=legacy -fallow-argument-mismatch -I/private/tmp/fusion-native-clean-62xzhkrp/repo/external/stellopt-v251/local/libstell_dir -I/opt/homebrew/opt/netcdf-fortran/include -I/opt/homebrew/opt/netcdf/include  -I/opt/homebrew/opt/netcdf-fortran/include -I/opt/homebrew/opt/netcdf/include -I. -c ../Sources/Optimization/unique_boundary.f
/usr/bin/cpp -traditional -DLINUX -DMPI_OPT -DNETCDF ../Sources/Optimization/lmpar_mod.f
/opt/homebrew/opt/open-mpi/bin/mpif90 -fPIC -g -O2 -fexternal-blas -fbacktrace -std=legacy -fallow-argument-mismatch -I/private/tmp/fusion-native-clean-62xzhkrp/repo/external/stellopt-v251/local/libstell_dir -I/opt/homebrew/opt/netcdf-fortran/include -I/opt/homebrew/opt/netcdf/include  -I/opt/homebrew/opt/netcdf-fortran/include -I/opt/homebrew/opt/netcdf/include -I.. -c ../Sources/Optimization/lmpar_mod.f
lmpar_mod.c:184:25:

......
Warning: Type mismatch between actual argument at (1) and actual argument at (2) (REAL(8)/INTEGER(4)).
lmpar_mod.c:184:47:

......
Warning: Type mismatch between actual argument at (1) and actual argument at (2) (REAL(8)/INTEGER(4)).
lmpar_mod.c:251:21:

......
Warning: Rank mismatch between actual argument at (1) and actual argument at (2) (scalar and rank-1)
lmpar_mod.c:254:21:

......
Warning: Rank mismatch between actual argument at (1) and actual argument at (2) (scalar and rank-1)
lmpar_mod.c:257:21:

......
Warning: Rank mismatch between actual argument at (1) and actual argument at (2) (scalar and rank-1)
lmpar_mod.c:260:21:

......
Warning: Rank mismatch between actual argument at (1) and actual argument at (2) (scalar and rank-1)
/usr/bin/cpp -traditional -DLINUX -DMPI_OPT -DNETCDF ../Sources/Optimization/lmdif.f
/opt/homebrew/opt/open-mpi/bin/mpif90 -fPIC -g -O2 -fexternal-blas -fbacktrace -std=legacy -fallow-argument-mismatch -I/private/tmp/fusion-native-clean-62xzhkrp/repo/external/stellopt-v251/local/libstell_dir -I/opt/homebrew/opt/netcdf-fortran/include -I/opt/homebrew/opt/netcdf/include  -I/opt/homebrew/opt/netcdf-fortran/include -I/opt/homebrew/opt/netcdf/include -I.. -c ../Sources/Optimization/lmdif.f
lmdif.c:372:21:

......
Warning: Type mismatch between actual argument at (1) and actual argument at (2) (INTEGER(4)/REAL(8)).
/usr/bin/cpp -traditional -DLINUX -DMPI_OPT -DNETCDF ../Sources/Optimization/lmpar_parallel.f
/opt/homebrew/opt/open-mpi/bin/mpif90 -fPIC -g -O2 -fexternal-blas -fbacktrace -std=legacy -fallow-argument-mismatch -I/private/tmp/fusion-native-clean-62xzhkrp/repo/external/stellopt-v251/local/libstell_dir -I/opt/homebrew/opt/netcdf-fortran/include -I/opt/homebrew/opt/netcdf/include  -I/opt/homebrew/opt/netcdf-fortran/include -I/opt/homebrew/opt/netcdf/include -I.. -c ../Sources/Optimization/lmpar_parallel.f
/usr/bin/cpp -traditional -DLINUX -DMPI_OPT -DNETCDF ../Sources/Optimization/lmdif1.f
/opt/homebrew/opt/open-mpi/bin/mpif90 -fPIC -g -O2 -fexternal-blas -fbacktrace -std=legacy -fallow-argument-mismatch -I/private/tmp/fusion-native-clean-62xzhkrp/repo/external/stellopt-v251/local/libstell_dir -I/opt/homebrew/opt/netcdf-fortran/include -I/opt/homebrew/opt/netcdf/include  -I/opt/homebrew/opt/netcdf-fortran/include -I/opt/homebrew/opt/netcdf/include -I.. -c ../Sources/Optimization/lmdif1.f
/opt/homebrew/opt/open-mpi/bin/mpif90 -fPIC -g -O2 -fexternal-blas -fbacktrace -std=legacy -fallow-argument-mismatch -I/private/tmp/fusion-native-clean-62xzhkrp/repo/external/stellopt-v251/local/libstell_dir -I/opt/homebrew/opt/netcdf-fortran/include -I/opt/homebrew/opt/netcdf/include  -I/opt/homebrew/opt/netcdf-fortran/include -I/opt/homebrew/opt/netcdf/include -I. -c ../Sources/Optimization/ga_micro.f
/usr/bin/cpp -traditional -DLINUX -DMPI_OPT -DNETCDF ../Sources/Optimization/ga_fitness_parallel.f
/opt/homebrew/opt/open-mpi/bin/mpif90 -fPIC -g -O2 -fexternal-blas -fbacktrace -std=legacy -fallow-argument-mismatch -I/private/tmp/fusion-native-clean-62xzhkrp/repo/external/stellopt-v251/local/libstell_dir -I/opt/homebrew/opt/netcdf-fortran/include -I/opt/homebrew/opt/netcdf/include  -I/opt/homebrew/opt/netcdf-fortran/include -I/opt/homebrew/opt/netcdf/include -I.. -c ../Sources/Optimization/ga_fitness_parallel.f
/usr/bin/cpp -traditional -DLINUX -DMPI_OPT -DNETCDF ../Sources/Optimization/de_parallel.f
/opt/homebrew/opt/open-mpi/bin/mpif90 -fPIC -g -O2 -fexternal-blas -fbacktrace -std=legacy -fallow-argument-mismatch -I/private/tmp/fusion-native-clean-62xzhkrp/repo/external/stellopt-v251/local/libstell_dir -I/opt/homebrew/opt/netcdf-fortran/include -I/opt/homebrew/opt/netcdf/include  -I/opt/homebrew/opt/netcdf-fortran/include -I/opt/homebrew/opt/netcdf/include -I.. -c ../Sources/Optimization/de_parallel.f
/opt/homebrew/opt/open-mpi/bin/mpif90 -fPIC -g -O2 -fexternal-blas -fbacktrace -std=legacy -fallow-argument-mismatch -I/private/tmp/fusion-native-clean-62xzhkrp/repo/external/stellopt-v251/local/libstell_dir -I/opt/homebrew/opt/netcdf-fortran/include -I/opt/homebrew/opt/netcdf/include  -I/opt/homebrew/opt/netcdf-fortran/include -I/opt/homebrew/opt/netcdf/include -I. -c ../Sources/Optimization/enorm.f
/opt/homebrew/opt/open-mpi/bin/mpif90 -fPIC -g -O2 -fexternal-blas -fbacktrace -std=legacy -fallow-argument-mismatch -I/private/tmp/fusion-native-clean-62xzhkrp/repo/external/stellopt-v251/local/libstell_dir -I/opt/homebrew/opt/netcdf-fortran/include -I/opt/homebrew/opt/netcdf/include  -I/opt/homebrew/opt/netcdf-fortran/include -I/opt/homebrew/opt/netcdf/include -I. -c ../Sources/Optimization/crosovr.f
/opt/homebrew/opt/open-mpi/bin/mpif90 -fPIC -g -O2 -fexternal-blas -fbacktrace -std=legacy -fallow-argument-mismatch -I/private/tmp/fusion-native-clean-62xzhkrp/repo/external/stellopt-v251/local/libstell_dir -I/opt/homebrew/opt/netcdf-fortran/include -I/opt/homebrew/opt/netcdf/include  -I/opt/homebrew/opt/netcdf-fortran/include -I/opt/homebrew/opt/netcdf/include -I. -c ../Sources/Optimization/lmder_serial.f
/usr/bin/cpp -traditional -DLINUX -DMPI_OPT -DNETCDF ../Sources/Optimization/stepopt_mp.f
/opt/homebrew/opt/open-mpi/bin/mpif90 -fPIC -g -O2 -fexternal-blas -fbacktrace -std=legacy -fallow-argument-mismatch -I/private/tmp/fusion-native-clean-62xzhkrp/repo/external/stellopt-v251/local/libstell_dir -I/opt/homebrew/opt/netcdf-fortran/include -I/opt/homebrew/opt/netcdf/include  -I/opt/homebrew/opt/netcdf-fortran/include -I/opt/homebrew/opt/netcdf/include -I.. -c ../Sources/Optimization/stepopt_mp.f
stepopt_mp.c:166:25:

......
Warning: Type mismatch between actual argument at (1) and actual argument at (2) (REAL(8)/INTEGER(4)).
stepopt_mp.c:166:47:

......
Warning: Type mismatch between actual argument at (1) and actual argument at (2) (REAL(8)/INTEGER(4)).
stepopt_mp.c:224:24:

......
Warning: Type mismatch between actual argument at (1) and actual argument at (2) (REAL(8)/INTEGER(4)).
/usr/bin/cpp -traditional -DLINUX -DMPI_OPT -DNETCDF ../Sources/Optimization/GA_driver.f
/opt/homebrew/opt/open-mpi/bin/mpif90 -fPIC -g -O2 -fexternal-blas -fbacktrace -std=legacy -fallow-argument-mismatch -I/private/tmp/fusion-native-clean-62xzhkrp/repo/external/stellopt-v251/local/libstell_dir -I/opt/homebrew/opt/netcdf-fortran/include -I/opt/homebrew/opt/netcdf/include  -I/opt/homebrew/opt/netcdf-fortran/include -I/opt/homebrew/opt/netcdf/include -I.. -c ../Sources/Optimization/GA_driver.f
/opt/homebrew/opt/open-mpi/bin/mpif90 -fPIC -g -O2 -fexternal-blas -fbacktrace -std=legacy -fallow-argument-mismatch -I/private/tmp/fusion-native-clean-62xzhkrp/repo/external/stellopt-v251/local/libstell_dir -I/opt/homebrew/opt/netcdf-fortran/include -I/opt/homebrew/opt/netcdf/include  -I/opt/homebrew/opt/netcdf-fortran/include -I/opt/homebrew/opt/netcdf/include -I. -c ../Sources/Optimization/ga_code.f
/opt/homebrew/opt/open-mpi/bin/mpif90 -fPIC -g -O2 -fexternal-blas -fbacktrace -std=legacy -fallow-argument-mismatch -I/private/tmp/fusion-native-clean-62xzhkrp/repo/external/stellopt-v251/local/libstell_dir -I/opt/homebrew/opt/netcdf-fortran/include -I/opt/homebrew/opt/netcdf/include  -I/opt/homebrew/opt/netcdf-fortran/include -I/opt/homebrew/opt/netcdf/include -I. -c ../Sources/Optimization/ga_mutate.f
/usr/bin/cpp -traditional -DLINUX -DMPI_OPT -DNETCDF ../Sources/Optimization/ROCKET_Evolve.f90
ROCKET_Evolve.c:75:39: warning: missing terminating ' character [-Winvalid-pp-token]
   75 | !        x_array        Array of all X's for the population
      |                                       ^
ROCKET_Evolve.c:186:61: warning: missing terminating ' character [-Winvalid-pp-token]
  186 |                IF (generation == 0) THEN ! do this so we don't auto-exit first iteration
      |                                                             ^
2 warnings generated.
/opt/homebrew/opt/open-mpi/bin/mpif90 -ffree-form -ffree-line-length-none -ffixed-line-length-none -fPIC -g -O2 -fexternal-blas -fbacktrace -std=legacy -fallow-argument-mismatch -I/private/tmp/fusion-native-clean-62xzhkrp/repo/external/stellopt-v251/local/libstell_dir -I/opt/homebrew/opt/netcdf-fortran/include -I/opt/homebrew/opt/netcdf/include  -I/opt/homebrew/opt/netcdf-fortran/include -I/opt/homebrew/opt/netcdf/include -I..  -c ../Sources/Optimization/ROCKET_Evolve.f90
ROCKET_Evolve.c:211:27:

......
Warning: Type mismatch between actual argument at (1) and actual argument at (2) (REAL(8)/INTEGER(4)).
/usr/bin/cpp -traditional -DLINUX -DMPI_OPT -DNETCDF ../Sources/Optimization/de_mpi.f
/opt/homebrew/opt/open-mpi/bin/mpif90 -fPIC -g -O2 -fexternal-blas -fbacktrace -std=legacy -fallow-argument-mismatch -I/private/tmp/fusion-native-clean-62xzhkrp/repo/external/stellopt-v251/local/libstell_dir -I/opt/homebrew/opt/netcdf-fortran/include -I/opt/homebrew/opt/netcdf/include  -I/opt/homebrew/opt/netcdf-fortran/include -I/opt/homebrew/opt/netcdf/include -I.. -c ../Sources/Optimization/de_mpi.f
de_mpi.c:81:26:

......
Warning: Type mismatch between actual argument at (1) and actual argument at (2) (INTEGER(4)/REAL(8)).
de_mpi.c:93:29:

......
Warning: Type mismatch between actual argument at (1) and actual argument at (2) (REAL(8)/INTEGER(4)).
/usr/bin/cpp -traditional -DLINUX -DMPI_OPT -DNETCDF ../Sources/Optimization/MAP_PLANE.f90
/opt/homebrew/opt/open-mpi/bin/mpif90 -ffree-form -ffree-line-length-none -ffixed-line-length-none -fPIC -g -O2 -fexternal-blas -fbacktrace -std=legacy -fallow-argument-mismatch -I/private/tmp/fusion-native-clean-62xzhkrp/repo/external/stellopt-v251/local/libstell_dir -I/opt/homebrew/opt/netcdf-fortran/include -I/opt/homebrew/opt/netcdf/include  -I/opt/homebrew/opt/netcdf-fortran/include -I/opt/homebrew/opt/netcdf/include -I..  -c ../Sources/Optimization/MAP_PLANE.f90
MAP_PLANE.c:194:30:

......
Warning: Type mismatch between actual argument at (1) and actual argument at (2) (INTEGER(4)/REAL(8)).
/opt/homebrew/opt/open-mpi/bin/mpif90 -fPIC -g -O2 -fexternal-blas -fbacktrace -std=legacy -fallow-argument-mismatch -I/private/tmp/fusion-native-clean-62xzhkrp/repo/external/stellopt-v251/local/libstell_dir -I/opt/homebrew/opt/netcdf-fortran/include -I/opt/homebrew/opt/netcdf/include  -I/opt/homebrew/opt/netcdf-fortran/include -I/opt/homebrew/opt/netcdf/include -I. -c ../Sources/Optimization/unique_boundary_PG.f
/opt/homebrew/opt/open-mpi/bin/mpif90 -fPIC -g -O2 -fexternal-blas -fbacktrace -std=legacy -fallow-argument-mismatch -I/private/tmp/fusion-native-clean-62xzhkrp/repo/external/stellopt-v251/local/libstell_dir -I/opt/homebrew/opt/netcdf-fortran/include -I/opt/homebrew/opt/netcdf/include  -I/opt/homebrew/opt/netcdf-fortran/include -I/opt/homebrew/opt/netcdf/include -I. -c ../Sources/Optimization/DE_preset.f
/opt/homebrew/opt/open-mpi/bin/mpif90 -ffree-form -ffree-line-length-none -ffixed-line-length-none -fPIC -g -O2 -fexternal-blas -fbacktrace -std=legacy -fallow-argument-mismatch -I/private/tmp/fusion-native-clean-62xzhkrp/repo/external/stellopt-v251/local/libstell_dir -I/opt/homebrew/opt/netcdf-fortran/include -I/opt/homebrew/opt/netcdf/include  -I/opt/homebrew/opt/netcdf-fortran/include -I/opt/homebrew/opt/netcdf/include -I.  -c ../Sources/Track/spec_kind_mod.f90
/opt/homebrew/opt/open-mpi/bin/mpif90 -ffree-form -ffree-line-length-none -ffixed-line-length-none -fPIC -g -O2 -fexternal-blas -fbacktrace -std=legacy -fallow-argument-mismatch -I/private/tmp/fusion-native-clean-62xzhkrp/repo/external/stellopt-v251/local/libstell_dir -I/opt/homebrew/opt/netcdf-fortran/include -I/opt/homebrew/opt/netcdf/include  -I/opt/homebrew/opt/netcdf-fortran/include -I/opt/homebrew/opt/netcdf/include -I.  -c ../Sources/Track/linear1_mod.f90
/opt/homebrew/opt/open-mpi/bin/mpif90 -ffree-form -ffree-line-length-none -ffixed-line-length-none -fPIC -g -O2 -fexternal-blas -fbacktrace -std=legacy -fallow-argument-mismatch -I/private/tmp/fusion-native-clean-62xzhkrp/repo/external/stellopt-v251/local/libstell_dir -I/opt/homebrew/opt/netcdf-fortran/include -I/opt/homebrew/opt/netcdf/include  -I/opt/homebrew/opt/netcdf-fortran/include -I/opt/homebrew/opt/netcdf/include -I.  -c ../Sources/Track/spline1_mod.f90
/opt/homebrew/opt/open-mpi/bin/mpif90 -ffree-form -ffree-line-length-none -ffixed-line-length-none -fPIC -g -O2 -fexternal-blas -fbacktrace -std=legacy -fallow-argument-mismatch -I/private/tmp/fusion-native-clean-62xzhkrp/repo/external/stellopt-v251/local/libstell_dir -I/opt/homebrew/opt/netcdf-fortran/include -I/opt/homebrew/opt/netcdf/include  -I/opt/homebrew/opt/netcdf-fortran/include -I/opt/homebrew/opt/netcdf/include -I.  -c ../Sources/Track/ajax_mod.f90
/opt/homebrew/opt/open-mpi/bin/mpif90 -ffree-form -ffree-line-length-none -ffixed-line-length-none -fPIC -g -O2 -fexternal-blas -fbacktrace -std=legacy -fallow-argument-mismatch -I/private/tmp/fusion-native-clean-62xzhkrp/repo/external/stellopt-v251/local/libstell_dir -I/opt/homebrew/opt/netcdf-fortran/include -I/opt/homebrew/opt/netcdf/include  -I/opt/homebrew/opt/netcdf-fortran/include -I/opt/homebrew/opt/netcdf/include -I.  -c ../Sources/Track/track_mod.f90
/opt/homebrew/opt/open-mpi/bin/mpif90 -ffree-form -ffree-line-length-none -ffixed-line-length-none -fPIC -g -O2 -fexternal-blas -fbacktrace -std=legacy -fallow-argument-mismatch -I/private/tmp/fusion-native-clean-62xzhkrp/repo/external/stellopt-v251/local/libstell_dir -I/opt/homebrew/opt/netcdf-fortran/include -I/opt/homebrew/opt/netcdf/include  -I/opt/homebrew/opt/netcdf-fortran/include -I/opt/homebrew/opt/netcdf/include -I.  -c ../Sources/Track/write_mod.f90
/opt/homebrew/opt/open-mpi/bin/mpif90 -fPIC -g -O2 -fexternal-blas -fbacktrace -std=legacy -fallow-argument-mismatch -I/private/tmp/fusion-native-clean-62xzhkrp/repo/external/stellopt-v251/local/libstell_dir -I/opt/homebrew/opt/netcdf-fortran/include -I/opt/homebrew/opt/netcdf/include  -I/opt/homebrew/opt/netcdf-fortran/include -I/opt/homebrew/opt/netcdf/include -I. -c ../Sources/QMRpack/drandn.f
/opt/homebrew/opt/open-mpi/bin/mpif90 -fPIC -g -O2 -fexternal-blas -fbacktrace -std=legacy -fallow-argument-mismatch -I/private/tmp/fusion-native-clean-62xzhkrp/repo/external/stellopt-v251/local/libstell_dir -I/opt/homebrew/opt/netcdf-fortran/include -I/opt/homebrew/opt/netcdf/include  -I/opt/homebrew/opt/netcdf-fortran/include -I/opt/homebrew/opt/netcdf/include -I. -c ../Sources/QMRpack/daxpby.f
/opt/homebrew/opt/open-mpi/bin/mpif90 -fPIC -g -O2 -fexternal-blas -fbacktrace -std=legacy -fallow-argument-mismatch -I/private/tmp/fusion-native-clean-62xzhkrp/repo/external/stellopt-v251/local/libstell_dir -I/opt/homebrew/opt/netcdf-fortran/include -I/opt/homebrew/opt/netcdf/include  -I/opt/homebrew/opt/netcdf-fortran/include -I/opt/homebrew/opt/netcdf/include -I. -c ../Sources/QMRpack/dutfx.f
/opt/homebrew/opt/open-mpi/bin/mpif90 -fPIC -g -O2 -fexternal-blas -fbacktrace -std=legacy -fallow-argument-mismatch -I/private/tmp/fusion-native-clean-62xzhkrp/repo/external/stellopt-v251/local/libstell_dir -I/opt/homebrew/opt/netcdf-fortran/include -I/opt/homebrew/opt/netcdf/include  -I/opt/homebrew/opt/netcdf-fortran/include -I/opt/homebrew/opt/netcdf/include -I. -c ../Sources/SMPINT/dcuhre.f
/opt/homebrew/opt/open-mpi/bin/mpif90 -fPIC -g -O2 -fexternal-blas -fbacktrace -std=legacy -fallow-argument-mismatch -I/private/tmp/fusion-native-clean-62xzhkrp/repo/external/stellopt-v251/local/libstell_dir -I/opt/homebrew/opt/netcdf-fortran/include -I/opt/homebrew/opt/netcdf/include  -I/opt/homebrew/opt/netcdf-fortran/include -I/opt/homebrew/opt/netcdf/include -I. -c ../Sources/SMPINT/smpint.f
/opt/homebrew/opt/open-mpi/bin/mpif90 -fPIC -g -O2 -fexternal-blas -fbacktrace -std=legacy -fallow-argument-mismatch -I/private/tmp/fusion-native-clean-62xzhkrp/repo/external/stellopt-v251/local/libstell_dir -I/opt/homebrew/opt/netcdf-fortran/include -I/opt/homebrew/opt/netcdf/include  -I/opt/homebrew/opt/netcdf-fortran/include -I/opt/homebrew/opt/netcdf/include -I. -c ../Sources/SMPINT/dqag.f
/opt/homebrew/opt/open-mpi/bin/mpif90 -fPIC -g -O2 -fexternal-blas -fbacktrace -std=legacy -fallow-argument-mismatch -I/private/tmp/fusion-native-clean-62xzhkrp/repo/external/stellopt-v251/local/libstell_dir -I/opt/homebrew/opt/netcdf-fortran/include -I/opt/homebrew/opt/netcdf/include  -I/opt/homebrew/opt/netcdf-fortran/include -I/opt/homebrew/opt/netcdf/include -I. -c ../Sources/TOMS/toms661.f
/opt/homebrew/opt/open-mpi/bin/mpif90 -ffree-form -ffree-line-length-none -ffixed-line-length-none -fPIC -g -O2 -fexternal-blas -fbacktrace -std=legacy -fallow-argument-mismatch -I/private/tmp/fusion-native-clean-62xzhkrp/repo/external/stellopt-v251/local/libstell_dir -I/opt/homebrew/opt/netcdf-fortran/include -I/opt/homebrew/opt/netcdf/include  -I/opt/homebrew/opt/netcdf-fortran/include -I/opt/homebrew/opt/netcdf/include -I.  -c ../Sources/TOMS/real_precision.f90
/opt/homebrew/opt/open-mpi/bin/mpif90 -ffree-form -ffree-line-length-none -ffixed-line-length-none -fPIC -g -O2 -fexternal-blas -fbacktrace -std=legacy -fallow-argument-mismatch -I/private/tmp/fusion-native-clean-62xzhkrp/repo/external/stellopt-v251/local/libstell_dir -I/opt/homebrew/opt/netcdf-fortran/include -I/opt/homebrew/opt/netcdf/include  -I/opt/homebrew/opt/netcdf-fortran/include -I/opt/homebrew/opt/netcdf/include -I.  -c ../Sources/TOMS/qshep2d.f90
/opt/homebrew/opt/open-mpi/bin/mpif90 -ffree-form -ffree-line-length-none -ffixed-line-length-none -fPIC -g -O2 -fexternal-blas -fbacktrace -std=legacy -fallow-argument-mismatch -I/private/tmp/fusion-native-clean-62xzhkrp/repo/external/stellopt-v251/local/libstell_dir -I/opt/homebrew/opt/netcdf-fortran/include -I/opt/homebrew/opt/netcdf/include  -I/opt/homebrew/opt/netcdf-fortran/include -I/opt/homebrew/opt/netcdf/include -I.  -c ../Sources/TOMS/qshep3d.f90
/opt/homebrew/opt/open-mpi/bin/mpif90 -ffree-form -ffree-line-length-none -ffixed-line-length-none -fPIC -g -O2 -fexternal-blas -fbacktrace -std=legacy -fallow-argument-mismatch -I/private/tmp/fusion-native-clean-62xzhkrp/repo/external/stellopt-v251/local/libstell_dir -I/opt/homebrew/opt/netcdf-fortran/include -I/opt/homebrew/opt/netcdf/include  -I/opt/homebrew/opt/netcdf-fortran/include -I/opt/homebrew/opt/netcdf/include -I.  -c ../Sources/TOMS/qshepmdata.f90
/opt/homebrew/opt/open-mpi/bin/mpif90 -ffree-form -ffree-line-length-none -ffixed-line-length-none -fPIC -g -O2 -fexternal-blas -fbacktrace -std=legacy -fallow-argument-mismatch -I/private/tmp/fusion-native-clean-62xzhkrp/repo/external/stellopt-v251/local/libstell_dir -I/opt/homebrew/opt/netcdf-fortran/include -I/opt/homebrew/opt/netcdf/include  -I/opt/homebrew/opt/netcdf-fortran/include -I/opt/homebrew/opt/netcdf/include -I.  -c ../Sources/TOMS/qshepmd.f90
/opt/homebrew/opt/open-mpi/bin/mpif90 -ffree-form -ffree-line-length-none -ffixed-line-length-none -fPIC -g -O2 -fexternal-blas -fbacktrace -std=legacy -fallow-argument-mismatch -I/private/tmp/fusion-native-clean-62xzhkrp/repo/external/stellopt-v251/local/libstell_dir -I/opt/homebrew/opt/netcdf-fortran/include -I/opt/homebrew/opt/netcdf/include  -I/opt/homebrew/opt/netcdf-fortran/include -I/opt/homebrew/opt/netcdf/include -I.  -c ../Sources/TOMS/cshep2d.f90
/opt/homebrew/opt/open-mpi/bin/mpif90 -ffree-form -ffree-line-length-none -ffixed-line-length-none -fPIC -g -O2 -fexternal-blas -fbacktrace -std=legacy -fallow-argument-mismatch -I/private/tmp/fusion-native-clean-62xzhkrp/repo/external/stellopt-v251/local/libstell_dir -I/opt/homebrew/opt/netcdf-fortran/include -I/opt/homebrew/opt/netcdf/include  -I/opt/homebrew/opt/netcdf-fortran/include -I/opt/homebrew/opt/netcdf/include -I.  -c ../Sources/TOMS/linear_shepard.f90
/opt/homebrew/opt/open-mpi/bin/mpif90 -ffree-form -ffree-line-length-none -ffixed-line-length-none -fPIC -g -O2 -fexternal-blas -fbacktrace -std=legacy -fallow-argument-mismatch -I/private/tmp/fusion-native-clean-62xzhkrp/repo/external/stellopt-v251/local/libstell_dir -I/opt/homebrew/opt/netcdf-fortran/include -I/opt/homebrew/opt/netcdf/include  -I/opt/homebrew/opt/netcdf-fortran/include -I/opt/homebrew/opt/netcdf/include -I.  -c ../Sources/TOMS/sheppack.f90
/opt/homebrew/opt/open-mpi/bin/mpif90 -ffree-form -ffree-line-length-none -ffixed-line-length-none -fPIC -g -O2 -fexternal-blas -fbacktrace -std=legacy -fallow-argument-mismatch -I/private/tmp/fusion-native-clean-62xzhkrp/repo/external/stellopt-v251/local/libstell_dir -I/opt/homebrew/opt/netcdf-fortran/include -I/opt/homebrew/opt/netcdf/include  -I/opt/homebrew/opt/netcdf-fortran/include -I/opt/homebrew/opt/netcdf/include -I.  -c ../Sources/TOMS/givens.f90
/opt/homebrew/opt/open-mpi/bin/mpif90 -ffree-form -ffree-line-length-none -ffixed-line-length-none -fPIC -g -O2 -fexternal-blas -fbacktrace -std=legacy -fallow-argument-mismatch -I/private/tmp/fusion-native-clean-62xzhkrp/repo/external/stellopt-v251/local/libstell_dir -I/opt/homebrew/opt/netcdf-fortran/include -I/opt/homebrew/opt/netcdf/include  -I/opt/homebrew/opt/netcdf-fortran/include -I/opt/homebrew/opt/netcdf/include -I.  -c ../Sources/TOMS/rotate.f90
/opt/homebrew/opt/open-mpi/bin/mpif90 -fPIC -g -O2 -fexternal-blas -fbacktrace -std=legacy -fallow-argument-mismatch -I/private/tmp/fusion-native-clean-62xzhkrp/repo/external/stellopt-v251/local/libstell_dir -I/opt/homebrew/opt/netcdf-fortran/include -I/opt/homebrew/opt/netcdf/include  -I/opt/homebrew/opt/netcdf-fortran/include -I/opt/homebrew/opt/netcdf/include -I. -c ../Sources/Pspline/mkbicubw.f
/opt/homebrew/opt/open-mpi/bin/mpif90 -fPIC -g -O2 -fexternal-blas -fbacktrace -std=legacy -fallow-argument-mismatch -I/private/tmp/fusion-native-clean-62xzhkrp/repo/external/stellopt-v251/local/libstell_dir -I/opt/homebrew/opt/netcdf-fortran/include -I/opt/homebrew/opt/netcdf/include  -I/opt/homebrew/opt/netcdf-fortran/include -I/opt/homebrew/opt/netcdf/include -I. -c ../Sources/Pspline/bcspgrid.f
/opt/homebrew/opt/open-mpi/bin/mpif90 -fPIC -g -O2 -fexternal-blas -fbacktrace -std=legacy -fallow-argument-mismatch -I/private/tmp/fusion-native-clean-62xzhkrp/repo/external/stellopt-v251/local/libstell_dir -I/opt/homebrew/opt/netcdf-fortran/include -I/opt/homebrew/opt/netcdf/include  -I/opt/homebrew/opt/netcdf-fortran/include -I/opt/homebrew/opt/netcdf/include -I. -c ../Sources/Pspline/vecspline.f
/opt/homebrew/opt/open-mpi/bin/mpif90 -fPIC -g -O2 -fexternal-blas -fbacktrace -std=legacy -fallow-argument-mismatch -I/private/tmp/fusion-native-clean-62xzhkrp/repo/external/stellopt-v251/local/libstell_dir -I/opt/homebrew/opt/netcdf-fortran/include -I/opt/homebrew/opt/netcdf/include  -I/opt/homebrew/opt/netcdf-fortran/include -I/opt/homebrew/opt/netcdf/include -I. -c ../Sources/Pspline/r8vecpc3.f
/opt/homebrew/opt/open-mpi/bin/mpif90 -fPIC -g -O2 -fexternal-blas -fbacktrace -std=legacy -fallow-argument-mismatch -I/private/tmp/fusion-native-clean-62xzhkrp/repo/external/stellopt-v251/local/libstell_dir -I/opt/homebrew/opt/netcdf-fortran/include -I/opt/homebrew/opt/netcdf/include  -I/opt/homebrew/opt/netcdf-fortran/include -I/opt/homebrew/opt/netcdf/include -I. -c ../Sources/Pspline/r8cspline.f
/opt/homebrew/opt/open-mpi/bin/mpif90 -fPIC -g -O2 -fexternal-blas -fbacktrace -std=legacy -fallow-argument-mismatch -I/private/tmp/fusion-native-clean-62xzhkrp/repo/external/stellopt-v251/local/libstell_dir -I/opt/homebrew/opt/netcdf-fortran/include -I/opt/homebrew/opt/netcdf/include  -I/opt/homebrew/opt/netcdf-fortran/include -I/opt/homebrew/opt/netcdf/include -I. -c ../Sources/Pspline/r8gridspline.f
/opt/homebrew/opt/open-mpi/bin/mpif90 -fPIC -g -O2 -fexternal-blas -fbacktrace -std=legacy -fallow-argument-mismatch -I/private/tmp/fusion-native-clean-62xzhkrp/repo/external/stellopt-v251/local/libstell_dir -I/opt/homebrew/opt/netcdf-fortran/include -I/opt/homebrew/opt/netcdf/include  -I/opt/homebrew/opt/netcdf-fortran/include -I/opt/homebrew/opt/netcdf/include -I. -c ../Sources/Pspline/r8tpspline.f
/opt/homebrew/opt/open-mpi/bin/mpif90 -fPIC -g -O2 -fexternal-blas -fbacktrace -std=legacy -fallow-argument-mismatch -I/private/tmp/fusion-native-clean-62xzhkrp/repo/external/stellopt-v251/local/libstell_dir -I/opt/homebrew/opt/netcdf-fortran/include -I/opt/homebrew/opt/netcdf/include  -I/opt/homebrew/opt/netcdf-fortran/include -I/opt/homebrew/opt/netcdf/include -I. -c ../Sources/Pspline/r8herm2ev.f
../Sources/Pspline/r8herm2ev.f:95:14:

   95 |      >   fval,i,j,xparam,yparam,hx,hxi,hy,hyi,f,inf2,ny)
      |              1
Warning: Rank mismatch in argument 'ii' at (1) (rank-1 and scalar)
../Sources/Pspline/r8herm2ev.f:95:16:

   95 |      >   fval,i,j,xparam,yparam,hx,hxi,hy,hyi,f,inf2,ny)
      |                1
Warning: Rank mismatch in argument 'jj' at (1) (rank-1 and scalar)
../Sources/Pspline/r8herm2ev.f:95:18:

   95 |      >   fval,i,j,xparam,yparam,hx,hxi,hy,hyi,f,inf2,ny)
      |                  1
Warning: Rank mismatch in argument 'xparam' at (1) (rank-1 and scalar)
../Sources/Pspline/r8herm2ev.f:95:25:

   95 |      >   fval,i,j,xparam,yparam,hx,hxi,hy,hyi,f,inf2,ny)
      |                         1
Warning: Rank mismatch in argument 'yparam' at (1) (rank-1 and scalar)
../Sources/Pspline/r8herm2ev.f:95:32:

   95 |      >   fval,i,j,xparam,yparam,hx,hxi,hy,hyi,f,inf2,ny)
      |                                1
Warning: Rank mismatch in argument 'hx' at (1) (rank-1 and scalar)
../Sources/Pspline/r8herm2ev.f:95:35:

   95 |      >   fval,i,j,xparam,yparam,hx,hxi,hy,hyi,f,inf2,ny)
      |                                   1
Warning: Rank mismatch in argument 'hxi' at (1) (rank-1 and scalar)
../Sources/Pspline/r8herm2ev.f:95:39:

   95 |      >   fval,i,j,xparam,yparam,hx,hxi,hy,hyi,f,inf2,ny)
      |                                       1
Warning: Rank mismatch in argument 'hy' at (1) (rank-1 and scalar)
../Sources/Pspline/r8herm2ev.f:95:42:

   95 |      >   fval,i,j,xparam,yparam,hx,hxi,hy,hyi,f,inf2,ny)
      |                                          1
Warning: Rank mismatch in argument 'hyi' at (1) (rank-1 and scalar)
/opt/homebrew/opt/open-mpi/bin/mpif90 -fPIC -g -O2 -fexternal-blas -fbacktrace -std=legacy -fallow-argument-mismatch -I/private/tmp/fusion-native-clean-62xzhkrp/repo/external/stellopt-v251/local/libstell_dir -I/opt/homebrew/opt/netcdf-fortran/include -I/opt/homebrew/opt/netcdf/include  -I/opt/homebrew/opt/netcdf-fortran/include -I/opt/homebrew/opt/netcdf/include -I. -c ../Sources/Pspline/gridherm1.f
/opt/homebrew/opt/open-mpi/bin/mpif90 -fPIC -g -O2 -fexternal-blas -fbacktrace -std=legacy -fallow-argument-mismatch -I/private/tmp/fusion-native-clean-62xzhkrp/repo/external/stellopt-v251/local/libstell_dir -I/opt/homebrew/opt/netcdf-fortran/include -I/opt/homebrew/opt/netcdf/include  -I/opt/homebrew/opt/netcdf-fortran/include -I/opt/homebrew/opt/netcdf/include -I. -c ../Sources/Pspline/spvec.f
/opt/homebrew/opt/open-mpi/bin/mpif90 -fPIC -g -O2 -fexternal-blas -fbacktrace -std=legacy -fallow-argument-mismatch -I/private/tmp/fusion-native-clean-62xzhkrp/repo/external/stellopt-v251/local/libstell_dir -I/opt/homebrew/opt/netcdf-fortran/include -I/opt/homebrew/opt/netcdf/include  -I/opt/homebrew/opt/netcdf-fortran/include -I/opt/homebrew/opt/netcdf/include -I. -c ../Sources/Pspline/r8zonfind.f
/opt/homebrew/opt/open-mpi/bin/mpif90 -ffree-form -ffree-line-length-none -ffixed-line-length-none -fPIC -g -O2 -fexternal-blas -fbacktrace -std=legacy -fallow-argument-mismatch -I/private/tmp/fusion-native-clean-62xzhkrp/repo/external/stellopt-v251/local/libstell_dir -I/opt/homebrew/opt/netcdf-fortran/include -I/opt/homebrew/opt/netcdf/include  -I/opt/homebrew/opt/netcdf-fortran/include -I/opt/homebrew/opt/netcdf/include -I.  -c ../Sources/Pspline/ezspline_cdfget3.f90
/opt/homebrew/opt/open-mpi/bin/mpif90 -fPIC -g -O2 -fexternal-blas -fbacktrace -std=legacy -fallow-argument-mismatch -I/private/tmp/fusion-native-clean-62xzhkrp/repo/external/stellopt-v251/local/libstell_dir -I/opt/homebrew/opt/netcdf-fortran/include -I/opt/homebrew/opt/netcdf/include  -I/opt/homebrew/opt/netcdf-fortran/include -I/opt/homebrew/opt/netcdf/include -I. -c ../Sources/Pspline/r8pc3ev.f
../Sources/Pspline/r8pc3ev.f:102:14:

  102 |      >   fval,i,j,k,xparam,yparam,zparam,
      |              1
Warning: Rank mismatch in argument 'ii' at (1) (rank-1 and scalar)
../Sources/Pspline/r8pc3ev.f:102:16:

  102 |      >   fval,i,j,k,xparam,yparam,zparam,
      |                1
Warning: Rank mismatch in argument 'jj' at (1) (rank-1 and scalar)
../Sources/Pspline/r8pc3ev.f:102:18:

  102 |      >   fval,i,j,k,xparam,yparam,zparam,
      |                  1
Warning: Rank mismatch in argument 'kk' at (1) (rank-1 and scalar)
../Sources/Pspline/r8pc3ev.f:102:20:

  102 |      >   fval,i,j,k,xparam,yparam,zparam,
      |                    1
Warning: Rank mismatch in argument 'xparam' at (1) (rank-1 and scalar)
../Sources/Pspline/r8pc3ev.f:102:27:

  102 |      >   fval,i,j,k,xparam,yparam,zparam,
      |                           1
Warning: Rank mismatch in argument 'yparam' at (1) (rank-1 and scalar)
../Sources/Pspline/r8pc3ev.f:102:34:

  102 |      >   fval,i,j,k,xparam,yparam,zparam,
      |                                  1
Warning: Rank mismatch in argument 'zparam' at (1) (rank-1 and scalar)
../Sources/Pspline/r8pc3ev.f:103:9:

  103 |      >   hx,hxi,hy,hyi,hz,hzi,
      |         1
Warning: Rank mismatch in argument 'hx' at (1) (rank-1 and scalar)
../Sources/Pspline/r8pc3ev.f:103:12:

  103 |      >   hx,hxi,hy,hyi,hz,hzi,
      |            1
Warning: Rank mismatch in argument 'hxi' at (1) (rank-1 and scalar)
../Sources/Pspline/r8pc3ev.f:103:16:

  103 |      >   hx,hxi,hy,hyi,hz,hzi,
      |                1
Warning: Rank mismatch in argument 'hy' at (1) (rank-1 and scalar)
../Sources/Pspline/r8pc3ev.f:103:19:

  103 |      >   hx,hxi,hy,hyi,hz,hzi,
      |                   1
Warning: Rank mismatch in argument 'hyi' at (1) (rank-1 and scalar)
../Sources/Pspline/r8pc3ev.f:103:23:

  103 |      >   hx,hxi,hy,hyi,hz,hzi,
      |                       1
Warning: Rank mismatch in argument 'hz' at (1) (rank-1 and scalar)
../Sources/Pspline/r8pc3ev.f:103:26:

  103 |      >   hx,hxi,hy,hyi,hz,hzi,
      |                          1
Warning: Rank mismatch in argument 'hzi' at (1) (rank-1 and scalar)
/opt/homebrew/opt/open-mpi/bin/mpif90 -fPIC -g -O2 -fexternal-blas -fbacktrace -std=legacy -fallow-argument-mismatch -I/private/tmp/fusion-native-clean-62xzhkrp/repo/external/stellopt-v251/local/libstell_dir -I/opt/homebrew/opt/netcdf-fortran/include -I/opt/homebrew/opt/netcdf/include  -I/opt/homebrew/opt/netcdf-fortran/include -I/opt/homebrew/opt/netcdf/include -I. -c ../Sources/Pspline/r8util_bcherm2.f
/opt/homebrew/opt/open-mpi/bin/mpif90 -fPIC -g -O2 -fexternal-blas -fbacktrace -std=legacy -fallow-argument-mismatch -I/private/tmp/fusion-native-clean-62xzhkrp/repo/external/stellopt-v251/local/libstell_dir -I/opt/homebrew/opt/netcdf-fortran/include -I/opt/homebrew/opt/netcdf/include  -I/opt/homebrew/opt/netcdf-fortran/include -I/opt/homebrew/opt/netcdf/include -I. -c ../Sources/Pspline/mkbicub.f
/opt/homebrew/opt/open-mpi/bin/mpif90 -fPIC -g -O2 -fexternal-blas -fbacktrace -std=legacy -fallow-argument-mismatch -I/private/tmp/fusion-native-clean-62xzhkrp/repo/external/stellopt-v251/local/libstell_dir -I/opt/homebrew/opt/netcdf-fortran/include -I/opt/homebrew/opt/netcdf/include  -I/opt/homebrew/opt/netcdf-fortran/include -I/opt/homebrew/opt/netcdf/include -I. -c ../Sources/Pspline/r8vecbicub.f
/opt/homebrew/opt/open-mpi/bin/mpif90 -fPIC -g -O2 -fexternal-blas -fbacktrace -std=legacy -fallow-argument-mismatch -I/private/tmp/fusion-native-clean-62xzhkrp/repo/external/stellopt-v251/local/libstell_dir -I/opt/homebrew/opt/netcdf-fortran/include -I/opt/homebrew/opt/netcdf/include  -I/opt/homebrew/opt/netcdf-fortran/include -I/opt/homebrew/opt/netcdf/include -I. -c ../Sources/Pspline/r8mkspl2zb.f
/opt/homebrew/opt/open-mpi/bin/mpif90 -ffree-form -ffree-line-length-none -ffixed-line-length-none -fPIC -g -O2 -fexternal-blas -fbacktrace -std=legacy -fallow-argument-mismatch -I/private/tmp/fusion-native-clean-62xzhkrp/repo/external/stellopt-v251/local/libstell_dir -I/opt/homebrew/opt/netcdf-fortran/include -I/opt/homebrew/opt/netcdf/include  -I/opt/homebrew/opt/netcdf-fortran/include -I/opt/homebrew/opt/netcdf/include -I.  -c ../Sources/Pspline/ezhybrid_initx.f90
/opt/homebrew/opt/open-mpi/bin/mpif90 -fPIC -g -O2 -fexternal-blas -fbacktrace -std=legacy -fallow-argument-mismatch -I/private/tmp/fusion-native-clean-62xzhkrp/repo/external/stellopt-v251/local/libstell_dir -I/opt/homebrew/opt/netcdf-fortran/include -I/opt/homebrew/opt/netcdf/include  -I/opt/homebrew/opt/netcdf-fortran/include -I/opt/homebrew/opt/netcdf/include -I. -c ../Sources/Pspline/seval3.f
/opt/homebrew/opt/open-mpi/bin/mpif90 -fPIC -g -O2 -fexternal-blas -fbacktrace -std=legacy -fallow-argument-mismatch -I/private/tmp/fusion-native-clean-62xzhkrp/repo/external/stellopt-v251/local/libstell_dir -I/opt/homebrew/opt/netcdf-fortran/include -I/opt/homebrew/opt/netcdf/include  -I/opt/homebrew/opt/netcdf-fortran/include -I/opt/homebrew/opt/netcdf/include -I. -c ../Sources/Pspline/akherm2.f
/opt/homebrew/opt/open-mpi/bin/mpif90 -fPIC -g -O2 -fexternal-blas -fbacktrace -std=legacy -fallow-argument-mismatch -I/private/tmp/fusion-native-clean-62xzhkrp/repo/external/stellopt-v251/local/libstell_dir -I/opt/homebrew/opt/netcdf-fortran/include -I/opt/homebrew/opt/netcdf/include  -I/opt/homebrew/opt/netcdf-fortran/include -I/opt/homebrew/opt/netcdf/include -I. -c ../Sources/Pspline/splaan.f
/opt/homebrew/opt/open-mpi/bin/mpif90 -fPIC -g -O2 -fexternal-blas -fbacktrace -std=legacy -fallow-argument-mismatch -I/private/tmp/fusion-native-clean-62xzhkrp/repo/external/stellopt-v251/local/libstell_dir -I/opt/homebrew/opt/netcdf-fortran/include -I/opt/homebrew/opt/netcdf/include  -I/opt/homebrew/opt/netcdf-fortran/include -I/opt/homebrew/opt/netcdf/include -I. -c ../Sources/Pspline/r8vecherm2.f
/opt/homebrew/opt/open-mpi/bin/mpif90 -fPIC -g -O2 -fexternal-blas -fbacktrace -std=legacy -fallow-argument-mismatch -I/private/tmp/fusion-native-clean-62xzhkrp/repo/external/stellopt-v251/local/libstell_dir -I/opt/homebrew/opt/netcdf-fortran/include -I/opt/homebrew/opt/netcdf/include  -I/opt/homebrew/opt/netcdf-fortran/include -I/opt/homebrew/opt/netcdf/include -I. -c ../Sources/Pspline/mkherm2.f
/opt/homebrew/opt/open-mpi/bin/mpif90 -fPIC -g -O2 -fexternal-blas -fbacktrace -std=legacy -fallow-argument-mismatch -I/private/tmp/fusion-native-clean-62xzhkrp/repo/external/stellopt-v251/local/libstell_dir -I/opt/homebrew/opt/netcdf-fortran/include -I/opt/homebrew/opt/netcdf/include  -I/opt/homebrew/opt/netcdf-fortran/include -I/opt/homebrew/opt/netcdf/include -I. -c ../Sources/Pspline/r8v_spline.f
/opt/homebrew/opt/open-mpi/bin/mpif90 -fPIC -g -O2 -fexternal-blas -fbacktrace -std=legacy -fallow-argument-mismatch -I/private/tmp/fusion-native-clean-62xzhkrp/repo/external/stellopt-v251/local/libstell_dir -I/opt/homebrew/opt/netcdf-fortran/include -I/opt/homebrew/opt/netcdf/include  -I/opt/homebrew/opt/netcdf-fortran/include -I/opt/homebrew/opt/netcdf/include -I. -c ../Sources/Pspline/r8bpspline.f
/opt/homebrew/opt/open-mpi/bin/mpif90 -fPIC -g -O2 -fexternal-blas -fbacktrace -std=legacy -fallow-argument-mismatch -I/private/tmp/fusion-native-clean-62xzhkrp/repo/external/stellopt-v251/local/libstell_dir -I/opt/homebrew/opt/netcdf-fortran/include -I/opt/homebrew/opt/netcdf/include  -I/opt/homebrew/opt/netcdf-fortran/include -I/opt/homebrew/opt/netcdf/include -I. -c ../Sources/Pspline/mkherm3.f
/opt/homebrew/opt/open-mpi/bin/mpif90 -fPIC -g -O2 -fexternal-blas -fbacktrace -std=legacy -fallow-argument-mismatch -I/private/tmp/fusion-native-clean-62xzhkrp/repo/external/stellopt-v251/local/libstell_dir -I/opt/homebrew/opt/netcdf-fortran/include -I/opt/homebrew/opt/netcdf/include  -I/opt/homebrew/opt/netcdf-fortran/include -I/opt/homebrew/opt/netcdf/include -I. -c ../Sources/Pspline/r8vecintrp2d.f
/opt/homebrew/opt/open-mpi/bin/mpif90 -fPIC -g -O2 -fexternal-blas -fbacktrace -std=legacy -fallow-argument-mismatch -I/private/tmp/fusion-native-clean-62xzhkrp/repo/external/stellopt-v251/local/libstell_dir -I/opt/homebrew/opt/netcdf-fortran/include -I/opt/homebrew/opt/netcdf/include  -I/opt/homebrew/opt/netcdf-fortran/include -I/opt/homebrew/opt/netcdf/include -I. -c ../Sources/Pspline/gridpc1.f
/opt/homebrew/opt/open-mpi/bin/mpif90 -fPIC -g -O2 -fexternal-blas -fbacktrace -std=legacy -fallow-argument-mismatch -I/private/tmp/fusion-native-clean-62xzhkrp/repo/external/stellopt-v251/local/libstell_dir -I/opt/homebrew/opt/netcdf-fortran/include -I/opt/homebrew/opt/netcdf/include  -I/opt/homebrew/opt/netcdf-fortran/include -I/opt/homebrew/opt/netcdf/include -I. -c ../Sources/Pspline/r8vecherm3.f
/opt/homebrew/opt/open-mpi/bin/mpif90 -fPIC -g -O2 -fexternal-blas -fbacktrace -std=legacy -fallow-argument-mismatch -I/private/tmp/fusion-native-clean-62xzhkrp/repo/external/stellopt-v251/local/libstell_dir -I/opt/homebrew/opt/netcdf-fortran/include -I/opt/homebrew/opt/netcdf/include  -I/opt/homebrew/opt/netcdf-fortran/include -I/opt/homebrew/opt/netcdf/include -I. -c ../Sources/Pspline/spgrid.f
/opt/homebrew/opt/open-mpi/bin/mpif90 -fPIC -g -O2 -fexternal-blas -fbacktrace -std=legacy -fallow-argument-mismatch -I/private/tmp/fusion-native-clean-62xzhkrp/repo/external/stellopt-v251/local/libstell_dir -I/opt/homebrew/opt/netcdf-fortran/include -I/opt/homebrew/opt/netcdf/include  -I/opt/homebrew/opt/netcdf-fortran/include -I/opt/homebrew/opt/netcdf/include -I. -c ../Sources/Pspline/tcspvec.f
/opt/homebrew/opt/open-mpi/bin/mpif90 -fPIC -g -O2 -fexternal-blas -fbacktrace -std=legacy -fallow-argument-mismatch -I/private/tmp/fusion-native-clean-62xzhkrp/repo/external/stellopt-v251/local/libstell_dir -I/opt/homebrew/opt/netcdf-fortran/include -I/opt/homebrew/opt/netcdf/include  -I/opt/homebrew/opt/netcdf-fortran/include -I/opt/homebrew/opt/netcdf/include -I. -c ../Sources/Pspline/akherm3.f
/opt/homebrew/opt/open-mpi/bin/mpif90 -fPIC -g -O2 -fexternal-blas -fbacktrace -std=legacy -fallow-argument-mismatch -I/private/tmp/fusion-native-clean-62xzhkrp/repo/external/stellopt-v251/local/libstell_dir -I/opt/homebrew/opt/netcdf-fortran/include -I/opt/homebrew/opt/netcdf/include  -I/opt/homebrew/opt/netcdf-fortran/include -I/opt/homebrew/opt/netcdf/include -I. -c ../Sources/Pspline/vecherm1.f
/opt/homebrew/opt/open-mpi/bin/mpif90 -fPIC -g -O2 -fexternal-blas -fbacktrace -std=legacy -fallow-argument-mismatch -I/private/tmp/fusion-native-clean-62xzhkrp/repo/external/stellopt-v251/local/libstell_dir -I/opt/homebrew/opt/netcdf-fortran/include -I/opt/homebrew/opt/netcdf/include  -I/opt/homebrew/opt/netcdf-fortran/include -I/opt/homebrew/opt/netcdf/include -I. -c ../Sources/Pspline/seval2.f
/opt/homebrew/opt/open-mpi/bin/mpif90 -ffree-form -ffree-line-length-none -ffixed-line-length-none -fPIC -g -O2 -fexternal-blas -fbacktrace -std=legacy -fallow-argument-mismatch -I/private/tmp/fusion-native-clean-62xzhkrp/repo/external/stellopt-v251/local/libstell_dir -I/opt/homebrew/opt/netcdf-fortran/include -I/opt/homebrew/opt/netcdf/include  -I/opt/homebrew/opt/netcdf-fortran/include -I/opt/homebrew/opt/netcdf/include -I.  -c ../Sources/Pspline/ezspline_interp.f90
/opt/homebrew/opt/open-mpi/bin/mpif90 -fPIC -g -O2 -fexternal-blas -fbacktrace -std=legacy -fallow-argument-mismatch -I/private/tmp/fusion-native-clean-62xzhkrp/repo/external/stellopt-v251/local/libstell_dir -I/opt/homebrew/opt/netcdf-fortran/include -I/opt/homebrew/opt/netcdf/include  -I/opt/homebrew/opt/netcdf-fortran/include -I/opt/homebrew/opt/netcdf/include -I. -c ../Sources/Pspline/r8evbicub.f
/opt/homebrew/opt/open-mpi/bin/mpif90 -fPIC -g -O2 -fexternal-blas -fbacktrace -std=legacy -fallow-argument-mismatch -I/private/tmp/fusion-native-clean-62xzhkrp/repo/external/stellopt-v251/local/libstell_dir -I/opt/homebrew/opt/netcdf-fortran/include -I/opt/homebrew/opt/netcdf/include  -I/opt/homebrew/opt/netcdf-fortran/include -I/opt/homebrew/opt/netcdf/include -I. -c ../Sources/Pspline/mkintrp3d.f
/opt/homebrew/opt/open-mpi/bin/mpif90 -fPIC -g -O2 -fexternal-blas -fbacktrace -std=legacy -fallow-argument-mismatch -I/private/tmp/fusion-native-clean-62xzhkrp/repo/external/stellopt-v251/local/libstell_dir -I/opt/homebrew/opt/netcdf-fortran/include -I/opt/homebrew/opt/netcdf/include  -I/opt/homebrew/opt/netcdf-fortran/include -I/opt/homebrew/opt/netcdf/include -I. -c ../Sources/Pspline/tcspgrid.f
/opt/homebrew/opt/open-mpi/bin/mpif90 -fPIC -g -O2 -fexternal-blas -fbacktrace -std=legacy -fallow-argument-mismatch -I/private/tmp/fusion-native-clean-62xzhkrp/repo/external/stellopt-v251/local/libstell_dir -I/opt/homebrew/opt/netcdf-fortran/include -I/opt/homebrew/opt/netcdf/include  -I/opt/homebrew/opt/netcdf-fortran/include -I/opt/homebrew/opt/netcdf/include -I. -c ../Sources/Pspline/r8spvec.f
/opt/homebrew/opt/open-mpi/bin/mpif90 -ffree-form -ffree-line-length-none -ffixed-line-length-none -fPIC -g -O2 -fexternal-blas -fbacktrace -std=legacy -fallow-argument-mismatch -I/private/tmp/fusion-native-clean-62xzhkrp/repo/external/stellopt-v251/local/libstell_dir -I/opt/homebrew/opt/netcdf-fortran/include -I/opt/homebrew/opt/netcdf/include  -I/opt/homebrew/opt/netcdf-fortran/include -I/opt/homebrew/opt/netcdf/include -I.  -c ../Sources/Pspline/ezspline_setup.f90
/opt/homebrew/opt/open-mpi/bin/mpif90 -fPIC -g -O2 -fexternal-blas -fbacktrace -std=legacy -fallow-argument-mismatch -I/private/tmp/fusion-native-clean-62xzhkrp/repo/external/stellopt-v251/local/libstell_dir -I/opt/homebrew/opt/netcdf-fortran/include -I/opt/homebrew/opt/netcdf/include  -I/opt/homebrew/opt/netcdf-fortran/include -I/opt/homebrew/opt/netcdf/include -I. -c ../Sources/Pspline/r8util_bcherm3.f
/opt/homebrew/opt/open-mpi/bin/mpif90 -fPIC -g -O2 -fexternal-blas -fbacktrace -std=legacy -fallow-argument-mismatch -I/private/tmp/fusion-native-clean-62xzhkrp/repo/external/stellopt-v251/local/libstell_dir -I/opt/homebrew/opt/netcdf-fortran/include -I/opt/homebrew/opt/netcdf/include  -I/opt/homebrew/opt/netcdf-fortran/include -I/opt/homebrew/opt/netcdf/include -I. -c ../Sources/Pspline/r8mkspl2p.f
/opt/homebrew/opt/open-mpi/bin/mpif90 -fPIC -g -O2 -fexternal-blas -fbacktrace -std=legacy -fallow-argument-mismatch -I/private/tmp/fusion-native-clean-62xzhkrp/repo/external/stellopt-v251/local/libstell_dir -I/opt/homebrew/opt/netcdf-fortran/include -I/opt/homebrew/opt/netcdf/include  -I/opt/homebrew/opt/netcdf-fortran/include -I/opt/homebrew/opt/netcdf/include -I. -c ../Sources/Pspline/pc3ev.f
../Sources/Pspline/pc3ev.f:97:14:

   97 |      >   fval,i,j,k,xparam,yparam,zparam,
      |              1
Warning: Rank mismatch in argument 'ii' at (1) (rank-1 and scalar)
../Sources/Pspline/pc3ev.f:97:16:

   97 |      >   fval,i,j,k,xparam,yparam,zparam,
      |                1
Warning: Rank mismatch in argument 'jj' at (1) (rank-1 and scalar)
../Sources/Pspline/pc3ev.f:97:18:

   97 |      >   fval,i,j,k,xparam,yparam,zparam,
      |                  1
Warning: Rank mismatch in argument 'kk' at (1) (rank-1 and scalar)
../Sources/Pspline/pc3ev.f:97:20:

   97 |      >   fval,i,j,k,xparam,yparam,zparam,
      |                    1
Warning: Rank mismatch in argument 'xparam' at (1) (rank-1 and scalar)
../Sources/Pspline/pc3ev.f:97:27:

   97 |      >   fval,i,j,k,xparam,yparam,zparam,
      |                           1
Warning: Rank mismatch in argument 'yparam' at (1) (rank-1 and scalar)
../Sources/Pspline/pc3ev.f:97:34:

   97 |      >   fval,i,j,k,xparam,yparam,zparam,
      |                                  1
Warning: Rank mismatch in argument 'zparam' at (1) (rank-1 and scalar)
../Sources/Pspline/pc3ev.f:98:9:

   98 |      >   hx,hxi,hy,hyi,hz,hzi,
      |         1
Warning: Rank mismatch in argument 'hx' at (1) (rank-1 and scalar)
../Sources/Pspline/pc3ev.f:98:12:

   98 |      >   hx,hxi,hy,hyi,hz,hzi,
      |            1
Warning: Rank mismatch in argument 'hxi' at (1) (rank-1 and scalar)
../Sources/Pspline/pc3ev.f:98:16:

   98 |      >   hx,hxi,hy,hyi,hz,hzi,
      |                1
Warning: Rank mismatch in argument 'hy' at (1) (rank-1 and scalar)
../Sources/Pspline/pc3ev.f:98:19:

   98 |      >   hx,hxi,hy,hyi,hz,hzi,
      |                   1
Warning: Rank mismatch in argument 'hyi' at (1) (rank-1 and scalar)
../Sources/Pspline/pc3ev.f:98:23:

   98 |      >   hx,hxi,hy,hyi,hz,hzi,
      |                       1
Warning: Rank mismatch in argument 'hz' at (1) (rank-1 and scalar)
../Sources/Pspline/pc3ev.f:98:26:

   98 |      >   hx,hxi,hy,hyi,hz,hzi,
      |                          1
Warning: Rank mismatch in argument 'hzi' at (1) (rank-1 and scalar)
/opt/homebrew/opt/open-mpi/bin/mpif90 -fPIC -g -O2 -fexternal-blas -fbacktrace -std=legacy -fallow-argument-mismatch -I/private/tmp/fusion-native-clean-62xzhkrp/repo/external/stellopt-v251/local/libstell_dir -I/opt/homebrew/opt/netcdf-fortran/include -I/opt/homebrew/opt/netcdf/include  -I/opt/homebrew/opt/netcdf-fortran/include -I/opt/homebrew/opt/netcdf/include -I. -c ../Sources/Pspline/pspline.f
/opt/homebrew/opt/open-mpi/bin/mpif90 -fPIC -g -O2 -fexternal-blas -fbacktrace -std=legacy -fallow-argument-mismatch -I/private/tmp/fusion-native-clean-62xzhkrp/repo/external/stellopt-v251/local/libstell_dir -I/opt/homebrew/opt/netcdf-fortran/include -I/opt/homebrew/opt/netcdf/include  -I/opt/homebrew/opt/netcdf-fortran/include -I/opt/homebrew/opt/netcdf/include -I. -c ../Sources/Pspline/r8dnherm1.f
/opt/homebrew/opt/open-mpi/bin/mpif90 -fPIC -g -O2 -fexternal-blas -fbacktrace -std=legacy -fallow-argument-mismatch -I/private/tmp/fusion-native-clean-62xzhkrp/repo/external/stellopt-v251/local/libstell_dir -I/opt/homebrew/opt/netcdf-fortran/include -I/opt/homebrew/opt/netcdf/include  -I/opt/homebrew/opt/netcdf-fortran/include -I/opt/homebrew/opt/netcdf/include -I. -c ../Sources/Pspline/r8spline.f
/opt/homebrew/opt/open-mpi/bin/mpif90 -fPIC -g -O2 -fexternal-blas -fbacktrace -std=legacy -fallow-argument-mismatch -I/private/tmp/fusion-native-clean-62xzhkrp/repo/external/stellopt-v251/local/libstell_dir -I/opt/homebrew/opt/netcdf-fortran/include -I/opt/homebrew/opt/netcdf/include  -I/opt/homebrew/opt/netcdf-fortran/include -I/opt/homebrew/opt/netcdf/include -I. -c ../Sources/Pspline/r8mkspl2z.f
/opt/homebrew/opt/open-mpi/bin/mpif90 -fPIC -g -O2 -fexternal-blas -fbacktrace -std=legacy -fallow-argument-mismatch -I/private/tmp/fusion-native-clean-62xzhkrp/repo/external/stellopt-v251/local/libstell_dir -I/opt/homebrew/opt/netcdf-fortran/include -I/opt/homebrew/opt/netcdf/include  -I/opt/homebrew/opt/netcdf-fortran/include -I/opt/homebrew/opt/netcdf/include -I. -c ../Sources/Pspline/r8vecpc2.f
/opt/homebrew/opt/open-mpi/bin/mpif90 -fPIC -g -O2 -fexternal-blas -fbacktrace -std=legacy -fallow-argument-mismatch -I/private/tmp/fusion-native-clean-62xzhkrp/repo/external/stellopt-v251/local/libstell_dir -I/opt/homebrew/opt/netcdf-fortran/include -I/opt/homebrew/opt/netcdf/include  -I/opt/homebrew/opt/netcdf-fortran/include -I/opt/homebrew/opt/netcdf/include -I. -c ../Sources/Pspline/mkintrp2d.f
/opt/homebrew/opt/open-mpi/bin/mpif90 -fPIC -g -O2 -fexternal-blas -fbacktrace -std=legacy -fallow-argument-mismatch -I/private/tmp/fusion-native-clean-62xzhkrp/repo/external/stellopt-v251/local/libstell_dir -I/opt/homebrew/opt/netcdf-fortran/include -I/opt/homebrew/opt/netcdf/include  -I/opt/homebrew/opt/netcdf-fortran/include -I/opt/homebrew/opt/netcdf/include -I. -c ../Sources/Pspline/mkspl3zb.f
/opt/homebrew/opt/open-mpi/bin/mpif90 -fPIC -g -O2 -fexternal-blas -fbacktrace -std=legacy -fallow-argument-mismatch -I/private/tmp/fusion-native-clean-62xzhkrp/repo/external/stellopt-v251/local/libstell_dir -I/opt/homebrew/opt/netcdf-fortran/include -I/opt/homebrew/opt/netcdf/include  -I/opt/homebrew/opt/netcdf-fortran/include -I/opt/homebrew/opt/netcdf/include -I. -c ../Sources/Pspline/r8vecintrp3d.f
/opt/homebrew/opt/open-mpi/bin/mpif90 -fPIC -g -O2 -fexternal-blas -fbacktrace -std=legacy -fallow-argument-mismatch -I/private/tmp/fusion-native-clean-62xzhkrp/repo/external/stellopt-v251/local/libstell_dir -I/opt/homebrew/opt/netcdf-fortran/include -I/opt/homebrew/opt/netcdf/include  -I/opt/homebrew/opt/netcdf-fortran/include -I/opt/homebrew/opt/netcdf/include -I. -c ../Sources/Pspline/gridbicub.f
/opt/homebrew/opt/open-mpi/bin/mpif90 -fPIC -g -O2 -fexternal-blas -fbacktrace -std=legacy -fallow-argument-mismatch -I/private/tmp/fusion-native-clean-62xzhkrp/repo/external/stellopt-v251/local/libstell_dir -I/opt/homebrew/opt/netcdf-fortran/include -I/opt/homebrew/opt/netcdf/include  -I/opt/homebrew/opt/netcdf-fortran/include -I/opt/homebrew/opt/netcdf/include -I. -c ../Sources/Pspline/r8evintrp2d.f
../Sources/Pspline/r8evintrp2d.f:132:16:

  132 |      >     fval,i,j,xparam,yparam,hx,hxi,hy,hyi,
      |                1
Warning: Rank mismatch in argument 'ii' at (1) (rank-1 and scalar)
../Sources/Pspline/r8evintrp2d.f:132:18:

  132 |      >     fval,i,j,xparam,yparam,hx,hxi,hy,hyi,
      |                  1
Warning: Rank mismatch in argument 'jj' at (1) (rank-1 and scalar)
../Sources/Pspline/r8evintrp2d.f:132:20:

  132 |      >     fval,i,j,xparam,yparam,hx,hxi,hy,hyi,
      |                    1
Warning: Rank mismatch in argument 'xparam' at (1) (rank-1 and scalar)
../Sources/Pspline/r8evintrp2d.f:132:27:

  132 |      >     fval,i,j,xparam,yparam,hx,hxi,hy,hyi,
      |                           1
Warning: Rank mismatch in argument 'yparam' at (1) (rank-1 and scalar)
../Sources/Pspline/r8evintrp2d.f:132:34:

  132 |      >     fval,i,j,xparam,yparam,hx,hxi,hy,hyi,
      |                                  1
Warning: Rank mismatch in argument 'hx' at (1) (rank-1 and scalar)
../Sources/Pspline/r8evintrp2d.f:132:37:

  132 |      >     fval,i,j,xparam,yparam,hx,hxi,hy,hyi,
      |                                     1
Warning: Rank mismatch in argument 'hxi' at (1) (rank-1 and scalar)
../Sources/Pspline/r8evintrp2d.f:132:41:

  132 |      >     fval,i,j,xparam,yparam,hx,hxi,hy,hyi,
      |                                         1
Warning: Rank mismatch in argument 'hy' at (1) (rank-1 and scalar)
../Sources/Pspline/r8evintrp2d.f:132:44:

  132 |      >     fval,i,j,xparam,yparam,hx,hxi,hy,hyi,
      |                                            1
Warning: Rank mismatch in argument 'hyi' at (1) (rank-1 and scalar)
/opt/homebrew/opt/open-mpi/bin/mpif90 -fPIC -g -O2 -fexternal-blas -fbacktrace -std=legacy -fallow-argument-mismatch -I/private/tmp/fusion-native-clean-62xzhkrp/repo/external/stellopt-v251/local/libstell_dir -I/opt/homebrew/opt/netcdf-fortran/include -I/opt/homebrew/opt/netcdf/include  -I/opt/homebrew/opt/netcdf-fortran/include -I/opt/homebrew/opt/netcdf/include -I. -c ../Sources/Pspline/r8mkspl3zb.f
/opt/homebrew/opt/open-mpi/bin/mpif90 -fPIC -g -O2 -fexternal-blas -fbacktrace -std=legacy -fallow-argument-mismatch -I/private/tmp/fusion-native-clean-62xzhkrp/repo/external/stellopt-v251/local/libstell_dir -I/opt/homebrew/opt/netcdf-fortran/include -I/opt/homebrew/opt/netcdf/include  -I/opt/homebrew/opt/netcdf-fortran/include -I/opt/homebrew/opt/netcdf/include -I. -c ../Sources/Pspline/r8dnherm3.f
/opt/homebrew/opt/open-mpi/bin/mpif90 -fPIC -g -O2 -fexternal-blas -fbacktrace -std=legacy -fallow-argument-mismatch -I/private/tmp/fusion-native-clean-62xzhkrp/repo/external/stellopt-v251/local/libstell_dir -I/opt/homebrew/opt/netcdf-fortran/include -I/opt/homebrew/opt/netcdf/include  -I/opt/homebrew/opt/netcdf-fortran/include -I/opt/homebrew/opt/netcdf/include -I. -c ../Sources/Pspline/psp_tolsum.f
/opt/homebrew/opt/open-mpi/bin/mpif90 -fPIC -g -O2 -fexternal-blas -fbacktrace -std=legacy -fallow-argument-mismatch -I/private/tmp/fusion-native-clean-62xzhkrp/repo/external/stellopt-v251/local/libstell_dir -I/opt/homebrew/opt/netcdf-fortran/include -I/opt/homebrew/opt/netcdf/include  -I/opt/homebrew/opt/netcdf-fortran/include -I/opt/homebrew/opt/netcdf/include -I. -c ../Sources/Pspline/gridherm2.f
/opt/homebrew/opt/open-mpi/bin/mpif90 -fPIC -g -O2 -fexternal-blas -fbacktrace -std=legacy -fallow-argument-mismatch -I/private/tmp/fusion-native-clean-62xzhkrp/repo/external/stellopt-v251/local/libstell_dir -I/opt/homebrew/opt/netcdf-fortran/include -I/opt/homebrew/opt/netcdf/include  -I/opt/homebrew/opt/netcdf-fortran/include -I/opt/homebrew/opt/netcdf/include -I. -c ../Sources/Pspline/r8pc2ev.f
../Sources/Pspline/r8pc2ev.f:92:14:

   92 |      >   fval,i,j,xparam,yparam,hx,hxi,hy,hyi,f,inf2,ny)
      |              1
Warning: Rank mismatch in argument 'ii' at (1) (rank-1 and scalar)
../Sources/Pspline/r8pc2ev.f:92:16:

   92 |      >   fval,i,j,xparam,yparam,hx,hxi,hy,hyi,f,inf2,ny)
      |                1
Warning: Rank mismatch in argument 'jj' at (1) (rank-1 and scalar)
../Sources/Pspline/r8pc2ev.f:92:18:

   92 |      >   fval,i,j,xparam,yparam,hx,hxi,hy,hyi,f,inf2,ny)
      |                  1
Warning: Rank mismatch in argument 'xparam' at (1) (rank-1 and scalar)
../Sources/Pspline/r8pc2ev.f:92:25:

   92 |      >   fval,i,j,xparam,yparam,hx,hxi,hy,hyi,f,inf2,ny)
      |                         1
Warning: Rank mismatch in argument 'yparam' at (1) (rank-1 and scalar)
../Sources/Pspline/r8pc2ev.f:92:32:

   92 |      >   fval,i,j,xparam,yparam,hx,hxi,hy,hyi,f,inf2,ny)
      |                                1
Warning: Rank mismatch in argument 'hx' at (1) (rank-1 and scalar)
../Sources/Pspline/r8pc2ev.f:92:35:

   92 |      >   fval,i,j,xparam,yparam,hx,hxi,hy,hyi,f,inf2,ny)
      |                                   1
Warning: Rank mismatch in argument 'hxi' at (1) (rank-1 and scalar)
../Sources/Pspline/r8pc2ev.f:92:39:

   92 |      >   fval,i,j,xparam,yparam,hx,hxi,hy,hyi,f,inf2,ny)
      |                                       1
Warning: Rank mismatch in argument 'hy' at (1) (rank-1 and scalar)
../Sources/Pspline/r8pc2ev.f:92:42:

   92 |      >   fval,i,j,xparam,yparam,hx,hxi,hy,hyi,f,inf2,ny)
      |                                          1
Warning: Rank mismatch in argument 'hyi' at (1) (rank-1 and scalar)
/opt/homebrew/opt/open-mpi/bin/mpif90 -fPIC -g -O2 -fexternal-blas -fbacktrace -std=legacy -fallow-argument-mismatch -I/private/tmp/fusion-native-clean-62xzhkrp/repo/external/stellopt-v251/local/libstell_dir -I/opt/homebrew/opt/netcdf-fortran/include -I/opt/homebrew/opt/netcdf/include  -I/opt/homebrew/opt/netcdf-fortran/include -I/opt/homebrew/opt/netcdf/include -I. -c ../Sources/Pspline/r8tcspgrid.f
/opt/homebrew/opt/open-mpi/bin/mpif90 -fPIC -g -O2 -fexternal-blas -fbacktrace -std=legacy -fallow-argument-mismatch -I/private/tmp/fusion-native-clean-62xzhkrp/repo/external/stellopt-v251/local/libstell_dir -I/opt/homebrew/opt/netcdf-fortran/include -I/opt/homebrew/opt/netcdf/include  -I/opt/homebrew/opt/netcdf-fortran/include -I/opt/homebrew/opt/netcdf/include -I. -c ../Sources/Pspline/r8util_bcherm1.f
/opt/homebrew/opt/open-mpi/bin/mpif90 -fPIC -g -O2 -fexternal-blas -fbacktrace -std=legacy -fallow-argument-mismatch -I/private/tmp/fusion-native-clean-62xzhkrp/repo/external/stellopt-v251/local/libstell_dir -I/opt/homebrew/opt/netcdf-fortran/include -I/opt/homebrew/opt/netcdf/include  -I/opt/homebrew/opt/netcdf-fortran/include -I/opt/homebrew/opt/netcdf/include -I. -c ../Sources/Pspline/vectricub.f
/opt/homebrew/opt/open-mpi/bin/mpif90 -fPIC -g -O2 -fexternal-blas -fbacktrace -std=legacy -fallow-argument-mismatch -I/private/tmp/fusion-native-clean-62xzhkrp/repo/external/stellopt-v251/local/libstell_dir -I/opt/homebrew/opt/netcdf-fortran/include -I/opt/homebrew/opt/netcdf/include  -I/opt/homebrew/opt/netcdf-fortran/include -I/opt/homebrew/opt/netcdf/include -I. -c ../Sources/Pspline/splbrk.f
/opt/homebrew/opt/open-mpi/bin/mpif90 -fPIC -g -O2 -fexternal-blas -fbacktrace -std=legacy -fallow-argument-mismatch -I/private/tmp/fusion-native-clean-62xzhkrp/repo/external/stellopt-v251/local/libstell_dir -I/opt/homebrew/opt/netcdf-fortran/include -I/opt/homebrew/opt/netcdf/include  -I/opt/homebrew/opt/netcdf-fortran/include -I/opt/homebrew/opt/netcdf/include -I. -c ../Sources/Pspline/r8herm3ev.f
../Sources/Pspline/r8herm3ev.f:109:14:

  109 |      >   fval,i,j,k,xparam,yparam,zparam,
      |              1
Warning: Rank mismatch in argument 'ii' at (1) (rank-1 and scalar)
../Sources/Pspline/r8herm3ev.f:109:16:

  109 |      >   fval,i,j,k,xparam,yparam,zparam,
      |                1
Warning: Rank mismatch in argument 'jj' at (1) (rank-1 and scalar)
../Sources/Pspline/r8herm3ev.f:109:18:

  109 |      >   fval,i,j,k,xparam,yparam,zparam,
      |                  1
Warning: Rank mismatch in argument 'kk' at (1) (rank-1 and scalar)
../Sources/Pspline/r8herm3ev.f:109:20:

  109 |      >   fval,i,j,k,xparam,yparam,zparam,
      |                    1
Warning: Rank mismatch in argument 'xparam' at (1) (rank-1 and scalar)
../Sources/Pspline/r8herm3ev.f:109:27:

  109 |      >   fval,i,j,k,xparam,yparam,zparam,
      |                           1
Warning: Rank mismatch in argument 'yparam' at (1) (rank-1 and scalar)
../Sources/Pspline/r8herm3ev.f:109:34:

  109 |      >   fval,i,j,k,xparam,yparam,zparam,
      |                                  1
Warning: Rank mismatch in argument 'zparam' at (1) (rank-1 and scalar)
../Sources/Pspline/r8herm3ev.f:110:9:

  110 |      >   hx,hxi,hy,hyi,hz,hzi,
      |         1
Warning: Rank mismatch in argument 'hx' at (1) (rank-1 and scalar)
../Sources/Pspline/r8herm3ev.f:110:12:

  110 |      >   hx,hxi,hy,hyi,hz,hzi,
      |            1
Warning: Rank mismatch in argument 'hxi' at (1) (rank-1 and scalar)
../Sources/Pspline/r8herm3ev.f:110:16:

  110 |      >   hx,hxi,hy,hyi,hz,hzi,
      |                1
Warning: Rank mismatch in argument 'hy' at (1) (rank-1 and scalar)
../Sources/Pspline/r8herm3ev.f:110:19:

  110 |      >   hx,hxi,hy,hyi,hz,hzi,
      |                   1
Warning: Rank mismatch in argument 'hyi' at (1) (rank-1 and scalar)
../Sources/Pspline/r8herm3ev.f:110:23:

  110 |      >   hx,hxi,hy,hyi,hz,hzi,
      |                       1
Warning: Rank mismatch in argument 'hz' at (1) (rank-1 and scalar)
../Sources/Pspline/r8herm3ev.f:110:26:

  110 |      >   hx,hxi,hy,hyi,hz,hzi,
      |                          1
Warning: Rank mismatch in argument 'hzi' at (1) (rank-1 and scalar)
/opt/homebrew/opt/open-mpi/bin/mpif90 -fPIC -g -O2 -fexternal-blas -fbacktrace -std=legacy -fallow-argument-mismatch -I/private/tmp/fusion-native-clean-62xzhkrp/repo/external/stellopt-v251/local/libstell_dir -I/opt/homebrew/opt/netcdf-fortran/include -I/opt/homebrew/opt/netcdf/include  -I/opt/homebrew/opt/netcdf-fortran/include -I/opt/homebrew/opt/netcdf/include -I. -c ../Sources/Pspline/bpspline.f
/opt/homebrew/opt/open-mpi/bin/mpif90 -fPIC -g -O2 -fexternal-blas -fbacktrace -std=legacy -fallow-argument-mismatch -I/private/tmp/fusion-native-clean-62xzhkrp/repo/external/stellopt-v251/local/libstell_dir -I/opt/homebrew/opt/netcdf-fortran/include -I/opt/homebrew/opt/netcdf/include  -I/opt/homebrew/opt/netcdf-fortran/include -I/opt/homebrew/opt/netcdf/include -I. -c ../Sources/Pspline/r8cspeval.f
/opt/homebrew/opt/open-mpi/bin/mpif90 -fPIC -g -O2 -fexternal-blas -fbacktrace -std=legacy -fallow-argument-mismatch -I/private/tmp/fusion-native-clean-62xzhkrp/repo/external/stellopt-v251/local/libstell_dir -I/opt/homebrew/opt/netcdf-fortran/include -I/opt/homebrew/opt/netcdf/include  -I/opt/homebrew/opt/netcdf-fortran/include -I/opt/homebrew/opt/netcdf/include -I. -c ../Sources/Pspline/akherm1.f
/opt/homebrew/opt/open-mpi/bin/mpif90 -fPIC -g -O2 -fexternal-blas -fbacktrace -std=legacy -fallow-argument-mismatch -I/private/tmp/fusion-native-clean-62xzhkrp/repo/external/stellopt-v251/local/libstell_dir -I/opt/homebrew/opt/netcdf-fortran/include -I/opt/homebrew/opt/netcdf/include  -I/opt/homebrew/opt/netcdf-fortran/include -I/opt/homebrew/opt/netcdf/include -I. -c ../Sources/Pspline/vecherm3.f
/opt/homebrew/opt/open-mpi/bin/mpif90 -fPIC -g -O2 -fexternal-blas -fbacktrace -std=legacy -fallow-argument-mismatch -I/private/tmp/fusion-native-clean-62xzhkrp/repo/external/stellopt-v251/local/libstell_dir -I/opt/homebrew/opt/netcdf-fortran/include -I/opt/homebrew/opt/netcdf/include  -I/opt/homebrew/opt/netcdf-fortran/include -I/opt/homebrew/opt/netcdf/include -I. -c ../Sources/Pspline/r8xlookup.f
/opt/homebrew/opt/open-mpi/bin/mpif90 -fPIC -g -O2 -fexternal-blas -fbacktrace -std=legacy -fallow-argument-mismatch -I/private/tmp/fusion-native-clean-62xzhkrp/repo/external/stellopt-v251/local/libstell_dir -I/opt/homebrew/opt/netcdf-fortran/include -I/opt/homebrew/opt/netcdf/include  -I/opt/homebrew/opt/netcdf-fortran/include -I/opt/homebrew/opt/netcdf/include -I. -c ../Sources/Pspline/r8evintrp3d.f
../Sources/Pspline/r8evintrp3d.f:148:16:

  148 |      >     fval,i,j,k,xparam,yparam,zparam,
      |                1
Warning: Rank mismatch in argument 'ii' at (1) (rank-1 and scalar)
../Sources/Pspline/r8evintrp3d.f:148:18:

  148 |      >     fval,i,j,k,xparam,yparam,zparam,
      |                  1
Warning: Rank mismatch in argument 'jj' at (1) (rank-1 and scalar)
../Sources/Pspline/r8evintrp3d.f:148:20:

  148 |      >     fval,i,j,k,xparam,yparam,zparam,
      |                    1
Warning: Rank mismatch in argument 'kk' at (1) (rank-1 and scalar)
../Sources/Pspline/r8evintrp3d.f:148:22:

  148 |      >     fval,i,j,k,xparam,yparam,zparam,
      |                      1
Warning: Rank mismatch in argument 'xparam' at (1) (rank-1 and scalar)
../Sources/Pspline/r8evintrp3d.f:148:29:

  148 |      >     fval,i,j,k,xparam,yparam,zparam,
      |                             1
Warning: Rank mismatch in argument 'yparam' at (1) (rank-1 and scalar)
../Sources/Pspline/r8evintrp3d.f:148:36:

  148 |      >     fval,i,j,k,xparam,yparam,zparam,
      |                                    1
Warning: Rank mismatch in argument 'zparam' at (1) (rank-1 and scalar)
../Sources/Pspline/r8evintrp3d.f:149:11:

  149 |      >     hx,hxi,hy,hyi,hz,hzi,
      |           1
Warning: Rank mismatch in argument 'hx' at (1) (rank-1 and scalar)
../Sources/Pspline/r8evintrp3d.f:149:14:

  149 |      >     hx,hxi,hy,hyi,hz,hzi,
      |              1
Warning: Rank mismatch in argument 'hxi' at (1) (rank-1 and scalar)
../Sources/Pspline/r8evintrp3d.f:149:18:

  149 |      >     hx,hxi,hy,hyi,hz,hzi,
      |                  1
Warning: Rank mismatch in argument 'hy' at (1) (rank-1 and scalar)
../Sources/Pspline/r8evintrp3d.f:149:21:

  149 |      >     hx,hxi,hy,hyi,hz,hzi,
      |                     1
Warning: Rank mismatch in argument 'hyi' at (1) (rank-1 and scalar)
../Sources/Pspline/r8evintrp3d.f:149:25:

  149 |      >     hx,hxi,hy,hyi,hz,hzi,
      |                         1
Warning: Rank mismatch in argument 'hz' at (1) (rank-1 and scalar)
../Sources/Pspline/r8evintrp3d.f:149:28:

  149 |      >     hx,hxi,hy,hyi,hz,hzi,
      |                            1
Warning: Rank mismatch in argument 'hzi' at (1) (rank-1 and scalar)
/opt/homebrew/opt/open-mpi/bin/mpif90 -fPIC -g -O2 -fexternal-blas -fbacktrace -std=legacy -fallow-argument-mismatch -I/private/tmp/fusion-native-clean-62xzhkrp/repo/external/stellopt-v251/local/libstell_dir -I/opt/homebrew/opt/netcdf-fortran/include -I/opt/homebrew/opt/netcdf/include  -I/opt/homebrew/opt/netcdf-fortran/include -I/opt/homebrew/opt/netcdf/include -I. -c ../Sources/Pspline/gridpc3.f
/opt/homebrew/opt/open-mpi/bin/mpif90 -fPIC -g -O2 -fexternal-blas -fbacktrace -std=legacy -fallow-argument-mismatch -I/private/tmp/fusion-native-clean-62xzhkrp/repo/external/stellopt-v251/local/libstell_dir -I/opt/homebrew/opt/netcdf-fortran/include -I/opt/homebrew/opt/netcdf/include  -I/opt/homebrew/opt/netcdf-fortran/include -I/opt/homebrew/opt/netcdf/include -I. -c ../Sources/Pspline/r8vecherm1.f
/opt/homebrew/opt/open-mpi/bin/mpif90 -fPIC -g -O2 -fexternal-blas -fbacktrace -std=legacy -fallow-argument-mismatch -I/private/tmp/fusion-native-clean-62xzhkrp/repo/external/stellopt-v251/local/libstell_dir -I/opt/homebrew/opt/netcdf-fortran/include -I/opt/homebrew/opt/netcdf/include  -I/opt/homebrew/opt/netcdf-fortran/include -I/opt/homebrew/opt/netcdf/include -I. -c ../Sources/Pspline/r8cubsplb.f
/opt/homebrew/opt/open-mpi/bin/mpif90 -fPIC -g -O2 -fexternal-blas -fbacktrace -std=legacy -fallow-argument-mismatch -I/private/tmp/fusion-native-clean-62xzhkrp/repo/external/stellopt-v251/local/libstell_dir -I/opt/homebrew/opt/netcdf-fortran/include -I/opt/homebrew/opt/netcdf/include  -I/opt/homebrew/opt/netcdf-fortran/include -I/opt/homebrew/opt/netcdf/include -I. -c ../Sources/Pspline/r8gridtricub.f
/opt/homebrew/opt/open-mpi/bin/mpif90 -ffree-form -ffree-line-length-none -ffixed-line-length-none -fPIC -g -O2 -fexternal-blas -fbacktrace -std=legacy -fallow-argument-mismatch -I/private/tmp/fusion-native-clean-62xzhkrp/repo/external/stellopt-v251/local/libstell_dir -I/opt/homebrew/opt/netcdf-fortran/include -I/opt/homebrew/opt/netcdf/include  -I/opt/homebrew/opt/netcdf-fortran/include -I/opt/homebrew/opt/netcdf/include -I.  -c ../Sources/Pspline/ezspline_setupx.f90
/opt/homebrew/opt/open-mpi/bin/mpif90 -fPIC -g -O2 -fexternal-blas -fbacktrace -std=legacy -fallow-argument-mismatch -I/private/tmp/fusion-native-clean-62xzhkrp/repo/external/stellopt-v251/local/libstell_dir -I/opt/homebrew/opt/netcdf-fortran/include -I/opt/homebrew/opt/netcdf/include  -I/opt/homebrew/opt/netcdf-fortran/include -I/opt/homebrew/opt/netcdf/include -I. -c ../Sources/Pspline/mkherm1.f
/opt/homebrew/opt/open-mpi/bin/mpif90 -fPIC -g -O2 -fexternal-blas -fbacktrace -std=legacy -fallow-argument-mismatch -I/private/tmp/fusion-native-clean-62xzhkrp/repo/external/stellopt-v251/local/libstell_dir -I/opt/homebrew/opt/netcdf-fortran/include -I/opt/homebrew/opt/netcdf/include  -I/opt/homebrew/opt/netcdf-fortran/include -I/opt/homebrew/opt/netcdf/include -I. -c ../Sources/Pspline/mkspl2zb.f
/opt/homebrew/opt/open-mpi/bin/mpif90 -ffree-form -ffree-line-length-none -ffixed-line-length-none -fPIC -g -O2 -fexternal-blas -fbacktrace -std=legacy -fallow-argument-mismatch -I/private/tmp/fusion-native-clean-62xzhkrp/repo/external/stellopt-v251/local/libstell_dir -I/opt/homebrew/opt/netcdf-fortran/include -I/opt/homebrew/opt/netcdf/include  -I/opt/homebrew/opt/netcdf-fortran/include -I/opt/homebrew/opt/netcdf/include -I.  -c ../Sources/Pspline/ezspline_isindomain.f90
/opt/homebrew/opt/open-mpi/bin/mpif90 -fPIC -g -O2 -fexternal-blas -fbacktrace -std=legacy -fallow-argument-mismatch -I/private/tmp/fusion-native-clean-62xzhkrp/repo/external/stellopt-v251/local/libstell_dir -I/opt/homebrew/opt/netcdf-fortran/include -I/opt/homebrew/opt/netcdf/include  -I/opt/homebrew/opt/netcdf-fortran/include -I/opt/homebrew/opt/netcdf/include -I. -c ../Sources/Pspline/gridpc2.f
/opt/homebrew/opt/open-mpi/bin/mpif90 -fPIC -g -O2 -fexternal-blas -fbacktrace -std=legacy -fallow-argument-mismatch -I/private/tmp/fusion-native-clean-62xzhkrp/repo/external/stellopt-v251/local/libstell_dir -I/opt/homebrew/opt/netcdf-fortran/include -I/opt/homebrew/opt/netcdf/include  -I/opt/homebrew/opt/netcdf-fortran/include -I/opt/homebrew/opt/netcdf/include -I. -c ../Sources/Pspline/vecherm2.f
/opt/homebrew/opt/open-mpi/bin/mpif90 -fPIC -g -O2 -fexternal-blas -fbacktrace -std=legacy -fallow-argument-mismatch -I/private/tmp/fusion-native-clean-62xzhkrp/repo/external/stellopt-v251/local/libstell_dir -I/opt/homebrew/opt/netcdf-fortran/include -I/opt/homebrew/opt/netcdf/include  -I/opt/homebrew/opt/netcdf-fortran/include -I/opt/homebrew/opt/netcdf/include -I. -c ../Sources/Pspline/r8speval.f
/opt/homebrew/opt/open-mpi/bin/mpif90 -fPIC -g -O2 -fexternal-blas -fbacktrace -std=legacy -fallow-argument-mismatch -I/private/tmp/fusion-native-clean-62xzhkrp/repo/external/stellopt-v251/local/libstell_dir -I/opt/homebrew/opt/netcdf-fortran/include -I/opt/homebrew/opt/netcdf/include  -I/opt/homebrew/opt/netcdf-fortran/include -I/opt/homebrew/opt/netcdf/include -I. -c ../Sources/Pspline/v_spline.f
/opt/homebrew/opt/open-mpi/bin/mpif90 -fPIC -g -O2 -fexternal-blas -fbacktrace -std=legacy -fallow-argument-mismatch -I/private/tmp/fusion-native-clean-62xzhkrp/repo/external/stellopt-v251/local/libstell_dir -I/opt/homebrew/opt/netcdf-fortran/include -I/opt/homebrew/opt/netcdf/include  -I/opt/homebrew/opt/netcdf-fortran/include -I/opt/homebrew/opt/netcdf/include -I. -c ../Sources/Pspline/r8nspline.f
/opt/homebrew/opt/open-mpi/bin/mpif90 -fPIC -g -O2 -fexternal-blas -fbacktrace -std=legacy -fallow-argument-mismatch -I/private/tmp/fusion-native-clean-62xzhkrp/repo/external/stellopt-v251/local/libstell_dir -I/opt/homebrew/opt/netcdf-fortran/include -I/opt/homebrew/opt/netcdf/include  -I/opt/homebrew/opt/netcdf-fortran/include -I/opt/homebrew/opt/netcdf/include -I. -c ../Sources/Pspline/pc2ev.f
../Sources/Pspline/pc2ev.f:86:14:

   86 |      >   fval,i,j,xparam,yparam,hx,hxi,hy,hyi,f,inf2,ny)
      |              1
Warning: Rank mismatch in argument 'ii' at (1) (rank-1 and scalar)
../Sources/Pspline/pc2ev.f:86:16:

   86 |      >   fval,i,j,xparam,yparam,hx,hxi,hy,hyi,f,inf2,ny)
      |                1
Warning: Rank mismatch in argument 'jj' at (1) (rank-1 and scalar)
../Sources/Pspline/pc2ev.f:86:18:

   86 |      >   fval,i,j,xparam,yparam,hx,hxi,hy,hyi,f,inf2,ny)
      |                  1
Warning: Rank mismatch in argument 'xparam' at (1) (rank-1 and scalar)
../Sources/Pspline/pc2ev.f:86:25:

   86 |      >   fval,i,j,xparam,yparam,hx,hxi,hy,hyi,f,inf2,ny)
      |                         1
Warning: Rank mismatch in argument 'yparam' at (1) (rank-1 and scalar)
../Sources/Pspline/pc2ev.f:86:32:

   86 |      >   fval,i,j,xparam,yparam,hx,hxi,hy,hyi,f,inf2,ny)
      |                                1
Warning: Rank mismatch in argument 'hx' at (1) (rank-1 and scalar)
../Sources/Pspline/pc2ev.f:86:35:

   86 |      >   fval,i,j,xparam,yparam,hx,hxi,hy,hyi,f,inf2,ny)
      |                                   1
Warning: Rank mismatch in argument 'hxi' at (1) (rank-1 and scalar)
../Sources/Pspline/pc2ev.f:86:39:

   86 |      >   fval,i,j,xparam,yparam,hx,hxi,hy,hyi,f,inf2,ny)
      |                                       1
Warning: Rank mismatch in argument 'hy' at (1) (rank-1 and scalar)
../Sources/Pspline/pc2ev.f:86:42:

   86 |      >   fval,i,j,xparam,yparam,hx,hxi,hy,hyi,f,inf2,ny)
      |                                          1
Warning: Rank mismatch in argument 'hyi' at (1) (rank-1 and scalar)
/opt/homebrew/opt/open-mpi/bin/mpif90 -fPIC -g -O2 -fexternal-blas -fbacktrace -std=legacy -fallow-argument-mismatch -I/private/tmp/fusion-native-clean-62xzhkrp/repo/external/stellopt-v251/local/libstell_dir -I/opt/homebrew/opt/netcdf-fortran/include -I/opt/homebrew/opt/netcdf/include  -I/opt/homebrew/opt/netcdf-fortran/include -I/opt/homebrew/opt/netcdf/include -I. -c ../Sources/Pspline/mktricubw.f
/opt/homebrew/opt/open-mpi/bin/mpif90 -fPIC -g -O2 -fexternal-blas -fbacktrace -std=legacy -fallow-argument-mismatch -I/private/tmp/fusion-native-clean-62xzhkrp/repo/external/stellopt-v251/local/libstell_dir -I/opt/homebrew/opt/netcdf-fortran/include -I/opt/homebrew/opt/netcdf/include  -I/opt/homebrew/opt/netcdf-fortran/include -I/opt/homebrew/opt/netcdf/include -I. -c ../Sources/Pspline/vecbicub.f
/opt/homebrew/opt/open-mpi/bin/mpif90 -fPIC -g -O2 -fexternal-blas -fbacktrace -std=legacy -fallow-argument-mismatch -I/private/tmp/fusion-native-clean-62xzhkrp/repo/external/stellopt-v251/local/libstell_dir -I/opt/homebrew/opt/netcdf-fortran/include -I/opt/homebrew/opt/netcdf/include  -I/opt/homebrew/opt/netcdf-fortran/include -I/opt/homebrew/opt/netcdf/include -I. -c ../Sources/Pspline/r8spleen.f
/opt/homebrew/opt/open-mpi/bin/mpif90 -fPIC -g -O2 -fexternal-blas -fbacktrace -std=legacy -fallow-argument-mismatch -I/private/tmp/fusion-native-clean-62xzhkrp/repo/external/stellopt-v251/local/libstell_dir -I/opt/homebrew/opt/netcdf-fortran/include -I/opt/homebrew/opt/netcdf/include  -I/opt/homebrew/opt/netcdf-fortran/include -I/opt/homebrew/opt/netcdf/include -I. -c ../Sources/Pspline/tpspline.f
/opt/homebrew/opt/open-mpi/bin/mpif90 -fPIC -g -O2 -fexternal-blas -fbacktrace -std=legacy -fallow-argument-mismatch -I/private/tmp/fusion-native-clean-62xzhkrp/repo/external/stellopt-v251/local/libstell_dir -I/opt/homebrew/opt/netcdf-fortran/include -I/opt/homebrew/opt/netcdf/include  -I/opt/homebrew/opt/netcdf-fortran/include -I/opt/homebrew/opt/netcdf/include -I. -c ../Sources/Pspline/r8bcspvec.f
/opt/homebrew/opt/open-mpi/bin/mpif90 -fPIC -g -O2 -fexternal-blas -fbacktrace -std=legacy -fallow-argument-mismatch -I/private/tmp/fusion-native-clean-62xzhkrp/repo/external/stellopt-v251/local/libstell_dir -I/opt/homebrew/opt/netcdf-fortran/include -I/opt/homebrew/opt/netcdf/include  -I/opt/homebrew/opt/netcdf-fortran/include -I/opt/homebrew/opt/netcdf/include -I. -c ../Sources/Pspline/genxpkg.f
/opt/homebrew/opt/open-mpi/bin/mpif90 -fPIC -g -O2 -fexternal-blas -fbacktrace -std=legacy -fallow-argument-mismatch -I/private/tmp/fusion-native-clean-62xzhkrp/repo/external/stellopt-v251/local/libstell_dir -I/opt/homebrew/opt/netcdf-fortran/include -I/opt/homebrew/opt/netcdf/include  -I/opt/homebrew/opt/netcdf-fortran/include -I/opt/homebrew/opt/netcdf/include -I. -c ../Sources/Pspline/spline_ez1.f
/opt/homebrew/opt/open-mpi/bin/mpif90 -fPIC -g -O2 -fexternal-blas -fbacktrace -std=legacy -fallow-argument-mismatch -I/private/tmp/fusion-native-clean-62xzhkrp/repo/external/stellopt-v251/local/libstell_dir -I/opt/homebrew/opt/netcdf-fortran/include -I/opt/homebrew/opt/netcdf/include  -I/opt/homebrew/opt/netcdf-fortran/include -I/opt/homebrew/opt/netcdf/include -I. -c ../Sources/Pspline/gridherm3.f
/opt/homebrew/opt/open-mpi/bin/mpif90 -fPIC -g -O2 -fexternal-blas -fbacktrace -std=legacy -fallow-argument-mismatch -I/private/tmp/fusion-native-clean-62xzhkrp/repo/external/stellopt-v251/local/libstell_dir -I/opt/homebrew/opt/netcdf-fortran/include -I/opt/homebrew/opt/netcdf/include  -I/opt/homebrew/opt/netcdf-fortran/include -I/opt/homebrew/opt/netcdf/include -I. -c ../Sources/Pspline/r8dnherm2.f
/opt/homebrew/opt/open-mpi/bin/mpif90 -fPIC -g -O2 -fexternal-blas -fbacktrace -std=legacy -fallow-argument-mismatch -I/private/tmp/fusion-native-clean-62xzhkrp/repo/external/stellopt-v251/local/libstell_dir -I/opt/homebrew/opt/netcdf-fortran/include -I/opt/homebrew/opt/netcdf/include  -I/opt/homebrew/opt/netcdf-fortran/include -I/opt/homebrew/opt/netcdf/include -I. -c ../Sources/Pspline/r8vecpc1.f
/opt/homebrew/opt/open-mpi/bin/mpif90 -fPIC -g -O2 -fexternal-blas -fbacktrace -std=legacy -fallow-argument-mismatch -I/private/tmp/fusion-native-clean-62xzhkrp/repo/external/stellopt-v251/local/libstell_dir -I/opt/homebrew/opt/netcdf-fortran/include -I/opt/homebrew/opt/netcdf/include  -I/opt/homebrew/opt/netcdf-fortran/include -I/opt/homebrew/opt/netcdf/include -I. -c ../Sources/Pspline/r8mkbicubw.f
/opt/homebrew/opt/open-mpi/bin/mpif90 -ffree-form -ffree-line-length-none -ffixed-line-length-none -fPIC -g -O2 -fexternal-blas -fbacktrace -std=legacy -fallow-argument-mismatch -I/private/tmp/fusion-native-clean-62xzhkrp/repo/external/stellopt-v251/local/libstell_dir -I/opt/homebrew/opt/netcdf-fortran/include -I/opt/homebrew/opt/netcdf/include  -I/opt/homebrew/opt/netcdf-fortran/include -I/opt/homebrew/opt/netcdf/include -I.  -c ../Sources/Pspline/ezspline_derivative.f90
/opt/homebrew/opt/open-mpi/bin/mpif90 -fPIC -g -O2 -fexternal-blas -fbacktrace -std=legacy -fallow-argument-mismatch -I/private/tmp/fusion-native-clean-62xzhkrp/repo/external/stellopt-v251/local/libstell_dir -I/opt/homebrew/opt/netcdf-fortran/include -I/opt/homebrew/opt/netcdf/include  -I/opt/homebrew/opt/netcdf-fortran/include -I/opt/homebrew/opt/netcdf/include -I. -c ../Sources/Pspline/r8bcspgrid.f
/opt/homebrew/opt/open-mpi/bin/mpif90 -fPIC -g -O2 -fexternal-blas -fbacktrace -std=legacy -fallow-argument-mismatch -I/private/tmp/fusion-native-clean-62xzhkrp/repo/external/stellopt-v251/local/libstell_dir -I/opt/homebrew/opt/netcdf-fortran/include -I/opt/homebrew/opt/netcdf/include  -I/opt/homebrew/opt/netcdf-fortran/include -I/opt/homebrew/opt/netcdf/include -I. -c ../Sources/Pspline/herm1ev.f
../Sources/Pspline/herm1ev.f:71:33:

   71 |       call herm1fcn(ict,1,1,fval,i,xparam,hx,hxi,f,nx)
      |                                 1
Warning: Rank mismatch in argument 'ii' at (1) (rank-1 and scalar)
../Sources/Pspline/herm1ev.f:71:35:

   71 |       call herm1fcn(ict,1,1,fval,i,xparam,hx,hxi,f,nx)
      |                                   1
Warning: Rank mismatch in argument 'xparam' at (1) (rank-1 and scalar)
../Sources/Pspline/herm1ev.f:71:42:

   71 |       call herm1fcn(ict,1,1,fval,i,xparam,hx,hxi,f,nx)
      |                                          1
Warning: Rank mismatch in argument 'hx' at (1) (rank-1 and scalar)
../Sources/Pspline/herm1ev.f:71:45:

   71 |       call herm1fcn(ict,1,1,fval,i,xparam,hx,hxi,f,nx)
      |                                             1
Warning: Rank mismatch in argument 'hxi' at (1) (rank-1 and scalar)
/opt/homebrew/opt/open-mpi/bin/mpif90 -fPIC -g -O2 -fexternal-blas -fbacktrace -std=legacy -fallow-argument-mismatch -I/private/tmp/fusion-native-clean-62xzhkrp/repo/external/stellopt-v251/local/libstell_dir -I/opt/homebrew/opt/netcdf-fortran/include -I/opt/homebrew/opt/netcdf/include  -I/opt/homebrew/opt/netcdf-fortran/include -I/opt/homebrew/opt/netcdf/include -I. -c ../Sources/Pspline/r8splinck.f
/opt/homebrew/opt/open-mpi/bin/mpif90 -fPIC -g -O2 -fexternal-blas -fbacktrace -std=legacy -fallow-argument-mismatch -I/private/tmp/fusion-native-clean-62xzhkrp/repo/external/stellopt-v251/local/libstell_dir -I/opt/homebrew/opt/netcdf-fortran/include -I/opt/homebrew/opt/netcdf/include  -I/opt/homebrew/opt/netcdf-fortran/include -I/opt/homebrew/opt/netcdf/include -I. -c ../Sources/Pspline/r8gridbicub.f
/opt/homebrew/opt/open-mpi/bin/mpif90 -fPIC -g -O2 -fexternal-blas -fbacktrace -std=legacy -fallow-argument-mismatch -I/private/tmp/fusion-native-clean-62xzhkrp/repo/external/stellopt-v251/local/libstell_dir -I/opt/homebrew/opt/netcdf-fortran/include -I/opt/homebrew/opt/netcdf/include  -I/opt/homebrew/opt/netcdf-fortran/include -I/opt/homebrew/opt/netcdf/include -I. -c ../Sources/Pspline/evintrp2d.f
../Sources/Pspline/evintrp2d.f:131:16:

  131 |      >     fval,i,j,xparam,yparam,hx,hxi,hy,hyi,
      |                1
Warning: Rank mismatch in argument 'ii' at (1) (rank-1 and scalar)
../Sources/Pspline/evintrp2d.f:131:18:

  131 |      >     fval,i,j,xparam,yparam,hx,hxi,hy,hyi,
      |                  1
Warning: Rank mismatch in argument 'jj' at (1) (rank-1 and scalar)
../Sources/Pspline/evintrp2d.f:131:20:

  131 |      >     fval,i,j,xparam,yparam,hx,hxi,hy,hyi,
      |                    1
Warning: Rank mismatch in argument 'xparam' at (1) (rank-1 and scalar)
../Sources/Pspline/evintrp2d.f:131:27:

  131 |      >     fval,i,j,xparam,yparam,hx,hxi,hy,hyi,
      |                           1
Warning: Rank mismatch in argument 'yparam' at (1) (rank-1 and scalar)
../Sources/Pspline/evintrp2d.f:131:34:

  131 |      >     fval,i,j,xparam,yparam,hx,hxi,hy,hyi,
      |                                  1
Warning: Rank mismatch in argument 'hx' at (1) (rank-1 and scalar)
../Sources/Pspline/evintrp2d.f:131:37:

  131 |      >     fval,i,j,xparam,yparam,hx,hxi,hy,hyi,
      |                                     1
Warning: Rank mismatch in argument 'hxi' at (1) (rank-1 and scalar)
../Sources/Pspline/evintrp2d.f:131:41:

  131 |      >     fval,i,j,xparam,yparam,hx,hxi,hy,hyi,
      |                                         1
Warning: Rank mismatch in argument 'hy' at (1) (rank-1 and scalar)
../Sources/Pspline/evintrp2d.f:131:44:

  131 |      >     fval,i,j,xparam,yparam,hx,hxi,hy,hyi,
      |                                            1
Warning: Rank mismatch in argument 'hyi' at (1) (rank-1 and scalar)
/opt/homebrew/opt/open-mpi/bin/mpif90 -fPIC -g -O2 -fexternal-blas -fbacktrace -std=legacy -fallow-argument-mismatch -I/private/tmp/fusion-native-clean-62xzhkrp/repo/external/stellopt-v251/local/libstell_dir -I/opt/homebrew/opt/netcdf-fortran/include -I/opt/homebrew/opt/netcdf/include  -I/opt/homebrew/opt/netcdf-fortran/include -I/opt/homebrew/opt/netcdf/include -I. -c ../Sources/Pspline/zonfind.f
/opt/homebrew/opt/open-mpi/bin/mpif90 -fPIC -g -O2 -fexternal-blas -fbacktrace -std=legacy -fallow-argument-mismatch -I/private/tmp/fusion-native-clean-62xzhkrp/repo/external/stellopt-v251/local/libstell_dir -I/opt/homebrew/opt/netcdf-fortran/include -I/opt/homebrew/opt/netcdf/include  -I/opt/homebrew/opt/netcdf-fortran/include -I/opt/homebrew/opt/netcdf/include -I. -c ../Sources/Pspline/r8bcspline.f
/opt/homebrew/opt/open-mpi/bin/mpif90 -fPIC -g -O2 -fexternal-blas -fbacktrace -std=legacy -fallow-argument-mismatch -I/private/tmp/fusion-native-clean-62xzhkrp/repo/external/stellopt-v251/local/libstell_dir -I/opt/homebrew/opt/netcdf-fortran/include -I/opt/homebrew/opt/netcdf/include  -I/opt/homebrew/opt/netcdf-fortran/include -I/opt/homebrew/opt/netcdf/include -I. -c ../Sources/Pspline/r8mkbicub.f
/opt/homebrew/opt/open-mpi/bin/mpif90 -fPIC -g -O2 -fexternal-blas -fbacktrace -std=legacy -fallow-argument-mismatch -I/private/tmp/fusion-native-clean-62xzhkrp/repo/external/stellopt-v251/local/libstell_dir -I/opt/homebrew/opt/netcdf-fortran/include -I/opt/homebrew/opt/netcdf/include  -I/opt/homebrew/opt/netcdf-fortran/include -I/opt/homebrew/opt/netcdf/include -I. -c ../Sources/Pspline/r8mkspline.f
/opt/homebrew/opt/open-mpi/bin/mpif90 -fPIC -g -O2 -fexternal-blas -fbacktrace -std=legacy -fallow-argument-mismatch -I/private/tmp/fusion-native-clean-62xzhkrp/repo/external/stellopt-v251/local/libstell_dir -I/opt/homebrew/opt/netcdf-fortran/include -I/opt/homebrew/opt/netcdf/include  -I/opt/homebrew/opt/netcdf-fortran/include -I/opt/homebrew/opt/netcdf/include -I. -c ../Sources/Pspline/speval.f
/opt/homebrew/opt/open-mpi/bin/mpif90 -ffree-form -ffree-line-length-none -ffixed-line-length-none -fPIC -g -O2 -fexternal-blas -fbacktrace -std=legacy -fallow-argument-mismatch -I/private/tmp/fusion-native-clean-62xzhkrp/repo/external/stellopt-v251/local/libstell_dir -I/opt/homebrew/opt/netcdf-fortran/include -I/opt/homebrew/opt/netcdf/include  -I/opt/homebrew/opt/netcdf-fortran/include -I/opt/homebrew/opt/netcdf/include -I.  -c ../Sources/Pspline/ezspline_gradient.f90
/opt/homebrew/opt/open-mpi/bin/mpif90 -fPIC -g -O2 -fexternal-blas -fbacktrace -std=legacy -fallow-argument-mismatch -I/private/tmp/fusion-native-clean-62xzhkrp/repo/external/stellopt-v251/local/libstell_dir -I/opt/homebrew/opt/netcdf-fortran/include -I/opt/homebrew/opt/netcdf/include  -I/opt/homebrew/opt/netcdf-fortran/include -I/opt/homebrew/opt/netcdf/include -I. -c ../Sources/Pspline/r8gridherm2.f
/opt/homebrew/opt/open-mpi/bin/mpif90 -fPIC -g -O2 -fexternal-blas -fbacktrace -std=legacy -fallow-argument-mismatch -I/private/tmp/fusion-native-clean-62xzhkrp/repo/external/stellopt-v251/local/libstell_dir -I/opt/homebrew/opt/netcdf-fortran/include -I/opt/homebrew/opt/netcdf/include  -I/opt/homebrew/opt/netcdf-fortran/include -I/opt/homebrew/opt/netcdf/include -I. -c ../Sources/Pspline/r8akherm2.f
/opt/homebrew/opt/open-mpi/bin/mpif90 -fPIC -g -O2 -fexternal-blas -fbacktrace -std=legacy -fallow-argument-mismatch -I/private/tmp/fusion-native-clean-62xzhkrp/repo/external/stellopt-v251/local/libstell_dir -I/opt/homebrew/opt/netcdf-fortran/include -I/opt/homebrew/opt/netcdf/include  -I/opt/homebrew/opt/netcdf-fortran/include -I/opt/homebrew/opt/netcdf/include -I. -c ../Sources/Pspline/seval.f
/opt/homebrew/opt/open-mpi/bin/mpif90 -fPIC -g -O2 -fexternal-blas -fbacktrace -std=legacy -fallow-argument-mismatch -I/private/tmp/fusion-native-clean-62xzhkrp/repo/external/stellopt-v251/local/libstell_dir -I/opt/homebrew/opt/netcdf-fortran/include -I/opt/homebrew/opt/netcdf/include  -I/opt/homebrew/opt/netcdf-fortran/include -I/opt/homebrew/opt/netcdf/include -I. -c ../Sources/Pspline/pc1ev.f
../Sources/Pspline/pc1ev.f:71:31:

   71 |       call pc1fcn(ict,1,1,fval,i,xparam,hx,hxi,f,nx)
      |                               1
Warning: Rank mismatch in argument 'ii' at (1) (rank-1 and scalar)
../Sources/Pspline/pc1ev.f:71:33:

   71 |       call pc1fcn(ict,1,1,fval,i,xparam,hx,hxi,f,nx)
      |                                 1
Warning: Rank mismatch in argument 'xparam' at (1) (rank-1 and scalar)
../Sources/Pspline/pc1ev.f:71:40:

   71 |       call pc1fcn(ict,1,1,fval,i,xparam,hx,hxi,f,nx)
      |                                        1
Warning: Rank mismatch in argument 'hx' at (1) (rank-1 and scalar)
../Sources/Pspline/pc1ev.f:71:43:

   71 |       call pc1fcn(ict,1,1,fval,i,xparam,hx,hxi,f,nx)
      |                                           1
Warning: Rank mismatch in argument 'hxi' at (1) (rank-1 and scalar)
/opt/homebrew/opt/open-mpi/bin/mpif90 -fPIC -g -O2 -fexternal-blas -fbacktrace -std=legacy -fallow-argument-mismatch -I/private/tmp/fusion-native-clean-62xzhkrp/repo/external/stellopt-v251/local/libstell_dir -I/opt/homebrew/opt/netcdf-fortran/include -I/opt/homebrew/opt/netcdf/include  -I/opt/homebrew/opt/netcdf-fortran/include -I/opt/homebrew/opt/netcdf/include -I. -c ../Sources/Pspline/tcspeval.f
/opt/homebrew/opt/open-mpi/bin/mpif90 -fPIC -g -O2 -fexternal-blas -fbacktrace -std=legacy -fallow-argument-mismatch -I/private/tmp/fusion-native-clean-62xzhkrp/repo/external/stellopt-v251/local/libstell_dir -I/opt/homebrew/opt/netcdf-fortran/include -I/opt/homebrew/opt/netcdf/include  -I/opt/homebrew/opt/netcdf-fortran/include -I/opt/homebrew/opt/netcdf/include -I. -c ../Sources/Pspline/spleen.f
/opt/homebrew/opt/open-mpi/bin/mpif90 -fPIC -g -O2 -fexternal-blas -fbacktrace -std=legacy -fallow-argument-mismatch -I/private/tmp/fusion-native-clean-62xzhkrp/repo/external/stellopt-v251/local/libstell_dir -I/opt/homebrew/opt/netcdf-fortran/include -I/opt/homebrew/opt/netcdf/include  -I/opt/homebrew/opt/netcdf-fortran/include -I/opt/homebrew/opt/netcdf/include -I. -c ../Sources/Pspline/r8mkherm2.f
/opt/homebrew/opt/open-mpi/bin/mpif90 -fPIC -g -O2 -fexternal-blas -fbacktrace -std=legacy -fallow-argument-mismatch -I/private/tmp/fusion-native-clean-62xzhkrp/repo/external/stellopt-v251/local/libstell_dir -I/opt/homebrew/opt/netcdf-fortran/include -I/opt/homebrew/opt/netcdf/include  -I/opt/homebrew/opt/netcdf-fortran/include -I/opt/homebrew/opt/netcdf/include -I. -c ../Sources/Pspline/r8mkspl3pb.f
/opt/homebrew/opt/open-mpi/bin/mpif90 -fPIC -g -O2 -fexternal-blas -fbacktrace -std=legacy -fallow-argument-mismatch -I/private/tmp/fusion-native-clean-62xzhkrp/repo/external/stellopt-v251/local/libstell_dir -I/opt/homebrew/opt/netcdf-fortran/include -I/opt/homebrew/opt/netcdf/include  -I/opt/homebrew/opt/netcdf-fortran/include -I/opt/homebrew/opt/netcdf/include -I. -c ../Sources/Pspline/r8vectricub.f
/opt/homebrew/opt/open-mpi/bin/mpif90 -ffree-form -ffree-line-length-none -ffixed-line-length-none -fPIC -g -O2 -fexternal-blas -fbacktrace -std=legacy -fallow-argument-mismatch -I/private/tmp/fusion-native-clean-62xzhkrp/repo/external/stellopt-v251/local/libstell_dir -I/opt/homebrew/opt/netcdf-fortran/include -I/opt/homebrew/opt/netcdf/include  -I/opt/homebrew/opt/netcdf-fortran/include -I/opt/homebrew/opt/netcdf/include -I.  -c ../Sources/Pspline/ezspline_cdfput3.f90
/opt/homebrew/opt/open-mpi/bin/mpif90 -fPIC -g -O2 -fexternal-blas -fbacktrace -std=legacy -fallow-argument-mismatch -I/private/tmp/fusion-native-clean-62xzhkrp/repo/external/stellopt-v251/local/libstell_dir -I/opt/homebrew/opt/netcdf-fortran/include -I/opt/homebrew/opt/netcdf/include  -I/opt/homebrew/opt/netcdf-fortran/include -I/opt/homebrew/opt/netcdf/include -I. -c ../Sources/Pspline/r8evtricub.f
/opt/homebrew/opt/open-mpi/bin/mpif90 -fPIC -g -O2 -fexternal-blas -fbacktrace -std=legacy -fallow-argument-mismatch -I/private/tmp/fusion-native-clean-62xzhkrp/repo/external/stellopt-v251/local/libstell_dir -I/opt/homebrew/opt/netcdf-fortran/include -I/opt/homebrew/opt/netcdf/include  -I/opt/homebrew/opt/netcdf-fortran/include -I/opt/homebrew/opt/netcdf/include -I. -c ../Sources/Pspline/cspline.f
/opt/homebrew/opt/open-mpi/bin/mpif90 -fPIC -g -O2 -fexternal-blas -fbacktrace -std=legacy -fallow-argument-mismatch -I/private/tmp/fusion-native-clean-62xzhkrp/repo/external/stellopt-v251/local/libstell_dir -I/opt/homebrew/opt/netcdf-fortran/include -I/opt/homebrew/opt/netcdf/include  -I/opt/homebrew/opt/netcdf-fortran/include -I/opt/homebrew/opt/netcdf/include -I. -c ../Sources/Pspline/vecpc1.f
/opt/homebrew/opt/open-mpi/bin/mpif90 -fPIC -g -O2 -fexternal-blas -fbacktrace -std=legacy -fallow-argument-mismatch -I/private/tmp/fusion-native-clean-62xzhkrp/repo/external/stellopt-v251/local/libstell_dir -I/opt/homebrew/opt/netcdf-fortran/include -I/opt/homebrew/opt/netcdf/include  -I/opt/homebrew/opt/netcdf-fortran/include -I/opt/homebrew/opt/netcdf/include -I. -c ../Sources/Pspline/herm2ev.f
../Sources/Pspline/herm2ev.f:89:14:

   89 |      >   fval,i,j,xparam,yparam,hx,hxi,hy,hyi,f,inf2,ny)
      |              1
Warning: Rank mismatch in argument 'ii' at (1) (rank-1 and scalar)
../Sources/Pspline/herm2ev.f:89:16:

   89 |      >   fval,i,j,xparam,yparam,hx,hxi,hy,hyi,f,inf2,ny)
      |                1
Warning: Rank mismatch in argument 'jj' at (1) (rank-1 and scalar)
../Sources/Pspline/herm2ev.f:89:18:

   89 |      >   fval,i,j,xparam,yparam,hx,hxi,hy,hyi,f,inf2,ny)
      |                  1
Warning: Rank mismatch in argument 'xparam' at (1) (rank-1 and scalar)
../Sources/Pspline/herm2ev.f:89:25:

   89 |      >   fval,i,j,xparam,yparam,hx,hxi,hy,hyi,f,inf2,ny)
      |                         1
Warning: Rank mismatch in argument 'yparam' at (1) (rank-1 and scalar)
../Sources/Pspline/herm2ev.f:89:32:

   89 |      >   fval,i,j,xparam,yparam,hx,hxi,hy,hyi,f,inf2,ny)
      |                                1
Warning: Rank mismatch in argument 'hx' at (1) (rank-1 and scalar)
../Sources/Pspline/herm2ev.f:89:35:

   89 |      >   fval,i,j,xparam,yparam,hx,hxi,hy,hyi,f,inf2,ny)
      |                                   1
Warning: Rank mismatch in argument 'hxi' at (1) (rank-1 and scalar)
../Sources/Pspline/herm2ev.f:89:39:

   89 |      >   fval,i,j,xparam,yparam,hx,hxi,hy,hyi,f,inf2,ny)
      |                                       1
Warning: Rank mismatch in argument 'hy' at (1) (rank-1 and scalar)
../Sources/Pspline/herm2ev.f:89:42:

   89 |      >   fval,i,j,xparam,yparam,hx,hxi,hy,hyi,f,inf2,ny)
      |                                          1
Warning: Rank mismatch in argument 'hyi' at (1) (rank-1 and scalar)
/opt/homebrew/opt/open-mpi/bin/mpif90 -fPIC -g -O2 -fexternal-blas -fbacktrace -std=legacy -fallow-argument-mismatch -I/private/tmp/fusion-native-clean-62xzhkrp/repo/external/stellopt-v251/local/libstell_dir -I/opt/homebrew/opt/netcdf-fortran/include -I/opt/homebrew/opt/netcdf/include  -I/opt/homebrew/opt/netcdf-fortran/include -I/opt/homebrew/opt/netcdf/include -I. -c ../Sources/Pspline/f2test.f
/opt/homebrew/opt/open-mpi/bin/mpif90 -fPIC -g -O2 -fexternal-blas -fbacktrace -std=legacy -fallow-argument-mismatch -I/private/tmp/fusion-native-clean-62xzhkrp/repo/external/stellopt-v251/local/libstell_dir -I/opt/homebrew/opt/netcdf-fortran/include -I/opt/homebrew/opt/netcdf/include  -I/opt/homebrew/opt/netcdf-fortran/include -I/opt/homebrew/opt/netcdf/include -I. -c ../Sources/Pspline/evintrp3d.f
../Sources/Pspline/evintrp3d.f:147:16:

  147 |      >     fval,i,j,k,xparam,yparam,zparam,
      |                1
Warning: Rank mismatch in argument 'ii' at (1) (rank-1 and scalar)
../Sources/Pspline/evintrp3d.f:147:18:

  147 |      >     fval,i,j,k,xparam,yparam,zparam,
      |                  1
Warning: Rank mismatch in argument 'jj' at (1) (rank-1 and scalar)
../Sources/Pspline/evintrp3d.f:147:20:

  147 |      >     fval,i,j,k,xparam,yparam,zparam,
      |                    1
Warning: Rank mismatch in argument 'kk' at (1) (rank-1 and scalar)
../Sources/Pspline/evintrp3d.f:147:22:

  147 |      >     fval,i,j,k,xparam,yparam,zparam,
      |                      1
Warning: Rank mismatch in argument 'xparam' at (1) (rank-1 and scalar)
../Sources/Pspline/evintrp3d.f:147:29:

  147 |      >     fval,i,j,k,xparam,yparam,zparam,
      |                             1
Warning: Rank mismatch in argument 'yparam' at (1) (rank-1 and scalar)
../Sources/Pspline/evintrp3d.f:147:36:

  147 |      >     fval,i,j,k,xparam,yparam,zparam,
      |                                    1
Warning: Rank mismatch in argument 'zparam' at (1) (rank-1 and scalar)
../Sources/Pspline/evintrp3d.f:148:11:

  148 |      >     hx,hxi,hy,hyi,hz,hzi,
      |           1
Warning: Rank mismatch in argument 'hx' at (1) (rank-1 and scalar)
../Sources/Pspline/evintrp3d.f:148:14:

  148 |      >     hx,hxi,hy,hyi,hz,hzi,
      |              1
Warning: Rank mismatch in argument 'hxi' at (1) (rank-1 and scalar)
../Sources/Pspline/evintrp3d.f:148:18:

  148 |      >     hx,hxi,hy,hyi,hz,hzi,
      |                  1
Warning: Rank mismatch in argument 'hy' at (1) (rank-1 and scalar)
../Sources/Pspline/evintrp3d.f:148:21:

  148 |      >     hx,hxi,hy,hyi,hz,hzi,
      |                     1
Warning: Rank mismatch in argument 'hyi' at (1) (rank-1 and scalar)
../Sources/Pspline/evintrp3d.f:148:25:

  148 |      >     hx,hxi,hy,hyi,hz,hzi,
      |                         1
Warning: Rank mismatch in argument 'hz' at (1) (rank-1 and scalar)
../Sources/Pspline/evintrp3d.f:148:28:

  148 |      >     hx,hxi,hy,hyi,hz,hzi,
      |                            1
Warning: Rank mismatch in argument 'hzi' at (1) (rank-1 and scalar)
/opt/homebrew/opt/open-mpi/bin/mpif90 -ffree-form -ffree-line-length-none -ffixed-line-length-none -fPIC -g -O2 -fexternal-blas -fbacktrace -std=legacy -fallow-argument-mismatch -I/private/tmp/fusion-native-clean-62xzhkrp/repo/external/stellopt-v251/local/libstell_dir -I/opt/homebrew/opt/netcdf-fortran/include -I/opt/homebrew/opt/netcdf/include  -I/opt/homebrew/opt/netcdf-fortran/include -I/opt/homebrew/opt/netcdf/include -I.  -c ../Sources/Pspline/ezspline_init.f90
/opt/homebrew/opt/open-mpi/bin/mpif90 -fPIC -g -O2 -fexternal-blas -fbacktrace -std=legacy -fallow-argument-mismatch -I/private/tmp/fusion-native-clean-62xzhkrp/repo/external/stellopt-v251/local/libstell_dir -I/opt/homebrew/opt/netcdf-fortran/include -I/opt/homebrew/opt/netcdf/include  -I/opt/homebrew/opt/netcdf-fortran/include -I/opt/homebrew/opt/netcdf/include -I. -c ../Sources/Pspline/r8bpsplinb.f
/opt/homebrew/opt/open-mpi/bin/mpif90 -fPIC -g -O2 -fexternal-blas -fbacktrace -std=legacy -fallow-argument-mismatch -I/private/tmp/fusion-native-clean-62xzhkrp/repo/external/stellopt-v251/local/libstell_dir -I/opt/homebrew/opt/netcdf-fortran/include -I/opt/homebrew/opt/netcdf/include  -I/opt/homebrew/opt/netcdf-fortran/include -I/opt/homebrew/opt/netcdf/include -I. -c ../Sources/Pspline/util_bcherm2.f
/opt/homebrew/opt/open-mpi/bin/mpif90 -fPIC -g -O2 -fexternal-blas -fbacktrace -std=legacy -fallow-argument-mismatch -I/private/tmp/fusion-native-clean-62xzhkrp/repo/external/stellopt-v251/local/libstell_dir -I/opt/homebrew/opt/netcdf-fortran/include -I/opt/homebrew/opt/netcdf/include  -I/opt/homebrew/opt/netcdf-fortran/include -I/opt/homebrew/opt/netcdf/include -I. -c ../Sources/Pspline/util_bcherm3.f
/opt/homebrew/opt/open-mpi/bin/mpif90 -fPIC -g -O2 -fexternal-blas -fbacktrace -std=legacy -fallow-argument-mismatch -I/private/tmp/fusion-native-clean-62xzhkrp/repo/external/stellopt-v251/local/libstell_dir -I/opt/homebrew/opt/netcdf-fortran/include -I/opt/homebrew/opt/netcdf/include  -I/opt/homebrew/opt/netcdf-fortran/include -I/opt/homebrew/opt/netcdf/include -I. -c ../Sources/Pspline/vecin3d_argchk.f
/opt/homebrew/opt/open-mpi/bin/mpif90 -fPIC -g -O2 -fexternal-blas -fbacktrace -std=legacy -fallow-argument-mismatch -I/private/tmp/fusion-native-clean-62xzhkrp/repo/external/stellopt-v251/local/libstell_dir -I/opt/homebrew/opt/netcdf-fortran/include -I/opt/homebrew/opt/netcdf/include  -I/opt/homebrew/opt/netcdf-fortran/include -I/opt/homebrew/opt/netcdf/include -I. -c ../Sources/Pspline/bcspeval.f
/opt/homebrew/opt/open-mpi/bin/mpif90 -ffree-form -ffree-line-length-none -ffixed-line-length-none -fPIC -g -O2 -fexternal-blas -fbacktrace -std=legacy -fallow-argument-mismatch -I/private/tmp/fusion-native-clean-62xzhkrp/repo/external/stellopt-v251/local/libstell_dir -I/opt/homebrew/opt/netcdf-fortran/include -I/opt/homebrew/opt/netcdf/include  -I/opt/homebrew/opt/netcdf-fortran/include -I/opt/homebrew/opt/netcdf/include -I.  -c ../Sources/Pspline/ezlinear_init.f90
/opt/homebrew/opt/open-mpi/bin/mpif90 -ffree-form -ffree-line-length-none -ffixed-line-length-none -fPIC -g -O2 -fexternal-blas -fbacktrace -std=legacy -fallow-argument-mismatch -I/private/tmp/fusion-native-clean-62xzhkrp/repo/external/stellopt-v251/local/libstell_dir -I/opt/homebrew/opt/netcdf-fortran/include -I/opt/homebrew/opt/netcdf/include  -I/opt/homebrew/opt/netcdf-fortran/include -I/opt/homebrew/opt/netcdf/include -I.  -c ../Sources/Pspline/ezspline_2netcdf.f90
/opt/homebrew/opt/open-mpi/bin/mpif90 -fPIC -g -O2 -fexternal-blas -fbacktrace -std=legacy -fallow-argument-mismatch -I/private/tmp/fusion-native-clean-62xzhkrp/repo/external/stellopt-v251/local/libstell_dir -I/opt/homebrew/opt/netcdf-fortran/include -I/opt/homebrew/opt/netcdf/include  -I/opt/homebrew/opt/netcdf-fortran/include -I/opt/homebrew/opt/netcdf/include -I. -c ../Sources/Pspline/r8pspline.f
/opt/homebrew/opt/open-mpi/bin/mpif90 -fPIC -g -O2 -fexternal-blas -fbacktrace -std=legacy -fallow-argument-mismatch -I/private/tmp/fusion-native-clean-62xzhkrp/repo/external/stellopt-v251/local/libstell_dir -I/opt/homebrew/opt/netcdf-fortran/include -I/opt/homebrew/opt/netcdf/include  -I/opt/homebrew/opt/netcdf-fortran/include -I/opt/homebrew/opt/netcdf/include -I. -c ../Sources/Pspline/dnherm1.f
/opt/homebrew/opt/open-mpi/bin/mpif90 -fPIC -g -O2 -fexternal-blas -fbacktrace -std=legacy -fallow-argument-mismatch -I/private/tmp/fusion-native-clean-62xzhkrp/repo/external/stellopt-v251/local/libstell_dir -I/opt/homebrew/opt/netcdf-fortran/include -I/opt/homebrew/opt/netcdf/include  -I/opt/homebrew/opt/netcdf-fortran/include -I/opt/homebrew/opt/netcdf/include -I. -c ../Sources/Pspline/mkspl2z.f
/opt/homebrew/opt/open-mpi/bin/mpif90 -fPIC -g -O2 -fexternal-blas -fbacktrace -std=legacy -fallow-argument-mismatch -I/private/tmp/fusion-native-clean-62xzhkrp/repo/external/stellopt-v251/local/libstell_dir -I/opt/homebrew/opt/netcdf-fortran/include -I/opt/homebrew/opt/netcdf/include  -I/opt/homebrew/opt/netcdf-fortran/include -I/opt/homebrew/opt/netcdf/include -I. -c ../Sources/Pspline/r8psp_tolsum.f
/opt/homebrew/opt/open-mpi/bin/mpif90 -fPIC -g -O2 -fexternal-blas -fbacktrace -std=legacy -fallow-argument-mismatch -I/private/tmp/fusion-native-clean-62xzhkrp/repo/external/stellopt-v251/local/libstell_dir -I/opt/homebrew/opt/netcdf-fortran/include -I/opt/homebrew/opt/netcdf/include  -I/opt/homebrew/opt/netcdf-fortran/include -I/opt/homebrew/opt/netcdf/include -I. -c ../Sources/Pspline/r8pc1ev.f
../Sources/Pspline/r8pc1ev.f:77:33:

   77 |       call r8pc1fcn(ict,1,1,fval,i,xparam,hx,hxi,f,nx)
      |                                 1
Warning: Rank mismatch in argument 'ii' at (1) (rank-1 and scalar)
../Sources/Pspline/r8pc1ev.f:77:35:

   77 |       call r8pc1fcn(ict,1,1,fval,i,xparam,hx,hxi,f,nx)
      |                                   1
Warning: Rank mismatch in argument 'xparam' at (1) (rank-1 and scalar)
../Sources/Pspline/r8pc1ev.f:77:42:

   77 |       call r8pc1fcn(ict,1,1,fval,i,xparam,hx,hxi,f,nx)
      |                                          1
Warning: Rank mismatch in argument 'hx' at (1) (rank-1 and scalar)
../Sources/Pspline/r8pc1ev.f:77:45:

   77 |       call r8pc1fcn(ict,1,1,fval,i,xparam,hx,hxi,f,nx)
      |                                             1
Warning: Rank mismatch in argument 'hxi' at (1) (rank-1 and scalar)
/opt/homebrew/opt/open-mpi/bin/mpif90 -fPIC -g -O2 -fexternal-blas -fbacktrace -std=legacy -fallow-argument-mismatch -I/private/tmp/fusion-native-clean-62xzhkrp/repo/external/stellopt-v251/local/libstell_dir -I/opt/homebrew/opt/netcdf-fortran/include -I/opt/homebrew/opt/netcdf/include  -I/opt/homebrew/opt/netcdf-fortran/include -I/opt/homebrew/opt/netcdf/include -I. -c ../Sources/Pspline/r8mktricubw.f
/opt/homebrew/opt/open-mpi/bin/mpif90 -fPIC -g -O2 -fexternal-blas -fbacktrace -std=legacy -fallow-argument-mismatch -I/private/tmp/fusion-native-clean-62xzhkrp/repo/external/stellopt-v251/local/libstell_dir -I/opt/homebrew/opt/netcdf-fortran/include -I/opt/homebrew/opt/netcdf/include  -I/opt/homebrew/opt/netcdf-fortran/include -I/opt/homebrew/opt/netcdf/include -I. -c ../Sources/Pspline/mktricub.f
/opt/homebrew/opt/open-mpi/bin/mpif90 -fPIC -g -O2 -fexternal-blas -fbacktrace -std=legacy -fallow-argument-mismatch -I/private/tmp/fusion-native-clean-62xzhkrp/repo/external/stellopt-v251/local/libstell_dir -I/opt/homebrew/opt/netcdf-fortran/include -I/opt/homebrew/opt/netcdf/include  -I/opt/homebrew/opt/netcdf-fortran/include -I/opt/homebrew/opt/netcdf/include -I. -c ../Sources/Pspline/r8tcspline.f
/opt/homebrew/opt/open-mpi/bin/mpif90 -fPIC -g -O2 -fexternal-blas -fbacktrace -std=legacy -fallow-argument-mismatch -I/private/tmp/fusion-native-clean-62xzhkrp/repo/external/stellopt-v251/local/libstell_dir -I/opt/homebrew/opt/netcdf-fortran/include -I/opt/homebrew/opt/netcdf/include  -I/opt/homebrew/opt/netcdf-fortran/include -I/opt/homebrew/opt/netcdf/include -I. -c ../Sources/Pspline/r8seval.f
/opt/homebrew/opt/open-mpi/bin/mpif90 -fPIC -g -O2 -fexternal-blas -fbacktrace -std=legacy -fallow-argument-mismatch -I/private/tmp/fusion-native-clean-62xzhkrp/repo/external/stellopt-v251/local/libstell_dir -I/opt/homebrew/opt/netcdf-fortran/include -I/opt/homebrew/opt/netcdf/include  -I/opt/homebrew/opt/netcdf-fortran/include -I/opt/homebrew/opt/netcdf/include -I. -c ../Sources/Pspline/vecin2d_argchk.f
/opt/homebrew/opt/open-mpi/bin/mpif90 -ffree-form -ffree-line-length-none -ffixed-line-length-none -fPIC -g -O2 -fexternal-blas -fbacktrace -std=legacy -fallow-argument-mismatch -I/private/tmp/fusion-native-clean-62xzhkrp/repo/external/stellopt-v251/local/libstell_dir -I/opt/homebrew/opt/netcdf-fortran/include -I/opt/homebrew/opt/netcdf/include  -I/opt/homebrew/opt/netcdf-fortran/include -I/opt/homebrew/opt/netcdf/include -I.  -c ../Sources/Pspline/ezspline_load.f90
../Sources/Pspline/ezspline_load.f90:894:56:

  443 |         call ezspline_cdfget3(ncid, trim(zpre)//'fspl', spline_o%fspl, &
      |                                                        2
......
  894 |         call ezspline_cdfget3(ncid, trim(zpre)//'fspl', spline_o%fspl, &
      |                                                        1
Warning: Type mismatch between actual argument at (1) and actual argument at (2) (REAL(4)/REAL(8)).
/opt/homebrew/opt/open-mpi/bin/mpif90 -fPIC -g -O2 -fexternal-blas -fbacktrace -std=legacy -fallow-argument-mismatch -I/private/tmp/fusion-native-clean-62xzhkrp/repo/external/stellopt-v251/local/libstell_dir -I/opt/homebrew/opt/netcdf-fortran/include -I/opt/homebrew/opt/netcdf/include  -I/opt/homebrew/opt/netcdf-fortran/include -I/opt/homebrew/opt/netcdf/include -I. -c ../Sources/Pspline/r8mkherm3.f
/opt/homebrew/opt/open-mpi/bin/mpif90 -fPIC -g -O2 -fexternal-blas -fbacktrace -std=legacy -fallow-argument-mismatch -I/private/tmp/fusion-native-clean-62xzhkrp/repo/external/stellopt-v251/local/libstell_dir -I/opt/homebrew/opt/netcdf-fortran/include -I/opt/homebrew/opt/netcdf/include  -I/opt/homebrew/opt/netcdf-fortran/include -I/opt/homebrew/opt/netcdf/include -I. -c ../Sources/Pspline/r8gridpc1.f
/opt/homebrew/opt/open-mpi/bin/mpif90 -fPIC -g -O2 -fexternal-blas -fbacktrace -std=legacy -fallow-argument-mismatch -I/private/tmp/fusion-native-clean-62xzhkrp/repo/external/stellopt-v251/local/libstell_dir -I/opt/homebrew/opt/netcdf-fortran/include -I/opt/homebrew/opt/netcdf/include  -I/opt/homebrew/opt/netcdf-fortran/include -I/opt/homebrew/opt/netcdf/include -I. -c ../Sources/Pspline/mkspl2pb.f
/opt/homebrew/opt/open-mpi/bin/mpif90 -fPIC -g -O2 -fexternal-blas -fbacktrace -std=legacy -fallow-argument-mismatch -I/private/tmp/fusion-native-clean-62xzhkrp/repo/external/stellopt-v251/local/libstell_dir -I/opt/homebrew/opt/netcdf-fortran/include -I/opt/homebrew/opt/netcdf/include  -I/opt/homebrew/opt/netcdf-fortran/include -I/opt/homebrew/opt/netcdf/include -I. -c ../Sources/Pspline/r8gridherm3.f
/opt/homebrew/opt/open-mpi/bin/mpif90 -fPIC -g -O2 -fexternal-blas -fbacktrace -std=legacy -fallow-argument-mismatch -I/private/tmp/fusion-native-clean-62xzhkrp/repo/external/stellopt-v251/local/libstell_dir -I/opt/homebrew/opt/netcdf-fortran/include -I/opt/homebrew/opt/netcdf/include  -I/opt/homebrew/opt/netcdf-fortran/include -I/opt/homebrew/opt/netcdf/include -I. -c ../Sources/Pspline/r8tcspvec.f
/opt/homebrew/opt/open-mpi/bin/mpif90 -fPIC -g -O2 -fexternal-blas -fbacktrace -std=legacy -fallow-argument-mismatch -I/private/tmp/fusion-native-clean-62xzhkrp/repo/external/stellopt-v251/local/libstell_dir -I/opt/homebrew/opt/netcdf-fortran/include -I/opt/homebrew/opt/netcdf/include  -I/opt/homebrew/opt/netcdf-fortran/include -I/opt/homebrew/opt/netcdf/include -I. -c ../Sources/Pspline/r8akherm3.f
/opt/homebrew/opt/open-mpi/bin/mpif90 -fPIC -g -O2 -fexternal-blas -fbacktrace -std=legacy -fallow-argument-mismatch -I/private/tmp/fusion-native-clean-62xzhkrp/repo/external/stellopt-v251/local/libstell_dir -I/opt/homebrew/opt/netcdf-fortran/include -I/opt/homebrew/opt/netcdf/include  -I/opt/homebrew/opt/netcdf-fortran/include -I/opt/homebrew/opt/netcdf/include -I. -c ../Sources/Pspline/evbicub.f
/opt/homebrew/opt/open-mpi/bin/mpif90 -fPIC -g -O2 -fexternal-blas -fbacktrace -std=legacy -fallow-argument-mismatch -I/private/tmp/fusion-native-clean-62xzhkrp/repo/external/stellopt-v251/local/libstell_dir -I/opt/homebrew/opt/netcdf-fortran/include -I/opt/homebrew/opt/netcdf/include  -I/opt/homebrew/opt/netcdf-fortran/include -I/opt/homebrew/opt/netcdf/include -I. -c ../Sources/Pspline/r8tpsplinb.f
/opt/homebrew/opt/open-mpi/bin/mpif90 -fPIC -g -O2 -fexternal-blas -fbacktrace -std=legacy -fallow-argument-mismatch -I/private/tmp/fusion-native-clean-62xzhkrp/repo/external/stellopt-v251/local/libstell_dir -I/opt/homebrew/opt/netcdf-fortran/include -I/opt/homebrew/opt/netcdf/include  -I/opt/homebrew/opt/netcdf-fortran/include -I/opt/homebrew/opt/netcdf/include -I. -c ../Sources/Pspline/r8splbrk.f
/opt/homebrew/opt/open-mpi/bin/mpif90 -fPIC -g -O2 -fexternal-blas -fbacktrace -std=legacy -fallow-argument-mismatch -I/private/tmp/fusion-native-clean-62xzhkrp/repo/external/stellopt-v251/local/libstell_dir -I/opt/homebrew/opt/netcdf-fortran/include -I/opt/homebrew/opt/netcdf/include  -I/opt/homebrew/opt/netcdf-fortran/include -I/opt/homebrew/opt/netcdf/include -I. -c ../Sources/Pspline/f3test.f
/opt/homebrew/opt/open-mpi/bin/mpif90 -fPIC -g -O2 -fexternal-blas -fbacktrace -std=legacy -fallow-argument-mismatch -I/private/tmp/fusion-native-clean-62xzhkrp/repo/external/stellopt-v251/local/libstell_dir -I/opt/homebrew/opt/netcdf-fortran/include -I/opt/homebrew/opt/netcdf/include  -I/opt/homebrew/opt/netcdf-fortran/include -I/opt/homebrew/opt/netcdf/include -I. -c ../Sources/Pspline/evspline.f
/opt/homebrew/opt/open-mpi/bin/mpif90 -fPIC -g -O2 -fexternal-blas -fbacktrace -std=legacy -fallow-argument-mismatch -I/private/tmp/fusion-native-clean-62xzhkrp/repo/external/stellopt-v251/local/libstell_dir -I/opt/homebrew/opt/netcdf-fortran/include -I/opt/homebrew/opt/netcdf/include  -I/opt/homebrew/opt/netcdf-fortran/include -I/opt/homebrew/opt/netcdf/include -I. -c ../Sources/Pspline/mkspl2p.f
/opt/homebrew/opt/open-mpi/bin/mpif90 -fPIC -g -O2 -fexternal-blas -fbacktrace -std=legacy -fallow-argument-mismatch -I/private/tmp/fusion-native-clean-62xzhkrp/repo/external/stellopt-v251/local/libstell_dir -I/opt/homebrew/opt/netcdf-fortran/include -I/opt/homebrew/opt/netcdf/include  -I/opt/homebrew/opt/netcdf-fortran/include -I/opt/homebrew/opt/netcdf/include -I. -c ../Sources/Pspline/gridtricub.f
/opt/homebrew/opt/open-mpi/bin/mpif90 -fPIC -g -O2 -fexternal-blas -fbacktrace -std=legacy -fallow-argument-mismatch -I/private/tmp/fusion-native-clean-62xzhkrp/repo/external/stellopt-v251/local/libstell_dir -I/opt/homebrew/opt/netcdf-fortran/include -I/opt/homebrew/opt/netcdf/include  -I/opt/homebrew/opt/netcdf-fortran/include -I/opt/homebrew/opt/netcdf/include -I. -c ../Sources/Pspline/vecintrp2d.f
/opt/homebrew/opt/open-mpi/bin/mpif90 -fPIC -g -O2 -fexternal-blas -fbacktrace -std=legacy -fallow-argument-mismatch -I/private/tmp/fusion-native-clean-62xzhkrp/repo/external/stellopt-v251/local/libstell_dir -I/opt/homebrew/opt/netcdf-fortran/include -I/opt/homebrew/opt/netcdf/include  -I/opt/homebrew/opt/netcdf-fortran/include -I/opt/homebrew/opt/netcdf/include -I. -c ../Sources/Pspline/r8evspline.f
/opt/homebrew/opt/open-mpi/bin/mpif90 -fPIC -g -O2 -fexternal-blas -fbacktrace -std=legacy -fallow-argument-mismatch -I/private/tmp/fusion-native-clean-62xzhkrp/repo/external/stellopt-v251/local/libstell_dir -I/opt/homebrew/opt/netcdf-fortran/include -I/opt/homebrew/opt/netcdf/include  -I/opt/homebrew/opt/netcdf-fortran/include -I/opt/homebrew/opt/netcdf/include -I. -c ../Sources/Pspline/r8spgrid.f
/opt/homebrew/opt/open-mpi/bin/mpif90 -fPIC -g -O2 -fexternal-blas -fbacktrace -std=legacy -fallow-argument-mismatch -I/private/tmp/fusion-native-clean-62xzhkrp/repo/external/stellopt-v251/local/libstell_dir -I/opt/homebrew/opt/netcdf-fortran/include -I/opt/homebrew/opt/netcdf/include  -I/opt/homebrew/opt/netcdf-fortran/include -I/opt/homebrew/opt/netcdf/include -I. -c ../Sources/Pspline/r8seval2.f
/opt/homebrew/opt/open-mpi/bin/mpif90 -fPIC -g -O2 -fexternal-blas -fbacktrace -std=legacy -fallow-argument-mismatch -I/private/tmp/fusion-native-clean-62xzhkrp/repo/external/stellopt-v251/local/libstell_dir -I/opt/homebrew/opt/netcdf-fortran/include -I/opt/homebrew/opt/netcdf/include  -I/opt/homebrew/opt/netcdf-fortran/include -I/opt/homebrew/opt/netcdf/include -I. -c ../Sources/Pspline/r8vecspline.f
/opt/homebrew/opt/open-mpi/bin/mpif90 -fPIC -g -O2 -fexternal-blas -fbacktrace -std=legacy -fallow-argument-mismatch -I/private/tmp/fusion-native-clean-62xzhkrp/repo/external/stellopt-v251/local/libstell_dir -I/opt/homebrew/opt/netcdf-fortran/include -I/opt/homebrew/opt/netcdf/include  -I/opt/homebrew/opt/netcdf-fortran/include -I/opt/homebrew/opt/netcdf/include -I. -c ../Sources/Pspline/herm3ev.f
../Sources/Pspline/herm3ev.f:103:14:

  103 |      >   fval,i,j,k,xparam,yparam,zparam,
      |              1
Warning: Rank mismatch in argument 'ii' at (1) (rank-1 and scalar)
../Sources/Pspline/herm3ev.f:103:16:

  103 |      >   fval,i,j,k,xparam,yparam,zparam,
      |                1
Warning: Rank mismatch in argument 'jj' at (1) (rank-1 and scalar)
../Sources/Pspline/herm3ev.f:103:18:

  103 |      >   fval,i,j,k,xparam,yparam,zparam,
      |                  1
Warning: Rank mismatch in argument 'kk' at (1) (rank-1 and scalar)
../Sources/Pspline/herm3ev.f:103:20:

  103 |      >   fval,i,j,k,xparam,yparam,zparam,
      |                    1
Warning: Rank mismatch in argument 'xparam' at (1) (rank-1 and scalar)
../Sources/Pspline/herm3ev.f:103:27:

  103 |      >   fval,i,j,k,xparam,yparam,zparam,
      |                           1
Warning: Rank mismatch in argument 'yparam' at (1) (rank-1 and scalar)
../Sources/Pspline/herm3ev.f:103:34:

  103 |      >   fval,i,j,k,xparam,yparam,zparam,
      |                                  1
Warning: Rank mismatch in argument 'zparam' at (1) (rank-1 and scalar)
../Sources/Pspline/herm3ev.f:104:9:

  104 |      >   hx,hxi,hy,hyi,hz,hzi,
      |         1
Warning: Rank mismatch in argument 'hx' at (1) (rank-1 and scalar)
../Sources/Pspline/herm3ev.f:104:12:

  104 |      >   hx,hxi,hy,hyi,hz,hzi,
      |            1
Warning: Rank mismatch in argument 'hxi' at (1) (rank-1 and scalar)
../Sources/Pspline/herm3ev.f:104:16:

  104 |      >   hx,hxi,hy,hyi,hz,hzi,
      |                1
Warning: Rank mismatch in argument 'hy' at (1) (rank-1 and scalar)
../Sources/Pspline/herm3ev.f:104:19:

  104 |      >   hx,hxi,hy,hyi,hz,hzi,
      |                   1
Warning: Rank mismatch in argument 'hyi' at (1) (rank-1 and scalar)
../Sources/Pspline/herm3ev.f:104:23:

  104 |      >   hx,hxi,hy,hyi,hz,hzi,
      |                       1
Warning: Rank mismatch in argument 'hz' at (1) (rank-1 and scalar)
../Sources/Pspline/herm3ev.f:104:26:

  104 |      >   hx,hxi,hy,hyi,hz,hzi,
      |                          1
Warning: Rank mismatch in argument 'hzi' at (1) (rank-1 and scalar)
/opt/homebrew/opt/open-mpi/bin/mpif90 -fPIC -g -O2 -fexternal-blas -fbacktrace -std=legacy -fallow-argument-mismatch -I/private/tmp/fusion-native-clean-62xzhkrp/repo/external/stellopt-v251/local/libstell_dir -I/opt/homebrew/opt/netcdf-fortran/include -I/opt/homebrew/opt/netcdf/include  -I/opt/homebrew/opt/netcdf-fortran/include -I/opt/homebrew/opt/netcdf/include -I. -c ../Sources/Pspline/cspeval.f
/opt/homebrew/opt/open-mpi/bin/mpif90 -fPIC -g -O2 -fexternal-blas -fbacktrace -std=legacy -fallow-argument-mismatch -I/private/tmp/fusion-native-clean-62xzhkrp/repo/external/stellopt-v251/local/libstell_dir -I/opt/homebrew/opt/netcdf-fortran/include -I/opt/homebrew/opt/netcdf/include  -I/opt/homebrew/opt/netcdf-fortran/include -I/opt/homebrew/opt/netcdf/include -I. -c ../Sources/Pspline/xlookup.f
/opt/homebrew/opt/open-mpi/bin/mpif90 -fPIC -g -O2 -fexternal-blas -fbacktrace -std=legacy -fallow-argument-mismatch -I/private/tmp/fusion-native-clean-62xzhkrp/repo/external/stellopt-v251/local/libstell_dir -I/opt/homebrew/opt/netcdf-fortran/include -I/opt/homebrew/opt/netcdf/include  -I/opt/homebrew/opt/netcdf-fortran/include -I/opt/homebrew/opt/netcdf/include -I. -c ../Sources/Pspline/r8gridherm1.f
/opt/homebrew/opt/open-mpi/bin/mpif90 -fPIC -g -O2 -fexternal-blas -fbacktrace -std=legacy -fallow-argument-mismatch -I/private/tmp/fusion-native-clean-62xzhkrp/repo/external/stellopt-v251/local/libstell_dir -I/opt/homebrew/opt/netcdf-fortran/include -I/opt/homebrew/opt/netcdf/include  -I/opt/homebrew/opt/netcdf-fortran/include -I/opt/homebrew/opt/netcdf/include -I. -c ../Sources/Pspline/r8akherm1.f
/opt/homebrew/opt/open-mpi/bin/mpif90 -fPIC -g -O2 -fexternal-blas -fbacktrace -std=legacy -fallow-argument-mismatch -I/private/tmp/fusion-native-clean-62xzhkrp/repo/external/stellopt-v251/local/libstell_dir -I/opt/homebrew/opt/netcdf-fortran/include -I/opt/homebrew/opt/netcdf/include  -I/opt/homebrew/opt/netcdf-fortran/include -I/opt/homebrew/opt/netcdf/include -I. -c ../Sources/Pspline/pspline_calls.f
/opt/homebrew/opt/open-mpi/bin/mpif90 -fPIC -g -O2 -fexternal-blas -fbacktrace -std=legacy -fallow-argument-mismatch -I/private/tmp/fusion-native-clean-62xzhkrp/repo/external/stellopt-v251/local/libstell_dir -I/opt/homebrew/opt/netcdf-fortran/include -I/opt/homebrew/opt/netcdf/include  -I/opt/homebrew/opt/netcdf-fortran/include -I/opt/homebrew/opt/netcdf/include -I. -c ../Sources/Pspline/r8mkspl2pb.f
/opt/homebrew/opt/open-mpi/bin/mpif90 -fPIC -g -O2 -fexternal-blas -fbacktrace -std=legacy -fallow-argument-mismatch -I/private/tmp/fusion-native-clean-62xzhkrp/repo/external/stellopt-v251/local/libstell_dir -I/opt/homebrew/opt/netcdf-fortran/include -I/opt/homebrew/opt/netcdf/include  -I/opt/homebrew/opt/netcdf-fortran/include -I/opt/homebrew/opt/netcdf/include -I. -c ../Sources/Pspline/gridintrp3d.f
/opt/homebrew/opt/open-mpi/bin/mpif90 -fPIC -g -O2 -fexternal-blas -fbacktrace -std=legacy -fallow-argument-mismatch -I/private/tmp/fusion-native-clean-62xzhkrp/repo/external/stellopt-v251/local/libstell_dir -I/opt/homebrew/opt/netcdf-fortran/include -I/opt/homebrew/opt/netcdf/include  -I/opt/homebrew/opt/netcdf-fortran/include -I/opt/homebrew/opt/netcdf/include -I. -c ../Sources/Pspline/r8gridpc3.f
/opt/homebrew/opt/open-mpi/bin/mpif90 -fPIC -g -O2 -fexternal-blas -fbacktrace -std=legacy -fallow-argument-mismatch -I/private/tmp/fusion-native-clean-62xzhkrp/repo/external/stellopt-v251/local/libstell_dir -I/opt/homebrew/opt/netcdf-fortran/include -I/opt/homebrew/opt/netcdf/include  -I/opt/homebrew/opt/netcdf-fortran/include -I/opt/homebrew/opt/netcdf/include -I. -c ../Sources/Pspline/r8mkherm1.f
/opt/homebrew/opt/open-mpi/bin/mpif90 -fPIC -g -O2 -fexternal-blas -fbacktrace -std=legacy -fallow-argument-mismatch -I/private/tmp/fusion-native-clean-62xzhkrp/repo/external/stellopt-v251/local/libstell_dir -I/opt/homebrew/opt/netcdf-fortran/include -I/opt/homebrew/opt/netcdf/include  -I/opt/homebrew/opt/netcdf-fortran/include -I/opt/homebrew/opt/netcdf/include -I. -c ../Sources/Pspline/tpsplinb.f
/opt/homebrew/opt/open-mpi/bin/mpif90 -fPIC -g -O2 -fexternal-blas -fbacktrace -std=legacy -fallow-argument-mismatch -I/private/tmp/fusion-native-clean-62xzhkrp/repo/external/stellopt-v251/local/libstell_dir -I/opt/homebrew/opt/netcdf-fortran/include -I/opt/homebrew/opt/netcdf/include  -I/opt/homebrew/opt/netcdf-fortran/include -I/opt/homebrew/opt/netcdf/include -I. -c ../Sources/Pspline/cubsplb.f
/opt/homebrew/opt/open-mpi/bin/mpif90 -fPIC -g -O2 -fexternal-blas -fbacktrace -std=legacy -fallow-argument-mismatch -I/private/tmp/fusion-native-clean-62xzhkrp/repo/external/stellopt-v251/local/libstell_dir -I/opt/homebrew/opt/netcdf-fortran/include -I/opt/homebrew/opt/netcdf/include  -I/opt/homebrew/opt/netcdf-fortran/include -I/opt/homebrew/opt/netcdf/include -I. -c ../Sources/Pspline/gridintrp2d.f
/opt/homebrew/opt/open-mpi/bin/mpif90 -fPIC -g -O2 -fexternal-blas -fbacktrace -std=legacy -fallow-argument-mismatch -I/private/tmp/fusion-native-clean-62xzhkrp/repo/external/stellopt-v251/local/libstell_dir -I/opt/homebrew/opt/netcdf-fortran/include -I/opt/homebrew/opt/netcdf/include  -I/opt/homebrew/opt/netcdf-fortran/include -I/opt/homebrew/opt/netcdf/include -I. -c ../Sources/Pspline/tcspline.f
/opt/homebrew/opt/open-mpi/bin/mpif90 -fPIC -g -O2 -fexternal-blas -fbacktrace -std=legacy -fallow-argument-mismatch -I/private/tmp/fusion-native-clean-62xzhkrp/repo/external/stellopt-v251/local/libstell_dir -I/opt/homebrew/opt/netcdf-fortran/include -I/opt/homebrew/opt/netcdf/include  -I/opt/homebrew/opt/netcdf-fortran/include -I/opt/homebrew/opt/netcdf/include -I. -c ../Sources/Pspline/r8mktricub.f
/opt/homebrew/opt/open-mpi/bin/mpif90 -fPIC -g -O2 -fexternal-blas -fbacktrace -std=legacy -fallow-argument-mismatch -I/private/tmp/fusion-native-clean-62xzhkrp/repo/external/stellopt-v251/local/libstell_dir -I/opt/homebrew/opt/netcdf-fortran/include -I/opt/homebrew/opt/netcdf/include  -I/opt/homebrew/opt/netcdf-fortran/include -I/opt/homebrew/opt/netcdf/include -I. -c ../Sources/Pspline/dnherm3.f
/opt/homebrew/opt/open-mpi/bin/mpif90 -ffree-form -ffree-line-length-none -ffixed-line-length-none -fPIC -g -O2 -fexternal-blas -fbacktrace -std=legacy -fallow-argument-mismatch -I/private/tmp/fusion-native-clean-62xzhkrp/repo/external/stellopt-v251/local/libstell_dir -I/opt/homebrew/opt/netcdf-fortran/include -I/opt/homebrew/opt/netcdf/include  -I/opt/homebrew/opt/netcdf-fortran/include -I/opt/homebrew/opt/netcdf/include -I.  -c ../Sources/Pspline/ezspline_cinterp.f90
/opt/homebrew/opt/open-mpi/bin/mpif90 -fPIC -g -O2 -fexternal-blas -fbacktrace -std=legacy -fallow-argument-mismatch -I/private/tmp/fusion-native-clean-62xzhkrp/repo/external/stellopt-v251/local/libstell_dir -I/opt/homebrew/opt/netcdf-fortran/include -I/opt/homebrew/opt/netcdf/include  -I/opt/homebrew/opt/netcdf-fortran/include -I/opt/homebrew/opt/netcdf/include -I. -c ../Sources/Pspline/vecpc2.f
/opt/homebrew/opt/open-mpi/bin/mpif90 -fPIC -g -O2 -fexternal-blas -fbacktrace -std=legacy -fallow-argument-mismatch -I/private/tmp/fusion-native-clean-62xzhkrp/repo/external/stellopt-v251/local/libstell_dir -I/opt/homebrew/opt/netcdf-fortran/include -I/opt/homebrew/opt/netcdf/include  -I/opt/homebrew/opt/netcdf-fortran/include -I/opt/homebrew/opt/netcdf/include -I. -c ../Sources/Pspline/vecintrp3d.f
/opt/homebrew/opt/open-mpi/bin/mpif90 -fPIC -g -O2 -fexternal-blas -fbacktrace -std=legacy -fallow-argument-mismatch -I/private/tmp/fusion-native-clean-62xzhkrp/repo/external/stellopt-v251/local/libstell_dir -I/opt/homebrew/opt/netcdf-fortran/include -I/opt/homebrew/opt/netcdf/include  -I/opt/homebrew/opt/netcdf-fortran/include -I/opt/homebrew/opt/netcdf/include -I. -c ../Sources/Pspline/ibc_ck.f
/opt/homebrew/opt/open-mpi/bin/mpif90 -ffree-form -ffree-line-length-none -ffixed-line-length-none -fPIC -g -O2 -fexternal-blas -fbacktrace -std=legacy -fallow-argument-mismatch -I/private/tmp/fusion-native-clean-62xzhkrp/repo/external/stellopt-v251/local/libstell_dir -I/opt/homebrew/opt/netcdf-fortran/include -I/opt/homebrew/opt/netcdf/include  -I/opt/homebrew/opt/netcdf-fortran/include -I/opt/homebrew/opt/netcdf/include -I.  -c ../Sources/Pspline/ezhybrid_init.f90
/usr/bin/cpp -traditional -DLINUX -DMPI_OPT -DNETCDF ../Sources/Pspline/ezspline_save.f90
/opt/homebrew/opt/open-mpi/bin/mpif90 -ffree-form -ffree-line-length-none -ffixed-line-length-none -fPIC -g -O2 -fexternal-blas -fbacktrace -std=legacy -fallow-argument-mismatch -I/private/tmp/fusion-native-clean-62xzhkrp/repo/external/stellopt-v251/local/libstell_dir -I/opt/homebrew/opt/netcdf-fortran/include -I/opt/homebrew/opt/netcdf/include  -I/opt/homebrew/opt/netcdf-fortran/include -I/opt/homebrew/opt/netcdf/include -I..  -c ../Sources/Pspline/ezspline_save.f90
ezspline_save.c:979:59:

......
Warning: Type mismatch between actual argument at (1) and actual argument at (2) (REAL(4)/REAL(8)).
/opt/homebrew/opt/open-mpi/bin/mpif90 -fPIC -g -O2 -fexternal-blas -fbacktrace -std=legacy -fallow-argument-mismatch -I/private/tmp/fusion-native-clean-62xzhkrp/repo/external/stellopt-v251/local/libstell_dir -I/opt/homebrew/opt/netcdf-fortran/include -I/opt/homebrew/opt/netcdf/include  -I/opt/homebrew/opt/netcdf-fortran/include -I/opt/homebrew/opt/netcdf/include -I. -c ../Sources/Pspline/r8bcspeval.f
/opt/homebrew/opt/open-mpi/bin/mpif90 -fPIC -g -O2 -fexternal-blas -fbacktrace -std=legacy -fallow-argument-mismatch -I/private/tmp/fusion-native-clean-62xzhkrp/repo/external/stellopt-v251/local/libstell_dir -I/opt/homebrew/opt/netcdf-fortran/include -I/opt/homebrew/opt/netcdf/include  -I/opt/homebrew/opt/netcdf-fortran/include -I/opt/homebrew/opt/netcdf/include -I. -c ../Sources/Pspline/util_bcherm1.f
/opt/homebrew/opt/open-mpi/bin/mpif90 -fPIC -g -O2 -fexternal-blas -fbacktrace -std=legacy -fallow-argument-mismatch -I/private/tmp/fusion-native-clean-62xzhkrp/repo/external/stellopt-v251/local/libstell_dir -I/opt/homebrew/opt/netcdf-fortran/include -I/opt/homebrew/opt/netcdf/include  -I/opt/homebrew/opt/netcdf-fortran/include -I/opt/homebrew/opt/netcdf/include -I. -c ../Sources/Pspline/bcspvec.f
/opt/homebrew/opt/open-mpi/bin/mpif90 -fPIC -g -O2 -fexternal-blas -fbacktrace -std=legacy -fallow-argument-mismatch -I/private/tmp/fusion-native-clean-62xzhkrp/repo/external/stellopt-v251/local/libstell_dir -I/opt/homebrew/opt/netcdf-fortran/include -I/opt/homebrew/opt/netcdf/include  -I/opt/homebrew/opt/netcdf-fortran/include -I/opt/homebrew/opt/netcdf/include -I. -c ../Sources/Pspline/r8gridintrp2d.f
/opt/homebrew/opt/open-mpi/bin/mpif90 -fPIC -g -O2 -fexternal-blas -fbacktrace -std=legacy -fallow-argument-mismatch -I/private/tmp/fusion-native-clean-62xzhkrp/repo/external/stellopt-v251/local/libstell_dir -I/opt/homebrew/opt/netcdf-fortran/include -I/opt/homebrew/opt/netcdf/include  -I/opt/homebrew/opt/netcdf-fortran/include -I/opt/homebrew/opt/netcdf/include -I. -c ../Sources/Pspline/bpsplinb.f
/opt/homebrew/opt/open-mpi/bin/mpif90 -fPIC -g -O2 -fexternal-blas -fbacktrace -std=legacy -fallow-argument-mismatch -I/private/tmp/fusion-native-clean-62xzhkrp/repo/external/stellopt-v251/local/libstell_dir -I/opt/homebrew/opt/netcdf-fortran/include -I/opt/homebrew/opt/netcdf/include  -I/opt/homebrew/opt/netcdf-fortran/include -I/opt/homebrew/opt/netcdf/include -I. -c ../Sources/Pspline/r8genxpkg.f
/opt/homebrew/opt/open-mpi/bin/mpif90 -fPIC -g -O2 -fexternal-blas -fbacktrace -std=legacy -fallow-argument-mismatch -I/private/tmp/fusion-native-clean-62xzhkrp/repo/external/stellopt-v251/local/libstell_dir -I/opt/homebrew/opt/netcdf-fortran/include -I/opt/homebrew/opt/netcdf/include  -I/opt/homebrew/opt/netcdf-fortran/include -I/opt/homebrew/opt/netcdf/include -I. -c ../Sources/Pspline/r8mkintrp3d.f
/opt/homebrew/opt/open-mpi/bin/mpif90 -fPIC -g -O2 -fexternal-blas -fbacktrace -std=legacy -fallow-argument-mismatch -I/private/tmp/fusion-native-clean-62xzhkrp/repo/external/stellopt-v251/local/libstell_dir -I/opt/homebrew/opt/netcdf-fortran/include -I/opt/homebrew/opt/netcdf/include  -I/opt/homebrew/opt/netcdf-fortran/include -I/opt/homebrew/opt/netcdf/include -I. -c ../Sources/Pspline/vecpc3.f
/opt/homebrew/opt/open-mpi/bin/mpif90 -fPIC -g -O2 -fexternal-blas -fbacktrace -std=legacy -fallow-argument-mismatch -I/private/tmp/fusion-native-clean-62xzhkrp/repo/external/stellopt-v251/local/libstell_dir -I/opt/homebrew/opt/netcdf-fortran/include -I/opt/homebrew/opt/netcdf/include  -I/opt/homebrew/opt/netcdf-fortran/include -I/opt/homebrew/opt/netcdf/include -I. -c ../Sources/Pspline/mkspl3pb.f
/opt/homebrew/opt/open-mpi/bin/mpif90 -fPIC -g -O2 -fexternal-blas -fbacktrace -std=legacy -fallow-argument-mismatch -I/private/tmp/fusion-native-clean-62xzhkrp/repo/external/stellopt-v251/local/libstell_dir -I/opt/homebrew/opt/netcdf-fortran/include -I/opt/homebrew/opt/netcdf/include  -I/opt/homebrew/opt/netcdf-fortran/include -I/opt/homebrew/opt/netcdf/include -I. -c ../Sources/Pspline/dnherm2.f
/opt/homebrew/opt/open-mpi/bin/mpif90 -fPIC -g -O2 -fexternal-blas -fbacktrace -std=legacy -fallow-argument-mismatch -I/private/tmp/fusion-native-clean-62xzhkrp/repo/external/stellopt-v251/local/libstell_dir -I/opt/homebrew/opt/netcdf-fortran/include -I/opt/homebrew/opt/netcdf/include  -I/opt/homebrew/opt/netcdf-fortran/include -I/opt/homebrew/opt/netcdf/include -I. -c ../Sources/Pspline/gridspline.f
/opt/homebrew/opt/open-mpi/bin/mpif90 -ffree-form -ffree-line-length-none -ffixed-line-length-none -fPIC -g -O2 -fexternal-blas -fbacktrace -std=legacy -fallow-argument-mismatch -I/private/tmp/fusion-native-clean-62xzhkrp/repo/external/stellopt-v251/local/libstell_dir -I/opt/homebrew/opt/netcdf-fortran/include -I/opt/homebrew/opt/netcdf/include  -I/opt/homebrew/opt/netcdf-fortran/include -I/opt/homebrew/opt/netcdf/include -I.  -c ../Sources/Pspline/ezspline_free.f90
/opt/homebrew/opt/open-mpi/bin/mpif90 -fPIC -g -O2 -fexternal-blas -fbacktrace -std=legacy -fallow-argument-mismatch -I/private/tmp/fusion-native-clean-62xzhkrp/repo/external/stellopt-v251/local/libstell_dir -I/opt/homebrew/opt/netcdf-fortran/include -I/opt/homebrew/opt/netcdf/include  -I/opt/homebrew/opt/netcdf-fortran/include -I/opt/homebrew/opt/netcdf/include -I. -c ../Sources/Pspline/splinck.f
/opt/homebrew/opt/open-mpi/bin/mpif90 -fPIC -g -O2 -fexternal-blas -fbacktrace -std=legacy -fallow-argument-mismatch -I/private/tmp/fusion-native-clean-62xzhkrp/repo/external/stellopt-v251/local/libstell_dir -I/opt/homebrew/opt/netcdf-fortran/include -I/opt/homebrew/opt/netcdf/include  -I/opt/homebrew/opt/netcdf-fortran/include -I/opt/homebrew/opt/netcdf/include -I. -c ../Sources/Pspline/evtricub.f
/opt/homebrew/opt/open-mpi/bin/mpif90 -fPIC -g -O2 -fexternal-blas -fbacktrace -std=legacy -fallow-argument-mismatch -I/private/tmp/fusion-native-clean-62xzhkrp/repo/external/stellopt-v251/local/libstell_dir -I/opt/homebrew/opt/netcdf-fortran/include -I/opt/homebrew/opt/netcdf/include  -I/opt/homebrew/opt/netcdf-fortran/include -I/opt/homebrew/opt/netcdf/include -I. -c ../Sources/Pspline/r8herm1ev.f
../Sources/Pspline/r8herm1ev.f:77:35:

   77 |       call r8herm1fcn(ict,1,1,fval,i,xparam,hx,hxi,f,nx)
      |                                   1
Warning: Rank mismatch in argument 'ii' at (1) (rank-1 and scalar)
../Sources/Pspline/r8herm1ev.f:77:37:

   77 |       call r8herm1fcn(ict,1,1,fval,i,xparam,hx,hxi,f,nx)
      |                                     1
Warning: Rank mismatch in argument 'xparam' at (1) (rank-1 and scalar)
../Sources/Pspline/r8herm1ev.f:77:44:

   77 |       call r8herm1fcn(ict,1,1,fval,i,xparam,hx,hxi,f,nx)
      |                                            1
Warning: Rank mismatch in argument 'hx' at (1) (rank-1 and scalar)
../Sources/Pspline/r8herm1ev.f:77:47:

   77 |       call r8herm1fcn(ict,1,1,fval,i,xparam,hx,hxi,f,nx)
      |                                               1
Warning: Rank mismatch in argument 'hxi' at (1) (rank-1 and scalar)
/opt/homebrew/opt/open-mpi/bin/mpif90 -fPIC -g -O2 -fexternal-blas -fbacktrace -std=legacy -fallow-argument-mismatch -I/private/tmp/fusion-native-clean-62xzhkrp/repo/external/stellopt-v251/local/libstell_dir -I/opt/homebrew/opt/netcdf-fortran/include -I/opt/homebrew/opt/netcdf/include  -I/opt/homebrew/opt/netcdf-fortran/include -I/opt/homebrew/opt/netcdf/include -I. -c ../Sources/Pspline/r8gridpc2.f
/opt/homebrew/opt/open-mpi/bin/mpif90 -fPIC -g -O2 -fexternal-blas -fbacktrace -std=legacy -fallow-argument-mismatch -I/private/tmp/fusion-native-clean-62xzhkrp/repo/external/stellopt-v251/local/libstell_dir -I/opt/homebrew/opt/netcdf-fortran/include -I/opt/homebrew/opt/netcdf/include  -I/opt/homebrew/opt/netcdf-fortran/include -I/opt/homebrew/opt/netcdf/include -I. -c ../Sources/Pspline/r8tcspeval.f
/opt/homebrew/opt/open-mpi/bin/mpif90 -fPIC -g -O2 -fexternal-blas -fbacktrace -std=legacy -fallow-argument-mismatch -I/private/tmp/fusion-native-clean-62xzhkrp/repo/external/stellopt-v251/local/libstell_dir -I/opt/homebrew/opt/netcdf-fortran/include -I/opt/homebrew/opt/netcdf/include  -I/opt/homebrew/opt/netcdf-fortran/include -I/opt/homebrew/opt/netcdf/include -I. -c ../Sources/Pspline/nspline.f
/opt/homebrew/opt/open-mpi/bin/mpif90 -fPIC -g -O2 -fexternal-blas -fbacktrace -std=legacy -fallow-argument-mismatch -I/private/tmp/fusion-native-clean-62xzhkrp/repo/external/stellopt-v251/local/libstell_dir -I/opt/homebrew/opt/netcdf-fortran/include -I/opt/homebrew/opt/netcdf/include  -I/opt/homebrew/opt/netcdf-fortran/include -I/opt/homebrew/opt/netcdf/include -I. -c ../Sources/Pspline/bcspline.f
/opt/homebrew/opt/open-mpi/bin/mpif90 -ffree-form -ffree-line-length-none -ffixed-line-length-none -fPIC -g -O2 -fexternal-blas -fbacktrace -std=legacy -fallow-argument-mismatch -I/private/tmp/fusion-native-clean-62xzhkrp/repo/external/stellopt-v251/local/libstell_dir -I/opt/homebrew/opt/netcdf-fortran/include -I/opt/homebrew/opt/netcdf/include  -I/opt/homebrew/opt/netcdf-fortran/include -I/opt/homebrew/opt/netcdf/include -I.  -c ../Sources/Pspline/ezspline_isgridregular.f90
/opt/homebrew/opt/open-mpi/bin/mpif90 -ffree-form -ffree-line-length-none -ffixed-line-length-none -fPIC -g -O2 -fexternal-blas -fbacktrace -std=legacy -fallow-argument-mismatch -I/private/tmp/fusion-native-clean-62xzhkrp/repo/external/stellopt-v251/local/libstell_dir -I/opt/homebrew/opt/netcdf-fortran/include -I/opt/homebrew/opt/netcdf/include  -I/opt/homebrew/opt/netcdf-fortran/include -I/opt/homebrew/opt/netcdf/include -I.  -c ../Sources/Pspline/ezspline_modulo.f90
/opt/homebrew/opt/open-mpi/bin/mpif90 -fPIC -g -O2 -fexternal-blas -fbacktrace -std=legacy -fallow-argument-mismatch -I/private/tmp/fusion-native-clean-62xzhkrp/repo/external/stellopt-v251/local/libstell_dir -I/opt/homebrew/opt/netcdf-fortran/include -I/opt/homebrew/opt/netcdf/include  -I/opt/homebrew/opt/netcdf-fortran/include -I/opt/homebrew/opt/netcdf/include -I. -c ../Sources/Pspline/r8splaan.f
/opt/homebrew/opt/open-mpi/bin/mpif90 -fPIC -g -O2 -fexternal-blas -fbacktrace -std=legacy -fallow-argument-mismatch -I/private/tmp/fusion-native-clean-62xzhkrp/repo/external/stellopt-v251/local/libstell_dir -I/opt/homebrew/opt/netcdf-fortran/include -I/opt/homebrew/opt/netcdf/include  -I/opt/homebrew/opt/netcdf-fortran/include -I/opt/homebrew/opt/netcdf/include -I. -c ../Sources/Pspline/r8mkintrp2d.f
/opt/homebrew/opt/open-mpi/bin/mpif90 -fPIC -g -O2 -fexternal-blas -fbacktrace -std=legacy -fallow-argument-mismatch -I/private/tmp/fusion-native-clean-62xzhkrp/repo/external/stellopt-v251/local/libstell_dir -I/opt/homebrew/opt/netcdf-fortran/include -I/opt/homebrew/opt/netcdf/include  -I/opt/homebrew/opt/netcdf-fortran/include -I/opt/homebrew/opt/netcdf/include -I. -c ../Sources/Pspline/r8seval3.f
/opt/homebrew/opt/open-mpi/bin/mpif90 -fPIC -g -O2 -fexternal-blas -fbacktrace -std=legacy -fallow-argument-mismatch -I/private/tmp/fusion-native-clean-62xzhkrp/repo/external/stellopt-v251/local/libstell_dir -I/opt/homebrew/opt/netcdf-fortran/include -I/opt/homebrew/opt/netcdf/include  -I/opt/homebrew/opt/netcdf-fortran/include -I/opt/homebrew/opt/netcdf/include -I. -c ../Sources/Pspline/r8gridintrp3d.f
/opt/homebrew/opt/open-mpi/bin/mpif90 -fPIC -g -O2 -fexternal-blas -fbacktrace -std=legacy -fallow-argument-mismatch -I/private/tmp/fusion-native-clean-62xzhkrp/repo/external/stellopt-v251/local/libstell_dir -I/opt/homebrew/opt/netcdf-fortran/include -I/opt/homebrew/opt/netcdf/include  -I/opt/homebrew/opt/netcdf-fortran/include -I/opt/homebrew/opt/netcdf/include -I. -c ../Sources/Pspline/mkspline.f
/usr/bin/cpp -traditional -DLINUX -DMPI_OPT -DNETCDF ../Sources/Ezcdf/handle_err.f90
/opt/homebrew/opt/open-mpi/bin/mpif90 -ffree-form -ffree-line-length-none -ffixed-line-length-none -fPIC -g -O2 -fexternal-blas -fbacktrace -std=legacy -fallow-argument-mismatch -I/private/tmp/fusion-native-clean-62xzhkrp/repo/external/stellopt-v251/local/libstell_dir -I/opt/homebrew/opt/netcdf-fortran/include -I/opt/homebrew/opt/netcdf/include  -I/opt/homebrew/opt/netcdf-fortran/include -I/opt/homebrew/opt/netcdf/include -I..  -c ../Sources/Ezcdf/handle_err.f90
/opt/homebrew/opt/open-mpi/bin/mpif90 -fPIC -g -O2 -fexternal-blas -fbacktrace -std=legacy -fallow-argument-mismatch -I/private/tmp/fusion-native-clean-62xzhkrp/repo/external/stellopt-v251/local/libstell_dir -I/opt/homebrew/opt/netcdf-fortran/include -I/opt/homebrew/opt/netcdf/include  -I/opt/homebrew/opt/netcdf-fortran/include -I/opt/homebrew/opt/netcdf/include -I. -c ../Sources/SVDpack/polysvd.f
/opt/homebrew/opt/open-mpi/bin/mpif90 -fPIC -g -O2 -fexternal-blas -fbacktrace -std=legacy -fallow-argument-mismatch -I/private/tmp/fusion-native-clean-62xzhkrp/repo/external/stellopt-v251/local/libstell_dir -I/opt/homebrew/opt/netcdf-fortran/include -I/opt/homebrew/opt/netcdf/include  -I/opt/homebrew/opt/netcdf-fortran/include -I/opt/homebrew/opt/netcdf/include -I. -c ../Sources/SVDpack/svdsolveb.f
/opt/homebrew/opt/open-mpi/bin/mpif90 -fPIC -g -O2 -fexternal-blas -fbacktrace -std=legacy -fallow-argument-mismatch -I/private/tmp/fusion-native-clean-62xzhkrp/repo/external/stellopt-v251/local/libstell_dir -I/opt/homebrew/opt/netcdf-fortran/include -I/opt/homebrew/opt/netcdf/include  -I/opt/homebrew/opt/netcdf-fortran/include -I/opt/homebrew/opt/netcdf/include -I. -c ../Sources/SVDpack/pythag.f
/opt/homebrew/opt/open-mpi/bin/mpif90 -fPIC -g -O2 -fexternal-blas -fbacktrace -std=legacy -fallow-argument-mismatch -I/private/tmp/fusion-native-clean-62xzhkrp/repo/external/stellopt-v251/local/libstell_dir -I/opt/homebrew/opt/netcdf-fortran/include -I/opt/homebrew/opt/netcdf/include  -I/opt/homebrew/opt/netcdf-fortran/include -I/opt/homebrew/opt/netcdf/include -I. -c ../Sources/SVDpack/svdsolveuv.f
/opt/homebrew/opt/open-mpi/bin/mpif90 -fPIC -g -O2 -fexternal-blas -fbacktrace -std=legacy -fallow-argument-mismatch -I/private/tmp/fusion-native-clean-62xzhkrp/repo/external/stellopt-v251/local/libstell_dir -I/opt/homebrew/opt/netcdf-fortran/include -I/opt/homebrew/opt/netcdf/include  -I/opt/homebrew/opt/netcdf-fortran/include -I/opt/homebrew/opt/netcdf/include -I. -c ../Sources/SVDpack/svd_solve.f
/opt/homebrew/opt/open-mpi/bin/mpif90 -fPIC -g -O2 -fexternal-blas -fbacktrace -std=legacy -fallow-argument-mismatch -I/private/tmp/fusion-native-clean-62xzhkrp/repo/external/stellopt-v251/local/libstell_dir -I/opt/homebrew/opt/netcdf-fortran/include -I/opt/homebrew/opt/netcdf/include  -I/opt/homebrew/opt/netcdf-fortran/include -I/opt/homebrew/opt/netcdf/include -I. -c ../Sources/SVDpack/SVBKSB.f
/opt/homebrew/opt/open-mpi/bin/mpif90 -fPIC -g -O2 -fexternal-blas -fbacktrace -std=legacy -fallow-argument-mismatch -I/private/tmp/fusion-native-clean-62xzhkrp/repo/external/stellopt-v251/local/libstell_dir -I/opt/homebrew/opt/netcdf-fortran/include -I/opt/homebrew/opt/netcdf/include  -I/opt/homebrew/opt/netcdf-fortran/include -I/opt/homebrew/opt/netcdf/include -I. -c ../Sources/SVDpack/svdinv.f
/opt/homebrew/opt/open-mpi/bin/mpif90 -fPIC -g -O2 -fexternal-blas -fbacktrace -std=legacy -fallow-argument-mismatch -I/private/tmp/fusion-native-clean-62xzhkrp/repo/external/stellopt-v251/local/libstell_dir -I/opt/homebrew/opt/netcdf-fortran/include -I/opt/homebrew/opt/netcdf/include  -I/opt/homebrew/opt/netcdf-fortran/include -I/opt/homebrew/opt/netcdf/include -I. -c ../Sources/SVDpack/SORTSVD.f
/opt/homebrew/opt/open-mpi/bin/mpif90 -fPIC -g -O2 -fexternal-blas -fbacktrace -std=legacy -fallow-argument-mismatch -I/private/tmp/fusion-native-clean-62xzhkrp/repo/external/stellopt-v251/local/libstell_dir -I/opt/homebrew/opt/netcdf-fortran/include -I/opt/homebrew/opt/netcdf/include  -I/opt/homebrew/opt/netcdf-fortran/include -I/opt/homebrew/opt/netcdf/include -I. -c ../Sources/SVDpack/svdinv2.f
/opt/homebrew/opt/open-mpi/bin/mpif90 -fPIC -g -O2 -fexternal-blas -fbacktrace -std=legacy -fallow-argument-mismatch -I/private/tmp/fusion-native-clean-62xzhkrp/repo/external/stellopt-v251/local/libstell_dir -I/opt/homebrew/opt/netcdf-fortran/include -I/opt/homebrew/opt/netcdf/include  -I/opt/homebrew/opt/netcdf-fortran/include -I/opt/homebrew/opt/netcdf/include -I. -c ../Sources/SVDpack/svdcmp.f
../Sources/SVDpack/svdcmp.f:172:35:

  172 |                   CALL ROTATE_SVD (A1(1,NM), A1(1,I), C, S, M1)
      |                                   1
Warning: Element of assumed-shape or pointer array passed to array dummy argument 'a' at (1)
../Sources/SVDpack/svdcmp.f:172:45:

  172 |                   CALL ROTATE_SVD (A1(1,NM), A1(1,I), C, S, M1)
      |                                             1
Warning: Element of assumed-shape or pointer array passed to array dummy argument 'b' at (1)
../Sources/SVDpack/svdcmp.f:247:31:

  247 |                CALL ROTATE_SVD(A1(1,J), A1(1,I), C, S, M1)
      |                               1
Warning: Element of assumed-shape or pointer array passed to array dummy argument 'a' at (1)
../Sources/SVDpack/svdcmp.f:247:40:

  247 |                CALL ROTATE_SVD(A1(1,J), A1(1,I), C, S, M1)
      |                                        1
Warning: Element of assumed-shape or pointer array passed to array dummy argument 'b' at (1)
/opt/homebrew/opt/open-mpi/bin/mpif90 -fPIC -g -O2 -fexternal-blas -fbacktrace -std=legacy -fallow-argument-mismatch -I/private/tmp/fusion-native-clean-62xzhkrp/repo/external/stellopt-v251/local/libstell_dir -I/opt/homebrew/opt/netcdf-fortran/include -I/opt/homebrew/opt/netcdf/include  -I/opt/homebrew/opt/netcdf-fortran/include -I/opt/homebrew/opt/netcdf/include -I. -c ../Sources/GMRes/gmresr.f
../Sources/GMRes/gmresr.f:444:25:

  351 |          call dscal(n,coeff,uu,1)
      |                            2
......
  444 |       call dscal(n,coef1,cc,1)
      |                         1
Warning: Rank mismatch between actual argument at (1) and actual argument at (2) (rank-1 and scalar)
/opt/homebrew/opt/open-mpi/bin/mpif90 -fPIC -g -O2 -fexternal-blas -fbacktrace -std=legacy -fallow-argument-mismatch -I/private/tmp/fusion-native-clean-62xzhkrp/repo/external/stellopt-v251/local/libstell_dir -I/opt/homebrew/opt/netcdf-fortran/include -I/opt/homebrew/opt/netcdf/include  -I/opt/homebrew/opt/netcdf-fortran/include -I/opt/homebrew/opt/netcdf/include -I. -c ../Sources/GMRes/drive_gmres.f
/opt/homebrew/opt/open-mpi/bin/mpif90 -fPIC -g -O2 -fexternal-blas -fbacktrace -std=legacy -fallow-argument-mismatch -I/private/tmp/fusion-native-clean-62xzhkrp/repo/external/stellopt-v251/local/libstell_dir -I/opt/homebrew/opt/netcdf-fortran/include -I/opt/homebrew/opt/netcdf/include  -I/opt/homebrew/opt/netcdf-fortran/include -I/opt/homebrew/opt/netcdf/include -I. -c ../Sources/GMRes/init_gmres.f
/opt/homebrew/opt/open-mpi/bin/mpif90 -fPIC -g -O2 -fexternal-blas -fbacktrace -std=legacy -fallow-argument-mismatch -I/private/tmp/fusion-native-clean-62xzhkrp/repo/external/stellopt-v251/local/libstell_dir -I/opt/homebrew/opt/netcdf-fortran/include -I/opt/homebrew/opt/netcdf/include  -I/opt/homebrew/opt/netcdf-fortran/include -I/opt/homebrew/opt/netcdf/include -I. -c ../Sources/GMRes/gmres.f
/opt/homebrew/opt/open-mpi/bin/mpif90 -fPIC -g -O2 -fexternal-blas -fbacktrace -std=legacy -fallow-argument-mismatch -I/private/tmp/fusion-native-clean-62xzhkrp/repo/external/stellopt-v251/local/libstell_dir -I/opt/homebrew/opt/netcdf-fortran/include -I/opt/homebrew/opt/netcdf/include  -I/opt/homebrew/opt/netcdf-fortran/include -I/opt/homebrew/opt/netcdf/include -I. -c ../Sources/Lsode/dlsode_aux1.f
../Sources/Lsode/dlsode_aux1.f:1255:72:

 1255 |      1   RWORK(LACOR), IA, JA, RWORK(LWM), RWORK(LWM), IPFLAG, F, JAC)
      |                                                                        1
Warning: Type mismatch in argument 'iwk' at (1); passed REAL(8) to INTEGER(4)
../Sources/Lsode/dlsode_aux1.f:9499:72:

 9499 |      2   RES, JAC, ADDA)
      |                                                                        1
Warning: Type mismatch in argument 'iwk' at (1); passed REAL(8) to INTEGER(4)
/opt/homebrew/opt/open-mpi/bin/mpif90 -fPIC -g -O2 -fexternal-blas -fbacktrace -std=legacy -fallow-argument-mismatch -I/private/tmp/fusion-native-clean-62xzhkrp/repo/external/stellopt-v251/local/libstell_dir -I/opt/homebrew/opt/netcdf-fortran/include -I/opt/homebrew/opt/netcdf/include  -I/opt/homebrew/opt/netcdf-fortran/include -I/opt/homebrew/opt/netcdf/include -I. -c ../Sources/Lsode/prepj.f
/opt/homebrew/opt/open-mpi/bin/mpif90 -fPIC -g -O2 -fexternal-blas -fbacktrace -std=legacy -fallow-argument-mismatch -I/private/tmp/fusion-native-clean-62xzhkrp/repo/external/stellopt-v251/local/libstell_dir -I/opt/homebrew/opt/netcdf-fortran/include -I/opt/homebrew/opt/netcdf/include  -I/opt/homebrew/opt/netcdf-fortran/include -I/opt/homebrew/opt/netcdf/include -I. -c ../Sources/Lsode/intdy.f
/opt/homebrew/opt/open-mpi/bin/mpif90 -fPIC -g -O2 -fexternal-blas -fbacktrace -std=legacy -fallow-argument-mismatch -I/private/tmp/fusion-native-clean-62xzhkrp/repo/external/stellopt-v251/local/libstell_dir -I/opt/homebrew/opt/netcdf-fortran/include -I/opt/homebrew/opt/netcdf/include  -I/opt/homebrew/opt/netcdf-fortran/include -I/opt/homebrew/opt/netcdf/include -I. -c ../Sources/Lsode/dlsode_aux2.f
/opt/homebrew/opt/open-mpi/bin/mpif90 -fPIC -g -O2 -fexternal-blas -fbacktrace -std=legacy -fallow-argument-mismatch -I/private/tmp/fusion-native-clean-62xzhkrp/repo/external/stellopt-v251/local/libstell_dir -I/opt/homebrew/opt/netcdf-fortran/include -I/opt/homebrew/opt/netcdf/include  -I/opt/homebrew/opt/netcdf-fortran/include -I/opt/homebrew/opt/netcdf/include -I. -c ../Sources/Lsode/dlsode.f
../Sources/Lsode/dlsode.f:3445:49:

 1523 |      1   RWORK(LSAVF), RWORK(LACOR), RWORK(LWM), IWORK(LIWM),
      |                                                 2
......
 3445 |      1   RWORK(LSAVF), RWORK(LACOR), RWORK(LWM), RWORK(LWM),
      |                                                 1
Warning: Type mismatch between actual argument at (1) and actual argument at (2) (REAL(8)/INTEGER(4)).
../Sources/Lsode/dlsode.f:16250:9:

12351 |      2   IWORK(LIWM), RES, ADDA, JAC, DPREPJI, DSOLSY )
      |         2
......
16250 |      2   RWORK(LWM), RES, ADDA, JAC, DPRJIS, DSOLSS )
      |         1
Warning: Type mismatch between actual argument at (1) and actual argument at (2) (REAL(8)/INTEGER(4)).
/opt/homebrew/opt/open-mpi/bin/mpif90 -fPIC -g -O2 -fexternal-blas -fbacktrace -std=legacy -fallow-argument-mismatch -I/private/tmp/fusion-native-clean-62xzhkrp/repo/external/stellopt-v251/local/libstell_dir -I/opt/homebrew/opt/netcdf-fortran/include -I/opt/homebrew/opt/netcdf/include  -I/opt/homebrew/opt/netcdf-fortran/include -I/opt/homebrew/opt/netcdf/include -I. -c ../Sources/Lsode/xerrwv.f
/opt/homebrew/opt/open-mpi/bin/mpif90 -fPIC -g -O2 -fexternal-blas -fbacktrace -std=legacy -fallow-argument-mismatch -I/private/tmp/fusion-native-clean-62xzhkrp/repo/external/stellopt-v251/local/libstell_dir -I/opt/homebrew/opt/netcdf-fortran/include -I/opt/homebrew/opt/netcdf/include  -I/opt/homebrew/opt/netcdf-fortran/include -I/opt/homebrew/opt/netcdf/include -I. -c ../Sources/Lsode/vnorm.f
/opt/homebrew/opt/open-mpi/bin/mpif90 -fPIC -g -O2 -fexternal-blas -fbacktrace -std=legacy -fallow-argument-mismatch -I/private/tmp/fusion-native-clean-62xzhkrp/repo/external/stellopt-v251/local/libstell_dir -I/opt/homebrew/opt/netcdf-fortran/include -I/opt/homebrew/opt/netcdf/include  -I/opt/homebrew/opt/netcdf-fortran/include -I/opt/homebrew/opt/netcdf/include -I. -c ../Sources/Lsode/solsy.f
/opt/homebrew/opt/open-mpi/bin/mpif90 -fPIC -g -O2 -fexternal-blas -fbacktrace -std=legacy -fallow-argument-mismatch -I/private/tmp/fusion-native-clean-62xzhkrp/repo/external/stellopt-v251/local/libstell_dir -I/opt/homebrew/opt/netcdf-fortran/include -I/opt/homebrew/opt/netcdf/include  -I/opt/homebrew/opt/netcdf-fortran/include -I/opt/homebrew/opt/netcdf/include -I. -c ../Sources/Lsode/lsode.f
/opt/homebrew/opt/open-mpi/bin/mpif90 -fPIC -g -O2 -fexternal-blas -fbacktrace -std=legacy -fallow-argument-mismatch -I/private/tmp/fusion-native-clean-62xzhkrp/repo/external/stellopt-v251/local/libstell_dir -I/opt/homebrew/opt/netcdf-fortran/include -I/opt/homebrew/opt/netcdf/include  -I/opt/homebrew/opt/netcdf-fortran/include -I/opt/homebrew/opt/netcdf/include -I. -c ../Sources/Lsode/ewset.f
/opt/homebrew/opt/open-mpi/bin/mpif90 -fPIC -g -O2 -fexternal-blas -fbacktrace -std=legacy -fallow-argument-mismatch -I/private/tmp/fusion-native-clean-62xzhkrp/repo/external/stellopt-v251/local/libstell_dir -I/opt/homebrew/opt/netcdf-fortran/include -I/opt/homebrew/opt/netcdf/include  -I/opt/homebrew/opt/netcdf-fortran/include -I/opt/homebrew/opt/netcdf/include -I. -c ../Sources/Lsode/stode.f
/opt/homebrew/opt/open-mpi/bin/mpif90 -fPIC -g -O2 -fexternal-blas -fbacktrace -std=legacy -fallow-argument-mismatch -I/private/tmp/fusion-native-clean-62xzhkrp/repo/external/stellopt-v251/local/libstell_dir -I/opt/homebrew/opt/netcdf-fortran/include -I/opt/homebrew/opt/netcdf/include  -I/opt/homebrew/opt/netcdf-fortran/include -I/opt/homebrew/opt/netcdf/include -I. -c ../Sources/Lsode/cfode.f
ar -ruv libstell.a MAP_LINEAR.o fft991.o fact.o trigfact.o fax.o vpassm.o fmn_to_uv.o fftrig.o cftfax.o fft99a.o cfft99.o fft99b.o cftrig.o fftfax.o fft99.o init_vf_coils.o load_modular_currents.o load_saddle_currents.o load_modular_coils.o load_saddle_wsurf.o init_modular_wsurf.o load_vf_coils.o init_saddle_wsurf.o write_coilsin.o initialize_coilsin.o init_modular_currents.o init_bg_currents.o load_bg_currents.o init_tf_coils.o load_modular_wsurf.o init_modular_coils.o load_saddle_coils.o init_saddle_currents.o load_vf_currents.o init_vf_currents.o load_tf_coils.o init_saddle_coils.o bootsj_input.o diagnostic_T.o fftpack.o vmec_utils.o v3post_rfun.o read_pies_mod.o system_mod.o saddle_surface.o cyl_flux.o flint_z.o optim_params.o mddc_cdf.o tf_coils.o v3f_vmec_comm.o vparams.o vsvd0.o extcurz_T.o bsc_cdf.o read_wout_mod.o stel_kinds.o trip3d_mod.o boundary_T.o math_utilities.o mpi_inc.o stel_tools.o mir_tools.o read_response.o date_and_computer.o coilsnamin.o vertex_list.o control_mod.o read_spec_mod.o sxrch_T.o saddle_coils.o modular_coils.o wall_mod.o bsc_T.o bnorm_mod.o read_v3post_mod.o gade_mod.o de_mod.o vmec_input.o gist_mod.o compression.o mpi_params.o mgrid_mod.o write_array_generic.o diagnostic_cdf.o magnetic_response.o bcoils_mod.o safe_open_mod.o ez_hdf5.o integration_path.o profiler.o mddc_T.o adas_mod_simpl.o packafile.o linear_interp.o flin1_z.o biotsavart.o stel_constants.o vf_coils.o mgrid_field_mod.o vacfield_mod.o thscte_T.o vessel_mod.o v3_utilities.o chaotic_coords_mod.o vcoilpts.o read_response_nompi.o functions.o read_boozer_mod.o adas_bms_splines.o ipch_T.o virtual_casing_mod.o ga_mod.o vmec_seq.o nstab_input_mod.o boozer_utils.o coordinate_utilities.o liprec.o li_gesl.o li_gbsl.o li_gbfa.o li_gefa.o second0.o getcarg.o vmec_chdir.o power_to_legendre.o blk3d.o PCHDF.o spline_cubic.o fmax.o pxfgetpid.o bextrema.o spline_akima_int.o spline.o pxffork.o build_matrices_legendre.o PCHEZ.o spline_akima.o PCHSP.o PCHFD.o init_random_seed.o tolower.o vmec_getenv.o vmec_system.o line_segment.o spline_cubic_int.o legendre_to_power.o pxfwait.o point_wise_to_power.o integral.o fmin.o solver.o profile_functions.o tridslv.o spline_it.o PCHST.o ddsum.o factorial.o CHFDV.o PCHIM.o multxy.o convert_boundary.o getfilesize.o PCHEV.o erf.o read_namelist.o strip_comments.o splint.o parse_extension.o convert_boundary_PG.o vmec_putenv.o ga_restart.o ga_newgen.o xvec_eval.o dpmpar.o ga_evalout.o ran3.o DE2_Evolve.o DE_driver.o ga_initial.o DE_Evolve.o fdjac_parallel.o lmdif1_mp.o lmpar.o ga_evaluate.o GA_preset.o ga_shuffle.o multiprocess.o MAP.o PSO_Evolve.o qrfac.o ga_select.o ga_fitness_mpi.o ga_niche.o qrsolv.o ga_possibl.o ga_sp.o write_gade_nml.o myfork.o DE_Evaluate.o ga_selectn.o lmpar_serial.o ga_decode.o unique_boundary.o lmdif.o lmpar_parallel.o lmdif1.o ga_micro.o ga_fitness_parallel.o fdjac_mod.o de_parallel.o enorm.o crosovr.o lmder_serial.o stepopt_mp.o GA_driver.o ga_code.o ga_mutate.o ROCKET_Evolve.o de_mpi.o MAP_PLANE.o lmpar_mod.o unique_boundary_PG.o DE_preset.o ajax_mod.o linear1_mod.o spline1_mod.o spec_kind_mod.o track_mod.o write_mod.o drandn.o daxpby.o dutfx.o dcuhre.o smpint.o dqag.o toms661.o sheppack.o givens.o cshep2d.o real_precision.o linear_shepard.o qshep3d.o rotate.o qshepmd.o qshep2d.o qshepmdata.o mkbicubw.o bcspgrid.o vecspline.o r8vecpc3.o r8cspline.o r8gridspline.o r8tpspline.o r8herm2ev.o gridherm1.o spvec.o r8zonfind.o ezspline_cdfget3.o r8pc3ev.o r8util_bcherm2.o mkbicub.o r8vecbicub.o r8mkspl2zb.o ezhybrid_initx.o seval3.o akherm2.o splaan.o r8vecherm2.o mkherm2.o r8v_spline.o r8bpspline.o mkherm3.o r8vecintrp2d.o gridpc1.o r8vecherm3.o spgrid.o tcspvec.o akherm3.o vecherm1.o seval2.o ezspline_interp.o r8evbicub.o mkintrp3d.o tcspgrid.o r8spvec.o ezspline_setup.o r8util_bcherm3.o r8mkspl2p.o pc3ev.o pspline.o r8dnherm1.o r8spline.o r8mkspl2z.o r8vecpc2.o mkintrp2d.o EZspline_type.o mkspl3zb.o r8vecintrp3d.o gridbicub.o r8evintrp2d.o r8mkspl3zb.o r8dnherm3.o psp_tolsum.o gridherm2.o r8pc2ev.o r8tcspgrid.o r8util_bcherm1.o vectricub.o splbrk.o r8herm3ev.o bpspline.o r8cspeval.o akherm1.o vecherm3.o r8xlookup.o r8evintrp3d.o gridpc3.o r8vecherm1.o r8cubsplb.o r8gridtricub.o ezspline_setupx.o mkherm1.o mkspl2zb.o ezspline_isindomain.o gridpc2.o vecherm2.o r8speval.o v_spline.o r8nspline.o pc2ev.o mktricubw.o vecbicub.o r8spleen.o EZspline.o tpspline.o r8bcspvec.o genxpkg.o spline_ez1.o gridherm3.o r8dnherm2.o r8vecpc1.o r8mkbicubw.o ezspline_derivative.o r8bcspgrid.o herm1ev.o r8splinck.o r8gridbicub.o evintrp2d.o zonfind.o r8bcspline.o r8mkbicub.o r8mkspline.o speval.o ezspline_gradient.o r8gridherm2.o r8akherm2.o seval.o pc1ev.o tcspeval.o spleen.o r8mkherm2.o r8mkspl3pb.o r8vectricub.o ezspline_cdfput3.o r8evtricub.o cspline.o vecpc1.o herm2ev.o f2test.o evintrp3d.o ezspline_init.o r8bpsplinb.o util_bcherm2.o util_bcherm3.o vecin3d_argchk.o bcspeval.o ezlinear_init.o ezspline_2netcdf.o r8pspline.o dnherm1.o mkspl2z.o r8psp_tolsum.o r8pc1ev.o r8mktricubw.o mktricub.o r8tcspline.o r8seval.o vecin2d_argchk.o ezspline_load.o r8mkherm3.o r8gridpc1.o mkspl2pb.o r8gridherm3.o r8tcspvec.o r8akherm3.o evbicub.o r8tpsplinb.o r8splbrk.o f3test.o evspline.o mkspl2p.o gridtricub.o vecintrp2d.o r8evspline.o r8spgrid.o r8seval2.o r8vecspline.o herm3ev.o cspeval.o xlookup.o r8gridherm1.o r8akherm1.o pspline_calls.o r8mkspl2pb.o gridintrp3d.o r8gridpc3.o r8mkherm1.o tpsplinb.o cubsplb.o gridintrp2d.o tcspline.o r8mktricub.o dnherm3.o ezspline_cinterp.o vecpc2.o vecintrp3d.o ibc_ck.o ezhybrid_init.o ezspline_save.o r8bcspeval.o util_bcherm1.o bcspvec.o r8gridintrp2d.o bpsplinb.o r8genxpkg.o EZspline_obj.o r8mkintrp3d.o vecpc3.o mkspl3pb.o dnherm2.o gridspline.o ezspline_free.o splinck.o evtricub.o r8herm1ev.o r8gridpc2.o r8tcspeval.o nspline.o bcspline.o ezspline_isgridregular.o ezspline_modulo.o r8splaan.o r8mkintrp2d.o r8seval3.o r8gridintrp3d.o mkspline.o ezcdf_opncls.o ezcdf_inqvar.o ezcdf_attrib.o ezcdf_GenPut.o ezcdf_GenGet.o handle_err.o ezcdf.o polysvd.o svdsolveb.o pythag.o svdsolveuv.o svd_solve.o SVBKSB.o svdinv.o SORTSVD.o svdinv2.o svdcmp.o gmresr.o drive_gmres.o init_gmres.o gmres.o dlsode_aux1.o prepj.o intdy.o dlsode_aux2.o dlsode.o xerrwv.o vnorm.o solsy.o lsode.o ewset.o stode.o cfode.o 
ar: creating archive libstell.a
a - MAP_LINEAR.o
a - fft991.o
a - fact.o
a - trigfact.o
a - fax.o
a - vpassm.o
a - fmn_to_uv.o
a - fftrig.o
a - cftfax.o
a - fft99a.o
a - cfft99.o
a - fft99b.o
a - cftrig.o
a - fftfax.o
a - fft99.o
a - init_vf_coils.o
a - load_modular_currents.o
a - load_saddle_currents.o
a - load_modular_coils.o
a - load_saddle_wsurf.o
a - init_modular_wsurf.o
a - load_vf_coils.o
a - init_saddle_wsurf.o
a - write_coilsin.o
a - initialize_coilsin.o
a - init_modular_currents.o
a - init_bg_currents.o
a - load_bg_currents.o
a - init_tf_coils.o
a - load_modular_wsurf.o
a - init_modular_coils.o
a - load_saddle_coils.o
a - init_saddle_currents.o
a - load_vf_currents.o
a - init_vf_currents.o
a - load_tf_coils.o
a - init_saddle_coils.o
a - bootsj_input.o
a - diagnostic_T.o
a - fftpack.o
a - vmec_utils.o
a - v3post_rfun.o
a - read_pies_mod.o
a - system_mod.o
a - saddle_surface.o
a - cyl_flux.o
a - flint_z.o
a - optim_params.o
a - mddc_cdf.o
a - tf_coils.o
a - v3f_vmec_comm.o
a - vparams.o
a - vsvd0.o
a - extcurz_T.o
a - bsc_cdf.o
a - read_wout_mod.o
a - stel_kinds.o
a - trip3d_mod.o
a - boundary_T.o
a - math_utilities.o
a - mpi_inc.o
a - stel_tools.o
a - mir_tools.o
a - read_response.o
a - date_and_computer.o
a - coilsnamin.o
a - vertex_list.o
a - control_mod.o
a - read_spec_mod.o
a - sxrch_T.o
a - saddle_coils.o
a - modular_coils.o
a - wall_mod.o
a - bsc_T.o
a - bnorm_mod.o
a - read_v3post_mod.o
a - gade_mod.o
a - de_mod.o
a - vmec_input.o
a - gist_mod.o
a - compression.o
a - mpi_params.o
a - mgrid_mod.o
a - write_array_generic.o
a - diagnostic_cdf.o
a - magnetic_response.o
a - bcoils_mod.o
a - safe_open_mod.o
a - ez_hdf5.o
a - integration_path.o
a - profiler.o
a - mddc_T.o
a - adas_mod_simpl.o
a - packafile.o
a - linear_interp.o
a - flin1_z.o
a - biotsavart.o
a - stel_constants.o
a - vf_coils.o
a - mgrid_field_mod.o
a - vacfield_mod.o
a - thscte_T.o
a - vessel_mod.o
a - v3_utilities.o
a - chaotic_coords_mod.o
a - vcoilpts.o
a - read_response_nompi.o
a - functions.o
a - read_boozer_mod.o
a - adas_bms_splines.o
a - ipch_T.o
a - virtual_casing_mod.o
a - ga_mod.o
a - vmec_seq.o
a - nstab_input_mod.o
a - boozer_utils.o
a - coordinate_utilities.o
a - liprec.o
a - li_gesl.o
a - li_gbsl.o
a - li_gbfa.o
a - li_gefa.o
a - second0.o
a - getcarg.o
a - vmec_chdir.o
a - power_to_legendre.o
a - blk3d.o
a - PCHDF.o
a - spline_cubic.o
a - fmax.o
a - pxfgetpid.o
a - bextrema.o
a - spline_akima_int.o
a - spline.o
a - pxffork.o
a - build_matrices_legendre.o
a - PCHEZ.o
a - spline_akima.o
a - PCHSP.o
a - PCHFD.o
a - init_random_seed.o
a - tolower.o
a - vmec_getenv.o
a - vmec_system.o
a - line_segment.o
a - spline_cubic_int.o
a - legendre_to_power.o
a - pxfwait.o
a - point_wise_to_power.o
a - integral.o
a - fmin.o
a - solver.o
a - profile_functions.o
a - tridslv.o
a - spline_it.o
a - PCHST.o
a - ddsum.o
a - factorial.o
a - CHFDV.o
a - PCHIM.o
a - multxy.o
a - convert_boundary.o
a - getfilesize.o
a - PCHEV.o
a - erf.o
a - read_namelist.o
a - strip_comments.o
a - splint.o
a - parse_extension.o
a - convert_boundary_PG.o
a - vmec_putenv.o
a - ga_restart.o
a - ga_newgen.o
a - xvec_eval.o
a - dpmpar.o
a - ga_evalout.o
a - ran3.o
a - DE2_Evolve.o
a - DE_driver.o
a - ga_initial.o
a - DE_Evolve.o
a - fdjac_parallel.o
a - lmdif1_mp.o
a - lmpar.o
a - ga_evaluate.o
a - GA_preset.o
a - ga_shuffle.o
a - multiprocess.o
a - MAP.o
a - PSO_Evolve.o
a - qrfac.o
a - ga_select.o
a - ga_fitness_mpi.o
a - ga_niche.o
a - qrsolv.o
a - ga_possibl.o
a - ga_sp.o
a - write_gade_nml.o
a - myfork.o
a - DE_Evaluate.o
a - ga_selectn.o
a - lmpar_serial.o
a - ga_decode.o
a - unique_boundary.o
a - lmdif.o
a - lmpar_parallel.o
a - lmdif1.o
a - ga_micro.o
a - ga_fitness_parallel.o
a - fdjac_mod.o
a - de_parallel.o
a - enorm.o
a - crosovr.o
a - lmder_serial.o
a - stepopt_mp.o
a - GA_driver.o
a - ga_code.o
a - ga_mutate.o
a - ROCKET_Evolve.o
a - de_mpi.o
a - MAP_PLANE.o
a - lmpar_mod.o
a - unique_boundary_PG.o
a - DE_preset.o
a - ajax_mod.o
a - linear1_mod.o
a - spline1_mod.o
a - spec_kind_mod.o
a - track_mod.o
a - write_mod.o
a - drandn.o
a - daxpby.o
a - dutfx.o
a - dcuhre.o
a - smpint.o
a - dqag.o
a - toms661.o
a - sheppack.o
a - givens.o
a - cshep2d.o
a - real_precision.o
a - linear_shepard.o
a - qshep3d.o
a - rotate.o
a - qshepmd.o
a - qshep2d.o
a - qshepmdata.o
a - mkbicubw.o
a - bcspgrid.o
a - vecspline.o
a - r8vecpc3.o
a - r8cspline.o
a - r8gridspline.o
a - r8tpspline.o
a - r8herm2ev.o
a - gridherm1.o
a - spvec.o
a - r8zonfind.o
a - ezspline_cdfget3.o
a - r8pc3ev.o
a - r8util_bcherm2.o
a - mkbicub.o
a - r8vecbicub.o
a - r8mkspl2zb.o
a - ezhybrid_initx.o
a - seval3.o
a - akherm2.o
a - splaan.o
a - r8vecherm2.o
a - mkherm2.o
a - r8v_spline.o
a - r8bpspline.o
a - mkherm3.o
a - r8vecintrp2d.o
a - gridpc1.o
a - r8vecherm3.o
a - spgrid.o
a - tcspvec.o
a - akherm3.o
a - vecherm1.o
a - seval2.o
a - ezspline_interp.o
a - r8evbicub.o
a - mkintrp3d.o
a - tcspgrid.o
a - r8spvec.o
a - ezspline_setup.o
a - r8util_bcherm3.o
a - r8mkspl2p.o
a - pc3ev.o
a - pspline.o
a - r8dnherm1.o
a - r8spline.o
a - r8mkspl2z.o
a - r8vecpc2.o
a - mkintrp2d.o
a - EZspline_type.o
a - mkspl3zb.o
a - r8vecintrp3d.o
a - gridbicub.o
a - r8evintrp2d.o
a - r8mkspl3zb.o
a - r8dnherm3.o
a - psp_tolsum.o
a - gridherm2.o
a - r8pc2ev.o
a - r8tcspgrid.o
a - r8util_bcherm1.o
a - vectricub.o
a - splbrk.o
a - r8herm3ev.o
a - bpspline.o
a - r8cspeval.o
a - akherm1.o
a - vecherm3.o
a - r8xlookup.o
a - r8evintrp3d.o
a - gridpc3.o
a - r8vecherm1.o
a - r8cubsplb.o
a - r8gridtricub.o
a - ezspline_setupx.o
a - mkherm1.o
a - mkspl2zb.o
a - ezspline_isindomain.o
a - gridpc2.o
a - vecherm2.o
a - r8speval.o
a - v_spline.o
a - r8nspline.o
a - pc2ev.o
a - mktricubw.o
a - vecbicub.o
a - r8spleen.o
a - EZspline.o
a - tpspline.o
a - r8bcspvec.o
a - genxpkg.o
a - spline_ez1.o
a - gridherm3.o
a - r8dnherm2.o
a - r8vecpc1.o
a - r8mkbicubw.o
a - ezspline_derivative.o
a - r8bcspgrid.o
a - herm1ev.o
a - r8splinck.o
a - r8gridbicub.o
a - evintrp2d.o
a - zonfind.o
a - r8bcspline.o
a - r8mkbicub.o
a - r8mkspline.o
a - speval.o
a - ezspline_gradient.o
a - r8gridherm2.o
a - r8akherm2.o
a - seval.o
a - pc1ev.o
a - tcspeval.o
a - spleen.o
a - r8mkherm2.o
a - r8mkspl3pb.o
a - r8vectricub.o
a - ezspline_cdfput3.o
a - r8evtricub.o
a - cspline.o
a - vecpc1.o
a - herm2ev.o
a - f2test.o
a - evintrp3d.o
a - ezspline_init.o
a - r8bpsplinb.o
a - util_bcherm2.o
a - util_bcherm3.o
a - vecin3d_argchk.o
a - bcspeval.o
a - ezlinear_init.o
a - ezspline_2netcdf.o
a - r8pspline.o
a - dnherm1.o
a - mkspl2z.o
a - r8psp_tolsum.o
a - r8pc1ev.o
a - r8mktricubw.o
a - mktricub.o
a - r8tcspline.o
a - r8seval.o
a - vecin2d_argchk.o
a - ezspline_load.o
a - r8mkherm3.o
a - r8gridpc1.o
a - mkspl2pb.o
a - r8gridherm3.o
a - r8tcspvec.o
a - r8akherm3.o
a - evbicub.o
a - r8tpsplinb.o
a - r8splbrk.o
a - f3test.o
a - evspline.o
a - mkspl2p.o
a - gridtricub.o
a - vecintrp2d.o
a - r8evspline.o
a - r8spgrid.o
a - r8seval2.o
a - r8vecspline.o
a - herm3ev.o
a - cspeval.o
a - xlookup.o
a - r8gridherm1.o
a - r8akherm1.o
a - pspline_calls.o
a - r8mkspl2pb.o
a - gridintrp3d.o
a - r8gridpc3.o
a - r8mkherm1.o
a - tpsplinb.o
a - cubsplb.o
a - gridintrp2d.o
a - tcspline.o
a - r8mktricub.o
a - dnherm3.o
a - ezspline_cinterp.o
a - vecpc2.o
a - vecintrp3d.o
a - ibc_ck.o
a - ezhybrid_init.o
a - ezspline_save.o
a - r8bcspeval.o
a - util_bcherm1.o
a - bcspvec.o
a - r8gridintrp2d.o
a - bpsplinb.o
a - r8genxpkg.o
a - EZspline_obj.o
a - r8mkintrp3d.o
a - vecpc3.o
a - mkspl3pb.o
a - dnherm2.o
a - gridspline.o
a - ezspline_free.o
a - splinck.o
a - evtricub.o
a - r8herm1ev.o
a - r8gridpc2.o
a - r8tcspeval.o
a - nspline.o
a - bcspline.o
a - ezspline_isgridregular.o
a - ezspline_modulo.o
a - r8splaan.o
a - r8mkintrp2d.o
a - r8seval3.o
a - r8gridintrp3d.o
a - mkspline.o
a - ezcdf_opncls.o
a - ezcdf_inqvar.o
a - ezcdf_attrib.o
a - ezcdf_GenPut.o
a - ezcdf_GenGet.o
a - handle_err.o
a - ezcdf.o
a - polysvd.o
a - svdsolveb.o
a - pythag.o
a - svdsolveuv.o
a - svd_solve.o
a - SVBKSB.o
a - svdinv.o
a - SORTSVD.o
a - svdinv2.o
a - svdcmp.o
a - gmresr.o
a - drive_gmres.o
a - init_gmres.o
a - gmres.o
a - dlsode_aux1.o
a - prepj.o
a - intdy.o
a - dlsode_aux2.o
a - dlsode.o
a - xerrwv.o
a - vnorm.o
a - solsy.o
a - lsode.o
a - ewset.o
a - stode.o
a - cfode.o
Release version - libstell.a - is now updated
To free up space, delete all *.o files from Release

Beginning release compilation and linking of vmec2000
Beginning release compilation and archiving of libstell
make[3]: `libstell.a' is up to date.
Release version - libstell.a - is now updated
To free up space, delete all *.o files from Release

/opt/homebrew/opt/open-mpi/bin/mpif90 -g -O2 -fexternal-blas -fbacktrace -std=legacy -fallow-argument-mismatch -I/private/tmp/fusion-native-clean-62xzhkrp/repo/external/stellopt-v251/local/libstell_dir -I/opt/homebrew/opt/netcdf-fortran/include -I/opt/homebrew/opt/netcdf/include  -I/opt/homebrew/opt/netcdf-fortran/include -I/opt/homebrew/opt/netcdf/include -I. -c ../Sources/General/vmec_dim.f
/opt/homebrew/opt/open-mpi/bin/mpif90 -g -O2 -fexternal-blas -fbacktrace -std=legacy -fallow-argument-mismatch -I/private/tmp/fusion-native-clean-62xzhkrp/repo/external/stellopt-v251/local/libstell_dir -I/opt/homebrew/opt/netcdf-fortran/include -I/opt/homebrew/opt/netcdf/include  -I/opt/homebrew/opt/netcdf-fortran/include -I/opt/homebrew/opt/netcdf/include -I. -c ../Sources/General/vmec_params.f
/opt/homebrew/opt/open-mpi/bin/mpif90 -g -O2 -fexternal-blas -fbacktrace -std=legacy -fallow-argument-mismatch -I/private/tmp/fusion-native-clean-62xzhkrp/repo/external/stellopt-v251/local/libstell_dir -I/opt/homebrew/opt/netcdf-fortran/include -I/opt/homebrew/opt/netcdf/include  -I/opt/homebrew/opt/netcdf-fortran/include -I/opt/homebrew/opt/netcdf/include -I. -c ../Sources/General/vmec_persistent.f
/usr/bin/cpp -traditional -DLINUX -DMPI_OPT -DNETCDF ../Sources/General/vmec_main.f
/opt/homebrew/opt/open-mpi/bin/mpif90 -g -O2 -fexternal-blas -fbacktrace -std=legacy -fallow-argument-mismatch -I/private/tmp/fusion-native-clean-62xzhkrp/repo/external/stellopt-v251/local/libstell_dir -I/opt/homebrew/opt/netcdf-fortran/include -I/opt/homebrew/opt/netcdf/include  -I/opt/homebrew/opt/netcdf-fortran/include -I/opt/homebrew/opt/netcdf/include -I.. -c ../Sources/General/vmec_main.f
/opt/homebrew/opt/open-mpi/bin/mpif90 -g -O2 -fexternal-blas -fbacktrace -std=legacy -fallow-argument-mismatch -I/private/tmp/fusion-native-clean-62xzhkrp/repo/external/stellopt-v251/local/libstell_dir -I/opt/homebrew/opt/netcdf-fortran/include -I/opt/homebrew/opt/netcdf/include  -I/opt/homebrew/opt/netcdf-fortran/include -I/opt/homebrew/opt/netcdf/include -I. -c ../Sources/General/xstuff.f
/opt/homebrew/opt/open-mpi/bin/mpif90 -g -O2 -fexternal-blas -fbacktrace -std=legacy -fallow-argument-mismatch -I/private/tmp/fusion-native-clean-62xzhkrp/repo/external/stellopt-v251/local/libstell_dir -I/opt/homebrew/opt/netcdf-fortran/include -I/opt/homebrew/opt/netcdf/include  -I/opt/homebrew/opt/netcdf-fortran/include -I/opt/homebrew/opt/netcdf/include -I. -c ../Sources/TimeStep/restart.f
/opt/homebrew/opt/open-mpi/bin/mpif90 -g -O2 -fexternal-blas -fbacktrace -std=legacy -fallow-argument-mismatch -I/private/tmp/fusion-native-clean-62xzhkrp/repo/external/stellopt-v251/local/libstell_dir -I/opt/homebrew/opt/netcdf-fortran/include -I/opt/homebrew/opt/netcdf/include  -I/opt/homebrew/opt/netcdf-fortran/include -I/opt/homebrew/opt/netcdf/include -I. -c ../Sources/TimeStep/gmres_mod.f
/opt/homebrew/opt/open-mpi/bin/mpif90 -ffree-form -ffree-line-length-none -ffixed-line-length-none -g -O2 -fexternal-blas -fbacktrace -std=legacy -fallow-argument-mismatch -I/private/tmp/fusion-native-clean-62xzhkrp/repo/external/stellopt-v251/local/libstell_dir -I/opt/homebrew/opt/netcdf-fortran/include -I/opt/homebrew/opt/netcdf/include  -I/opt/homebrew/opt/netcdf-fortran/include -I/opt/homebrew/opt/netcdf/include -I. -c ../Sources/General/directaccess.f90
/usr/bin/cpp -traditional -DLINUX -DMPI_OPT -DNETCDF ../Sources/General/realspace.f
/opt/homebrew/opt/open-mpi/bin/mpif90 -g -O2 -fexternal-blas -fbacktrace -std=legacy -fallow-argument-mismatch -I/private/tmp/fusion-native-clean-62xzhkrp/repo/external/stellopt-v251/local/libstell_dir -I/opt/homebrew/opt/netcdf-fortran/include -I/opt/homebrew/opt/netcdf/include  -I/opt/homebrew/opt/netcdf-fortran/include -I/opt/homebrew/opt/netcdf/include -I.. -c ../Sources/General/realspace.f
/opt/homebrew/opt/open-mpi/bin/mpif90 -g -O2 -fexternal-blas -fbacktrace -std=legacy -fallow-argument-mismatch -I/private/tmp/fusion-native-clean-62xzhkrp/repo/external/stellopt-v251/local/libstell_dir -I/opt/homebrew/opt/netcdf-fortran/include -I/opt/homebrew/opt/netcdf/include  -I/opt/homebrew/opt/netcdf-fortran/include -I/opt/homebrew/opt/netcdf/include -I. -c ../Sources/Input_Output/timer_sub.f
/usr/bin/cpp -traditional -DLINUX -DMPI_OPT -DNETCDF ../Sources/Hessian/precon2d.f
precon2d.c:42:42: warning: missing terminating '"' character [-Winvalid-pp-token]
   42 | !      CHARACTER(LEN=3)   :: FlashDrive ="F:\"
      |                                          ^
precon2d.c:823:73: warning: missing terminating ' character [-Winvalid-pp-token]
  823 | !      Update effective diagonal "a" matrix. Use dgemm: faster AND doesn't overflow normal stack
      |                                                                         ^
precon2d.c:968:73: warning: missing terminating ' character [-Winvalid-pp-token]
  968 | !      Update effective diagonal "a" matrix. Use dgemm: faster AND doesn't overflow normal stack
      |                                                                         ^
precon2d.c:1099:73: warning: missing terminating ' character [-Winvalid-pp-token]
 1099 | !      Update effective diagonal "a" matrix. Use dgemm: faster AND doesn't overflow normal stack
      |                                                                         ^
4 warnings generated.
/opt/homebrew/opt/open-mpi/bin/mpif90 -g -O2 -fexternal-blas -fbacktrace -std=legacy -fallow-argument-mismatch -I/private/tmp/fusion-native-clean-62xzhkrp/repo/external/stellopt-v251/local/libstell_dir -I/opt/homebrew/opt/netcdf-fortran/include -I/opt/homebrew/opt/netcdf/include  -I/opt/homebrew/opt/netcdf-fortran/include -I/opt/homebrew/opt/netcdf/include -I.. -c ../Sources/Hessian/precon2d.f
/opt/homebrew/opt/open-mpi/bin/mpif90 -g -O2 -fexternal-blas -fbacktrace -std=legacy -fallow-argument-mismatch -I/private/tmp/fusion-native-clean-62xzhkrp/repo/external/stellopt-v251/local/libstell_dir -I/opt/homebrew/opt/netcdf-fortran/include -I/opt/homebrew/opt/netcdf/include  -I/opt/homebrew/opt/netcdf-fortran/include -I/opt/homebrew/opt/netcdf/include -I. -c ../Sources/Reconstruction/vsvd.f
/opt/homebrew/opt/open-mpi/bin/mpif90 -g -O2 -fexternal-blas -fbacktrace -std=legacy -fallow-argument-mismatch -I/private/tmp/fusion-native-clean-62xzhkrp/repo/external/stellopt-v251/local/libstell_dir -I/opt/homebrew/opt/netcdf-fortran/include -I/opt/homebrew/opt/netcdf/include  -I/opt/homebrew/opt/netcdf-fortran/include -I/opt/homebrew/opt/netcdf/include -I. -c ../Sources/TimeStep/evolve.f
/opt/homebrew/opt/open-mpi/bin/mpif90 -g -O2 -fexternal-blas -fbacktrace -std=legacy -fallow-argument-mismatch -I/private/tmp/fusion-native-clean-62xzhkrp/repo/external/stellopt-v251/local/libstell_dir -I/opt/homebrew/opt/netcdf-fortran/include -I/opt/homebrew/opt/netcdf/include  -I/opt/homebrew/opt/netcdf-fortran/include -I/opt/homebrew/opt/netcdf/include -I. -c ../Sources/TimeStep/runvmec.f
/opt/homebrew/opt/open-mpi/bin/mpif90 -g -O2 -fexternal-blas -fbacktrace -std=legacy -fallow-argument-mismatch -I/private/tmp/fusion-native-clean-62xzhkrp/repo/external/stellopt-v251/local/libstell_dir -I/opt/homebrew/opt/netcdf-fortran/include -I/opt/homebrew/opt/netcdf/include  -I/opt/homebrew/opt/netcdf-fortran/include -I/opt/homebrew/opt/netcdf/include -I. -c ../Sources/TimeStep/interp.f
/opt/homebrew/opt/open-mpi/bin/mpif90 -g -O2 -fexternal-blas -fbacktrace -std=legacy -fallow-argument-mismatch -I/private/tmp/fusion-native-clean-62xzhkrp/repo/external/stellopt-v251/local/libstell_dir -I/opt/homebrew/opt/netcdf-fortran/include -I/opt/homebrew/opt/netcdf/include  -I/opt/homebrew/opt/netcdf-fortran/include -I/opt/homebrew/opt/netcdf/include -I. -c ../Sources/TimeStep/vmec_history.f
/usr/bin/cpp -traditional -DLINUX -DMPI_OPT -DNETCDF ../Sources/TimeStep/eqsolve.f
/opt/homebrew/opt/open-mpi/bin/mpif90 -g -O2 -fexternal-blas -fbacktrace -std=legacy -fallow-argument-mismatch -I/private/tmp/fusion-native-clean-62xzhkrp/repo/external/stellopt-v251/local/libstell_dir -I/opt/homebrew/opt/netcdf-fortran/include -I/opt/homebrew/opt/netcdf/include  -I/opt/homebrew/opt/netcdf-fortran/include -I/opt/homebrew/opt/netcdf/include -I.. -c ../Sources/TimeStep/eqsolve.f
/usr/bin/cpp -traditional -DLINUX -DMPI_OPT -DNETCDF ../Sources/TimeStep/vmec.f
vmec.c:77:52: warning: empty character constant [-Winvalid-pp-token]
   77 | !       request) is needed to create a binary Green''s FUNCTION table for the
      |                                                    ^
1 warning generated.
/opt/homebrew/opt/open-mpi/bin/mpif90 -g -O2 -fexternal-blas -fbacktrace -std=legacy -fallow-argument-mismatch -I/private/tmp/fusion-native-clean-62xzhkrp/repo/external/stellopt-v251/local/libstell_dir -I/opt/homebrew/opt/netcdf-fortran/include -I/opt/homebrew/opt/netcdf/include  -I/opt/homebrew/opt/netcdf-fortran/include -I/opt/homebrew/opt/netcdf/include -I.. -c ../Sources/TimeStep/vmec.f
/opt/homebrew/opt/open-mpi/bin/mpif90 -g -O2 -fexternal-blas -fbacktrace -std=legacy -fallow-argument-mismatch -I/private/tmp/fusion-native-clean-62xzhkrp/repo/external/stellopt-v251/local/libstell_dir -I/opt/homebrew/opt/netcdf-fortran/include -I/opt/homebrew/opt/netcdf/include  -I/opt/homebrew/opt/netcdf-fortran/include -I/opt/homebrew/opt/netcdf/include -I. -c ../Sources/NESTOR_vacuum/vac_persistent.f
/opt/homebrew/opt/open-mpi/bin/mpif90 -g -O2 -fexternal-blas -fbacktrace -std=legacy -fallow-argument-mismatch -I/private/tmp/fusion-native-clean-62xzhkrp/repo/external/stellopt-v251/local/libstell_dir -I/opt/homebrew/opt/netcdf-fortran/include -I/opt/homebrew/opt/netcdf/include  -I/opt/homebrew/opt/netcdf-fortran/include -I/opt/homebrew/opt/netcdf/include -I. -c ../Sources/NESTOR_vacuum/vacmod0.f
/opt/homebrew/opt/open-mpi/bin/mpif90 -g -O2 -fexternal-blas -fbacktrace -std=legacy -fallow-argument-mismatch -I/private/tmp/fusion-native-clean-62xzhkrp/repo/external/stellopt-v251/local/libstell_dir -I/opt/homebrew/opt/netcdf-fortran/include -I/opt/homebrew/opt/netcdf/include  -I/opt/homebrew/opt/netcdf-fortran/include -I/opt/homebrew/opt/netcdf/include -I. -c ../Sources/NESTOR_vacuum/vacmod.f
/opt/homebrew/opt/open-mpi/bin/mpif90 -g -O2 -fexternal-blas -fbacktrace -std=legacy -fallow-argument-mismatch -I/private/tmp/fusion-native-clean-62xzhkrp/repo/external/stellopt-v251/local/libstell_dir -I/opt/homebrew/opt/netcdf-fortran/include -I/opt/homebrew/opt/netcdf/include  -I/opt/homebrew/opt/netcdf-fortran/include -I/opt/homebrew/opt/netcdf/include -I. -c ../Sources/NESTOR_vacuum/surface.f
/opt/homebrew/opt/open-mpi/bin/mpif90 -g -O2 -fexternal-blas -fbacktrace -std=legacy -fallow-argument-mismatch -I/private/tmp/fusion-native-clean-62xzhkrp/repo/external/stellopt-v251/local/libstell_dir -I/opt/homebrew/opt/netcdf-fortran/include -I/opt/homebrew/opt/netcdf/include  -I/opt/homebrew/opt/netcdf-fortran/include -I/opt/homebrew/opt/netcdf/include -I. -c ../Sources/NESTOR_vacuum/bextern.f
/opt/homebrew/opt/open-mpi/bin/mpif90 -g -O2 -fexternal-blas -fbacktrace -std=legacy -fallow-argument-mismatch -I/private/tmp/fusion-native-clean-62xzhkrp/repo/external/stellopt-v251/local/libstell_dir -I/opt/homebrew/opt/netcdf-fortran/include -I/opt/homebrew/opt/netcdf/include  -I/opt/homebrew/opt/netcdf-fortran/include -I/opt/homebrew/opt/netcdf/include -I. -c ../Sources/NESTOR_vacuum/analyt.f
/usr/bin/cpp -traditional -DLINUX -DMPI_OPT -DNETCDF ../Sources/NESTOR_vacuum/vacuum.f
/opt/homebrew/opt/open-mpi/bin/mpif90 -g -O2 -fexternal-blas -fbacktrace -std=legacy -fallow-argument-mismatch -I/private/tmp/fusion-native-clean-62xzhkrp/repo/external/stellopt-v251/local/libstell_dir -I/opt/homebrew/opt/netcdf-fortran/include -I/opt/homebrew/opt/netcdf/include  -I/opt/homebrew/opt/netcdf-fortran/include -I/opt/homebrew/opt/netcdf/include -I.. -c ../Sources/NESTOR_vacuum/vacuum.f
/opt/homebrew/opt/open-mpi/bin/mpif90 -g -O2 -fexternal-blas -fbacktrace -std=legacy -fallow-argument-mismatch -I/private/tmp/fusion-native-clean-62xzhkrp/repo/external/stellopt-v251/local/libstell_dir -I/opt/homebrew/opt/netcdf-fortran/include -I/opt/homebrew/opt/netcdf/include  -I/opt/homebrew/opt/netcdf-fortran/include -I/opt/homebrew/opt/netcdf/include -I. -c ../Sources/NESTOR_vacuum/analysum2.f
/opt/homebrew/opt/open-mpi/bin/mpif90 -g -O2 -fexternal-blas -fbacktrace -std=legacy -fallow-argument-mismatch -I/private/tmp/fusion-native-clean-62xzhkrp/repo/external/stellopt-v251/local/libstell_dir -I/opt/homebrew/opt/netcdf-fortran/include -I/opt/homebrew/opt/netcdf/include  -I/opt/homebrew/opt/netcdf-fortran/include -I/opt/homebrew/opt/netcdf/include -I. -c ../Sources/NESTOR_vacuum/greenf.f
/opt/homebrew/opt/open-mpi/bin/mpif90 -g -O2 -fexternal-blas -fbacktrace -std=legacy -fallow-argument-mismatch -I/private/tmp/fusion-native-clean-62xzhkrp/repo/external/stellopt-v251/local/libstell_dir -I/opt/homebrew/opt/netcdf-fortran/include -I/opt/homebrew/opt/netcdf/include  -I/opt/homebrew/opt/netcdf-fortran/include -I/opt/homebrew/opt/netcdf/include -I. -c ../Sources/NESTOR_vacuum/belicu.f
/opt/homebrew/opt/open-mpi/bin/mpif90 -g -O2 -fexternal-blas -fbacktrace -std=legacy -fallow-argument-mismatch -I/private/tmp/fusion-native-clean-62xzhkrp/repo/external/stellopt-v251/local/libstell_dir -I/opt/homebrew/opt/netcdf-fortran/include -I/opt/homebrew/opt/netcdf/include  -I/opt/homebrew/opt/netcdf-fortran/include -I/opt/homebrew/opt/netcdf/include -I. -c ../Sources/NESTOR_vacuum/tolicu.f
/opt/homebrew/opt/open-mpi/bin/mpif90 -g -O2 -fexternal-blas -fbacktrace -std=legacy -fallow-argument-mismatch -I/private/tmp/fusion-native-clean-62xzhkrp/repo/external/stellopt-v251/local/libstell_dir -I/opt/homebrew/opt/netcdf-fortran/include -I/opt/homebrew/opt/netcdf/include  -I/opt/homebrew/opt/netcdf-fortran/include -I/opt/homebrew/opt/netcdf/include -I. -c ../Sources/NESTOR_vacuum/scalpot.f
/opt/homebrew/opt/open-mpi/bin/mpif90 -g -O2 -fexternal-blas -fbacktrace -std=legacy -fallow-argument-mismatch -I/private/tmp/fusion-native-clean-62xzhkrp/repo/external/stellopt-v251/local/libstell_dir -I/opt/homebrew/opt/netcdf-fortran/include -I/opt/homebrew/opt/netcdf/include  -I/opt/homebrew/opt/netcdf-fortran/include -I/opt/homebrew/opt/netcdf/include -I. -c ../Sources/NESTOR_vacuum/fourp.f
/opt/homebrew/opt/open-mpi/bin/mpif90 -g -O2 -fexternal-blas -fbacktrace -std=legacy -fallow-argument-mismatch -I/private/tmp/fusion-native-clean-62xzhkrp/repo/external/stellopt-v251/local/libstell_dir -I/opt/homebrew/opt/netcdf-fortran/include -I/opt/homebrew/opt/netcdf/include  -I/opt/homebrew/opt/netcdf-fortran/include -I/opt/homebrew/opt/netcdf/include -I. -c ../Sources/NESTOR_vacuum/analysum.f
/opt/homebrew/opt/open-mpi/bin/mpif90 -g -O2 -fexternal-blas -fbacktrace -std=legacy -fallow-argument-mismatch -I/private/tmp/fusion-native-clean-62xzhkrp/repo/external/stellopt-v251/local/libstell_dir -I/opt/homebrew/opt/netcdf-fortran/include -I/opt/homebrew/opt/netcdf/include  -I/opt/homebrew/opt/netcdf-fortran/include -I/opt/homebrew/opt/netcdf/include -I. -c ../Sources/NESTOR_vacuum/precal.f
/opt/homebrew/opt/open-mpi/bin/mpif90 -g -O2 -fexternal-blas -fbacktrace -std=legacy -fallow-argument-mismatch -I/private/tmp/fusion-native-clean-62xzhkrp/repo/external/stellopt-v251/local/libstell_dir -I/opt/homebrew/opt/netcdf-fortran/include -I/opt/homebrew/opt/netcdf/include  -I/opt/homebrew/opt/netcdf-fortran/include -I/opt/homebrew/opt/netcdf/include -I. -c ../Sources/NESTOR_vacuum/becoil.f
/opt/homebrew/opt/open-mpi/bin/mpif90 -g -O2 -fexternal-blas -fbacktrace -std=legacy -fallow-argument-mismatch -I/private/tmp/fusion-native-clean-62xzhkrp/repo/external/stellopt-v251/local/libstell_dir -I/opt/homebrew/opt/netcdf-fortran/include -I/opt/homebrew/opt/netcdf/include  -I/opt/homebrew/opt/netcdf-fortran/include -I/opt/homebrew/opt/netcdf/include -I. -c ../Sources/NESTOR_vacuum/fouri.f
/opt/homebrew/opt/open-mpi/bin/mpif90 -g -O2 -fexternal-blas -fbacktrace -std=legacy -fallow-argument-mismatch -I/private/tmp/fusion-native-clean-62xzhkrp/repo/external/stellopt-v251/local/libstell_dir -I/opt/homebrew/opt/netcdf-fortran/include -I/opt/homebrew/opt/netcdf/include  -I/opt/homebrew/opt/netcdf-fortran/include -I/opt/homebrew/opt/netcdf/include -I. -c ../Sources/General/vforces.f
/opt/homebrew/opt/open-mpi/bin/mpif90 -g -O2 -fexternal-blas -fbacktrace -std=legacy -fallow-argument-mismatch -I/private/tmp/fusion-native-clean-62xzhkrp/repo/external/stellopt-v251/local/libstell_dir -I/opt/homebrew/opt/netcdf-fortran/include -I/opt/homebrew/opt/netcdf/include  -I/opt/homebrew/opt/netcdf-fortran/include -I/opt/homebrew/opt/netcdf/include -I. -c ../Sources/Input_Output/TestWout.f
/opt/homebrew/opt/open-mpi/bin/mpif90 -g -O2 -fexternal-blas -fbacktrace -std=legacy -fallow-argument-mismatch -I/private/tmp/fusion-native-clean-62xzhkrp/repo/external/stellopt-v251/local/libstell_dir -I/opt/homebrew/opt/netcdf-fortran/include -I/opt/homebrew/opt/netcdf/include  -I/opt/homebrew/opt/netcdf-fortran/include -I/opt/homebrew/opt/netcdf/include -I. -c ../Sources/Input_Output/wroutlim.f
/usr/bin/cpp -traditional -DLINUX -DMPI_OPT -DNETCDF ../Sources/Input_Output/jxbforce.f
jxbforce.c:331:52: warning: missing terminating ' character [-Winvalid-pp-token]
  331 |                IF (.not.lprint) CYCLE          !Don't need these except for comparison
      |                                                    ^
jxbforce.c:393:61: warning: missing terminating ' character [-Winvalid-pp-token]
  393 | !     LOCAL FORCE BALANCE EQUATION B dot grad(Bs) = brho CAN'T BE SOLVED
      |                                                             ^
jxbforce.c:561:80: warning: missing terminating ' character [-Winvalid-pp-token]
  561 | !           TWOPI*TWOPI factor incorporated in vp (thru ovp factor below), so V' = (2pi)**2*vp
      |                                                                                ^
3 warnings generated.
/opt/homebrew/opt/open-mpi/bin/mpif90 -g -O2 -fexternal-blas -fbacktrace -std=legacy -fallow-argument-mismatch -I/private/tmp/fusion-native-clean-62xzhkrp/repo/external/stellopt-v251/local/libstell_dir -I/opt/homebrew/opt/netcdf-fortran/include -I/opt/homebrew/opt/netcdf/include  -I/opt/homebrew/opt/netcdf-fortran/include -I/opt/homebrew/opt/netcdf/include -I.. -c ../Sources/Input_Output/jxbforce.f
/usr/bin/cpp -traditional -DLINUX -DMPI_OPT -DNETCDF ../Sources/General/totzsp_mod.f
/opt/homebrew/opt/open-mpi/bin/mpif90 -g -O2 -fexternal-blas -fbacktrace -std=legacy -fallow-argument-mismatch -I/private/tmp/fusion-native-clean-62xzhkrp/repo/external/stellopt-v251/local/libstell_dir -I/opt/homebrew/opt/netcdf-fortran/include -I/opt/homebrew/opt/netcdf/include  -I/opt/homebrew/opt/netcdf-fortran/include -I/opt/homebrew/opt/netcdf/include -I.. -c ../Sources/General/totzsp_mod.f
/opt/homebrew/opt/open-mpi/bin/mpif90 -g -O2 -fexternal-blas -fbacktrace -std=legacy -fallow-argument-mismatch -I/private/tmp/fusion-native-clean-62xzhkrp/repo/external/stellopt-v251/local/libstell_dir -I/opt/homebrew/opt/netcdf-fortran/include -I/opt/homebrew/opt/netcdf/include  -I/opt/homebrew/opt/netcdf-fortran/include -I/opt/homebrew/opt/netcdf/include -I. -c ../Sources/Input_Output/vmec_io.f
/opt/homebrew/opt/open-mpi/bin/mpif90 -g -O2 -fexternal-blas -fbacktrace -std=legacy -fallow-argument-mismatch -I/private/tmp/fusion-native-clean-62xzhkrp/repo/external/stellopt-v251/local/libstell_dir -I/opt/homebrew/opt/netcdf-fortran/include -I/opt/homebrew/opt/netcdf/include  -I/opt/homebrew/opt/netcdf-fortran/include -I/opt/homebrew/opt/netcdf/include -I. -c ../Sources/Input_Output/vmercier.f
/opt/homebrew/opt/open-mpi/bin/mpif90 -g -O2 -fexternal-blas -fbacktrace -std=legacy -fallow-argument-mismatch -I/private/tmp/fusion-native-clean-62xzhkrp/repo/external/stellopt-v251/local/libstell_dir -I/opt/homebrew/opt/netcdf-fortran/include -I/opt/homebrew/opt/netcdf/include  -I/opt/homebrew/opt/netcdf-fortran/include -I/opt/homebrew/opt/netcdf/include -I. -c ../Sources/Splines/vspline.f
/usr/bin/cpp -traditional -DLINUX -DMPI_OPT -DNETCDF ../Sources/Input_Output/wrout.f
wrout.c:484:38: warning: missing terminating ' character [-Winvalid-pp-token]
  484 | !     ELIMINATE THESE EVENTUALLY: DON'T NEED THEM - CAN COMPUTE FROM GSQRT
      |                                      ^
wrout.c:521:38: warning: missing terminating ' character [-Winvalid-pp-token]
  521 | !     ELIMINATE THESE EVENTUALLY: DON'T NEED THEM
      |                                      ^
wrout.c:1006:39: warning: missing terminating ' character [-Winvalid-pp-token]
 1006 | !     GET RID OF THESE EVENTUALLY: DON'T NEED THEM (can express in terms of lambdas)
      |                                       ^
wrout.c:1397:39: warning: missing terminating ' character [-Winvalid-pp-token]
 1397 | !     GET RID OF THESE EVENTUALLY: DON'T NEED THEM
      |                                       ^
4 warnings generated.
/opt/homebrew/opt/open-mpi/bin/mpif90 -g -O2 -fexternal-blas -fbacktrace -std=legacy -fallow-argument-mismatch -I/private/tmp/fusion-native-clean-62xzhkrp/repo/external/stellopt-v251/local/libstell_dir -I/opt/homebrew/opt/netcdf-fortran/include -I/opt/homebrew/opt/netcdf/include  -I/opt/homebrew/opt/netcdf-fortran/include -I/opt/homebrew/opt/netcdf/include -I.. -c ../Sources/Input_Output/wrout.f
/opt/homebrew/opt/open-mpi/bin/mpif90 -g -O2 -fexternal-blas -fbacktrace -std=legacy -fallow-argument-mismatch -I/private/tmp/fusion-native-clean-62xzhkrp/repo/external/stellopt-v251/local/libstell_dir -I/opt/homebrew/opt/netcdf-fortran/include -I/opt/homebrew/opt/netcdf/include  -I/opt/homebrew/opt/netcdf-fortran/include -I/opt/homebrew/opt/netcdf/include -I. -c ../Sources/Input_Output/getbrho.f
/usr/bin/cpp -traditional -DLINUX -DMPI_OPT -DNETCDF ../Sources/Input_Output/freeb_data.f
/opt/homebrew/opt/open-mpi/bin/mpif90 -g -O2 -fexternal-blas -fbacktrace -std=legacy -fallow-argument-mismatch -I/private/tmp/fusion-native-clean-62xzhkrp/repo/external/stellopt-v251/local/libstell_dir -I/opt/homebrew/opt/netcdf-fortran/include -I/opt/homebrew/opt/netcdf/include  -I/opt/homebrew/opt/netcdf-fortran/include -I/opt/homebrew/opt/netcdf/include -I.. -c ../Sources/Input_Output/freeb_data.f
/opt/homebrew/opt/open-mpi/bin/mpif90 -g -O2 -fexternal-blas -fbacktrace -std=legacy -fallow-argument-mismatch -I/private/tmp/fusion-native-clean-62xzhkrp/repo/external/stellopt-v251/local/libstell_dir -I/opt/homebrew/opt/netcdf-fortran/include -I/opt/homebrew/opt/netcdf/include  -I/opt/homebrew/opt/netcdf-fortran/include -I/opt/homebrew/opt/netcdf/include -I. -c ../Sources/Input_Output/dump_output.f
/opt/homebrew/opt/open-mpi/bin/mpif90 -g -O2 -fexternal-blas -fbacktrace -std=legacy -fallow-argument-mismatch -I/private/tmp/fusion-native-clean-62xzhkrp/repo/external/stellopt-v251/local/libstell_dir -I/opt/homebrew/opt/netcdf-fortran/include -I/opt/homebrew/opt/netcdf/include  -I/opt/homebrew/opt/netcdf-fortran/include -I/opt/homebrew/opt/netcdf/include -I. -c ../Sources/General/csplinx.f
/usr/bin/cpp -traditional -DLINUX -DMPI_OPT -DNETCDF ../Sources/General/fbal.f
fbal.c:40:18: warning: missing terminating ' character [-Winvalid-pp-token]
   40 | !     FROM AMPERE'S LAW, JcurX are angle averages of jac*JsupX, so
      |                  ^
1 warning generated.
/opt/homebrew/opt/open-mpi/bin/mpif90 -g -O2 -fexternal-blas -fbacktrace -std=legacy -fallow-argument-mismatch -I/private/tmp/fusion-native-clean-62xzhkrp/repo/external/stellopt-v251/local/libstell_dir -I/opt/homebrew/opt/netcdf-fortran/include -I/opt/homebrew/opt/netcdf/include  -I/opt/homebrew/opt/netcdf-fortran/include -I/opt/homebrew/opt/netcdf/include -I.. -c ../Sources/General/fbal.f
/usr/bin/cpp -traditional -DLINUX -DMPI_OPT -DNETCDF ../Sources/Input_Output/eqfor.f
eqfor.c:660:10: warning: missing terminating ' character [-Winvalid-pp-token]
  660 | !     Lao's definition of normalization factor
      |          ^
1 warning generated.
/opt/homebrew/opt/open-mpi/bin/mpif90 -g -O2 -fexternal-blas -fbacktrace -std=legacy -fallow-argument-mismatch -I/private/tmp/fusion-native-clean-62xzhkrp/repo/external/stellopt-v251/local/libstell_dir -I/opt/homebrew/opt/netcdf-fortran/include -I/opt/homebrew/opt/netcdf/include  -I/opt/homebrew/opt/netcdf-fortran/include -I/opt/homebrew/opt/netcdf/include -I.. -c ../Sources/Input_Output/eqfor.f
/opt/homebrew/opt/open-mpi/bin/mpif90 -g -O2 -fexternal-blas -fbacktrace -std=legacy -fallow-argument-mismatch -I/private/tmp/fusion-native-clean-62xzhkrp/repo/external/stellopt-v251/local/libstell_dir -I/opt/homebrew/opt/netcdf-fortran/include -I/opt/homebrew/opt/netcdf/include  -I/opt/homebrew/opt/netcdf-fortran/include -I/opt/homebrew/opt/netcdf/include -I. -c ../Sources/Input_Output/bss.f
/usr/bin/cpp -traditional -DLINUX -DMPI_OPT -DNETCDF ../Sources/Input_Output/read_indata.f
/opt/homebrew/opt/open-mpi/bin/mpif90 -g -O2 -fexternal-blas -fbacktrace -std=legacy -fallow-argument-mismatch -I/private/tmp/fusion-native-clean-62xzhkrp/repo/external/stellopt-v251/local/libstell_dir -I/opt/homebrew/opt/netcdf-fortran/include -I/opt/homebrew/opt/netcdf/include  -I/opt/homebrew/opt/netcdf-fortran/include -I/opt/homebrew/opt/netcdf/include -I.. -c ../Sources/Input_Output/read_indata.f
/opt/homebrew/opt/open-mpi/bin/mpif90 -g -O2 -fexternal-blas -fbacktrace -std=legacy -fallow-argument-mismatch -I/private/tmp/fusion-native-clean-62xzhkrp/repo/external/stellopt-v251/local/libstell_dir -I/opt/homebrew/opt/netcdf-fortran/include -I/opt/homebrew/opt/netcdf/include  -I/opt/homebrew/opt/netcdf-fortran/include -I/opt/homebrew/opt/netcdf/include -I. -c ../Sources/Input_Output/fsym_fft.f
/usr/bin/cpp -traditional -DLINUX -DMPI_OPT -DNETCDF ../Sources/Input_Output/fileout.f
/opt/homebrew/opt/open-mpi/bin/mpif90 -g -O2 -fexternal-blas -fbacktrace -std=legacy -fallow-argument-mismatch -I/private/tmp/fusion-native-clean-62xzhkrp/repo/external/stellopt-v251/local/libstell_dir -I/opt/homebrew/opt/netcdf-fortran/include -I/opt/homebrew/opt/netcdf/include  -I/opt/homebrew/opt/netcdf-fortran/include -I/opt/homebrew/opt/netcdf/include -I.. -c ../Sources/Input_Output/fileout.f
/opt/homebrew/opt/open-mpi/bin/mpif90 -g -O2 -fexternal-blas -fbacktrace -std=legacy -fallow-argument-mismatch -I/private/tmp/fusion-native-clean-62xzhkrp/repo/external/stellopt-v251/local/libstell_dir -I/opt/homebrew/opt/netcdf-fortran/include -I/opt/homebrew/opt/netcdf/include  -I/opt/homebrew/opt/netcdf-fortran/include -I/opt/homebrew/opt/netcdf/include -I. -c ../Sources/Input_Output/movieout.f
/opt/homebrew/opt/open-mpi/bin/mpif90 -g -O2 -fexternal-blas -fbacktrace -std=legacy -fallow-argument-mismatch -I/private/tmp/fusion-native-clean-62xzhkrp/repo/external/stellopt-v251/local/libstell_dir -I/opt/homebrew/opt/netcdf-fortran/include -I/opt/homebrew/opt/netcdf/include  -I/opt/homebrew/opt/netcdf-fortran/include -I/opt/homebrew/opt/netcdf/include -I. -c ../Sources/Input_Output/getcurmid.f
/usr/bin/cpp -traditional -DLINUX -DMPI_OPT -DNETCDF ../Sources/Input_Output/magnetics_data.f
/opt/homebrew/opt/open-mpi/bin/mpif90 -g -O2 -fexternal-blas -fbacktrace -std=legacy -fallow-argument-mismatch -I/private/tmp/fusion-native-clean-62xzhkrp/repo/external/stellopt-v251/local/libstell_dir -I/opt/homebrew/opt/netcdf-fortran/include -I/opt/homebrew/opt/netcdf/include  -I/opt/homebrew/opt/netcdf-fortran/include -I/opt/homebrew/opt/netcdf/include -I.. -c ../Sources/Input_Output/magnetics_data.f
/usr/bin/cpp -traditional -DLINUX -DMPI_OPT -DNETCDF ../Sources/Input_Output/printout.f
/opt/homebrew/opt/open-mpi/bin/mpif90 -g -O2 -fexternal-blas -fbacktrace -std=legacy -fallow-argument-mismatch -I/private/tmp/fusion-native-clean-62xzhkrp/repo/external/stellopt-v251/local/libstell_dir -I/opt/homebrew/opt/netcdf-fortran/include -I/opt/homebrew/opt/netcdf/include  -I/opt/homebrew/opt/netcdf-fortran/include -I/opt/homebrew/opt/netcdf/include -I.. -c ../Sources/Input_Output/printout.f
/opt/homebrew/opt/open-mpi/bin/mpif90 -g -O2 -fexternal-blas -fbacktrace -std=legacy -fallow-argument-mismatch -I/private/tmp/fusion-native-clean-62xzhkrp/repo/external/stellopt-v251/local/libstell_dir -I/opt/homebrew/opt/netcdf-fortran/include -I/opt/homebrew/opt/netcdf/include  -I/opt/homebrew/opt/netcdf-fortran/include -I/opt/homebrew/opt/netcdf/include -I. -c ../Sources/Input_Output/mercier.f
/opt/homebrew/opt/open-mpi/bin/mpif90 -g -O2 -fexternal-blas -fbacktrace -std=legacy -fallow-argument-mismatch -I/private/tmp/fusion-native-clean-62xzhkrp/repo/external/stellopt-v251/local/libstell_dir -I/opt/homebrew/opt/netcdf-fortran/include -I/opt/homebrew/opt/netcdf/include  -I/opt/homebrew/opt/netcdf-fortran/include -I/opt/homebrew/opt/netcdf/include -I. -c ../Sources/Input_Output/fsym_invfft.f
/opt/homebrew/opt/open-mpi/bin/mpif90 -ffree-form -ffree-line-length-none -ffixed-line-length-none -g -O2 -fexternal-blas -fbacktrace -std=legacy -fallow-argument-mismatch -I/private/tmp/fusion-native-clean-62xzhkrp/repo/external/stellopt-v251/local/libstell_dir -I/opt/homebrew/opt/netcdf-fortran/include -I/opt/homebrew/opt/netcdf/include  -I/opt/homebrew/opt/netcdf-fortran/include -I/opt/homebrew/opt/netcdf/include -I. -c ../Sources/Initialization_Cleanup/init_geometry.f90
/usr/bin/cpp -traditional -DLINUX -DMPI_OPT -DNETCDF ../Sources/Input_Output/readin.f
readin.c:89:32: warning: empty character constant [-Winvalid-pp-token]
   89 | !                multiply Green''s function for fields and loops read in from
      |                                ^
readin.c:131:44: warning: empty character constant [-Winvalid-pp-token]
  131 | !  mgrid_file:   full path for vacuum Green''s function data
      |                                            ^
readin.c:133:38: warning: missing terminating ' character [-Winvalid-pp-token]
  133 | !                  'power_series' - I'(s)=Sum[ ac(j) s ** j] - Default
      |                                      ^
readin.c:134:38: warning: missing terminating ' character [-Winvalid-pp-token]
  134 | !                  'gauss_trunc'  - I'(s)=ac(0) (exp(-(s/ac(1)) ** 2) - 
      |                                      ^
readin.c:203:51: warning: empty character constant [-Winvalid-pp-token]
  203 | !             NOTE: FOR STANDARD DEVIATIONS (sigma''s) < 0, INTERPRET
      |                                                   ^
readin.c:437:26: warning: missing terminating ' character [-Winvalid-pp-token]
  437 |           WRITE (nthreed,'(" Pressure profile factor: ",1pe11.4,
      |                          ^
readin.c:438:47: warning: missing terminating ' character [-Winvalid-pp-token]
  438 |      1           " (multiplier for pressure)")') pres_scale
      |                                               ^
readin.c:447:48: warning: empty character constant [-Winvalid-pp-token]
  447 |  131  FORMAT(' PMASS parameterization type is ''', a,'''')
      |                                                ^
readin.c:447:54: warning: empty character constant [-Winvalid-pp-token]
  447 |  131  FORMAT(' PMASS parameterization type is ''', a,'''')
      |                                                      ^
readin.c:447:56: warning: empty character constant [-Winvalid-pp-token]
  447 |  131  FORMAT(' PMASS parameterization type is ''', a,'''')
      |                                                        ^
readin.c:495:48: warning: empty character constant [-Winvalid-pp-token]
  495 |  143  FORMAT(' PIOTA parameterization type is ''', a,'''')
      |                                                ^
readin.c:495:54: warning: empty character constant [-Winvalid-pp-token]
  495 |  143  FORMAT(' PIOTA parameterization type is ''', a,'''')
      |                                                      ^
readin.c:495:56: warning: empty character constant [-Winvalid-pp-token]
  495 |  143  FORMAT(' PIOTA parameterization type is ''', a,'''')
      |                                                        ^
readin.c:498:48: warning: empty character constant [-Winvalid-pp-token]
  498 |  146  FORMAT(' PCURR parameterization type is ''', a,'''')
      |                                                ^
readin.c:498:54: warning: empty character constant [-Winvalid-pp-token]
  498 |  146  FORMAT(' PCURR parameterization type is ''', a,'''')
      |                                                      ^
readin.c:498:56: warning: empty character constant [-Winvalid-pp-token]
  498 |  146  FORMAT(' PCURR parameterization type is ''', a,'''')
      |                                                        ^
16 warnings generated.
/opt/homebrew/opt/open-mpi/bin/mpif90 -g -O2 -fexternal-blas -fbacktrace -std=legacy -fallow-argument-mismatch -I/private/tmp/fusion-native-clean-62xzhkrp/repo/external/stellopt-v251/local/libstell_dir -I/opt/homebrew/opt/netcdf-fortran/include -I/opt/homebrew/opt/netcdf/include  -I/opt/homebrew/opt/netcdf-fortran/include -I/opt/homebrew/opt/netcdf/include -I.. -c ../Sources/Input_Output/readin.f
/opt/homebrew/opt/open-mpi/bin/mpif90 -g -O2 -fexternal-blas -fbacktrace -std=legacy -fallow-argument-mismatch -I/private/tmp/fusion-native-clean-62xzhkrp/repo/external/stellopt-v251/local/libstell_dir -I/opt/homebrew/opt/netcdf-fortran/include -I/opt/homebrew/opt/netcdf/include  -I/opt/homebrew/opt/netcdf-fortran/include -I/opt/homebrew/opt/netcdf/include -I. -c ../Sources/Input_Output/elongation.f
/opt/homebrew/opt/open-mpi/bin/mpif90 -g -O2 -fexternal-blas -fbacktrace -std=legacy -fallow-argument-mismatch -I/private/tmp/fusion-native-clean-62xzhkrp/repo/external/stellopt-v251/local/libstell_dir -I/opt/homebrew/opt/netcdf-fortran/include -I/opt/homebrew/opt/netcdf/include  -I/opt/homebrew/opt/netcdf-fortran/include -I/opt/homebrew/opt/netcdf/include -I. -c ../Sources/Input_Output/write_dcon.f
/opt/homebrew/opt/open-mpi/bin/mpif90 -g -O2 -fexternal-blas -fbacktrace -std=legacy -fallow-argument-mismatch -I/private/tmp/fusion-native-clean-62xzhkrp/repo/external/stellopt-v251/local/libstell_dir -I/opt/homebrew/opt/netcdf-fortran/include -I/opt/homebrew/opt/netcdf/include  -I/opt/homebrew/opt/netcdf-fortran/include -I/opt/homebrew/opt/netcdf/include -I. -c ../Sources/Initialization_Cleanup/reset_params.f
/usr/bin/cpp -traditional -DLINUX -DMPI_OPT -DNETCDF ../Sources/Initialization_Cleanup/profil1d.f
/opt/homebrew/opt/open-mpi/bin/mpif90 -g -O2 -fexternal-blas -fbacktrace -std=legacy -fallow-argument-mismatch -I/private/tmp/fusion-native-clean-62xzhkrp/repo/external/stellopt-v251/local/libstell_dir -I/opt/homebrew/opt/netcdf-fortran/include -I/opt/homebrew/opt/netcdf/include  -I/opt/homebrew/opt/netcdf-fortran/include -I/opt/homebrew/opt/netcdf/include -I.. -c ../Sources/Initialization_Cleanup/profil1d.f
/usr/bin/cpp -traditional -DLINUX -DMPI_OPT -DNETCDF ../Sources/Initialization_Cleanup/initialize_radial.f
/opt/homebrew/opt/open-mpi/bin/mpif90 -g -O2 -fexternal-blas -fbacktrace -std=legacy -fallow-argument-mismatch -I/private/tmp/fusion-native-clean-62xzhkrp/repo/external/stellopt-v251/local/libstell_dir -I/opt/homebrew/opt/netcdf-fortran/include -I/opt/homebrew/opt/netcdf/include  -I/opt/homebrew/opt/netcdf-fortran/include -I/opt/homebrew/opt/netcdf/include -I.. -c ../Sources/Initialization_Cleanup/initialize_radial.f
/usr/bin/cpp -traditional -DLINUX -DMPI_OPT -DNETCDF ../Sources/Initialization_Cleanup/free_mem_nunv.f
/opt/homebrew/opt/open-mpi/bin/mpif90 -g -O2 -fexternal-blas -fbacktrace -std=legacy -fallow-argument-mismatch -I/private/tmp/fusion-native-clean-62xzhkrp/repo/external/stellopt-v251/local/libstell_dir -I/opt/homebrew/opt/netcdf-fortran/include -I/opt/homebrew/opt/netcdf/include  -I/opt/homebrew/opt/netcdf-fortran/include -I/opt/homebrew/opt/netcdf/include -I.. -c ../Sources/Initialization_Cleanup/free_mem_nunv.f
/usr/bin/cpp -traditional -DLINUX -DMPI_OPT -DNETCDF ../Sources/Initialization_Cleanup/vsetup.f
/opt/homebrew/opt/open-mpi/bin/mpif90 -g -O2 -fexternal-blas -fbacktrace -std=legacy -fallow-argument-mismatch -I/private/tmp/fusion-native-clean-62xzhkrp/repo/external/stellopt-v251/local/libstell_dir -I/opt/homebrew/opt/netcdf-fortran/include -I/opt/homebrew/opt/netcdf/include  -I/opt/homebrew/opt/netcdf-fortran/include -I/opt/homebrew/opt/netcdf/include -I.. -c ../Sources/Initialization_Cleanup/vsetup.f
/opt/homebrew/opt/open-mpi/bin/mpif90 -g -O2 -fexternal-blas -fbacktrace -std=legacy -fallow-argument-mismatch -I/private/tmp/fusion-native-clean-62xzhkrp/repo/external/stellopt-v251/local/libstell_dir -I/opt/homebrew/opt/netcdf-fortran/include -I/opt/homebrew/opt/netcdf/include  -I/opt/homebrew/opt/netcdf-fortran/include -I/opt/homebrew/opt/netcdf/include -I. -c ../Sources/Initialization_Cleanup/free_mem_recon.f
/usr/bin/cpp -traditional -DLINUX -DMPI_OPT -DNETCDF ../Sources/Initialization_Cleanup/profil3d.f
/opt/homebrew/opt/open-mpi/bin/mpif90 -g -O2 -fexternal-blas -fbacktrace -std=legacy -fallow-argument-mismatch -I/private/tmp/fusion-native-clean-62xzhkrp/repo/external/stellopt-v251/local/libstell_dir -I/opt/homebrew/opt/netcdf-fortran/include -I/opt/homebrew/opt/netcdf/include  -I/opt/homebrew/opt/netcdf-fortran/include -I/opt/homebrew/opt/netcdf/include -I.. -c ../Sources/Initialization_Cleanup/profil3d.f
/usr/bin/cpp -traditional -DLINUX -DMPI_OPT -DNETCDF ../Sources/Initialization_Cleanup/allocate_nunv.f
/opt/homebrew/opt/open-mpi/bin/mpif90 -g -O2 -fexternal-blas -fbacktrace -std=legacy -fallow-argument-mismatch -I/private/tmp/fusion-native-clean-62xzhkrp/repo/external/stellopt-v251/local/libstell_dir -I/opt/homebrew/opt/netcdf-fortran/include -I/opt/homebrew/opt/netcdf/include  -I/opt/homebrew/opt/netcdf-fortran/include -I/opt/homebrew/opt/netcdf/include -I.. -c ../Sources/Initialization_Cleanup/allocate_nunv.f
/usr/bin/cpp -traditional -DLINUX -DMPI_OPT -DNETCDF ../Sources/Initialization_Cleanup/free_mem_ns.f
/opt/homebrew/opt/open-mpi/bin/mpif90 -g -O2 -fexternal-blas -fbacktrace -std=legacy -fallow-argument-mismatch -I/private/tmp/fusion-native-clean-62xzhkrp/repo/external/stellopt-v251/local/libstell_dir -I/opt/homebrew/opt/netcdf-fortran/include -I/opt/homebrew/opt/netcdf/include  -I/opt/homebrew/opt/netcdf-fortran/include -I/opt/homebrew/opt/netcdf/include -I.. -c ../Sources/Initialization_Cleanup/free_mem_ns.f
/opt/homebrew/opt/open-mpi/bin/mpif90 -g -O2 -fexternal-blas -fbacktrace -std=legacy -fallow-argument-mismatch -I/private/tmp/fusion-native-clean-62xzhkrp/repo/external/stellopt-v251/local/libstell_dir -I/opt/homebrew/opt/netcdf-fortran/include -I/opt/homebrew/opt/netcdf/include  -I/opt/homebrew/opt/netcdf-fortran/include -I/opt/homebrew/opt/netcdf/include -I. -c ../Sources/Initialization_Cleanup/free_persistent_mem.f
/opt/homebrew/opt/open-mpi/bin/mpif90 -g -O2 -fexternal-blas -fbacktrace -std=legacy -fallow-argument-mismatch -I/private/tmp/fusion-native-clean-62xzhkrp/repo/external/stellopt-v251/local/libstell_dir -I/opt/homebrew/opt/netcdf-fortran/include -I/opt/homebrew/opt/netcdf/include  -I/opt/homebrew/opt/netcdf-fortran/include -I/opt/homebrew/opt/netcdf/include -I. -c ../Sources/Initialization_Cleanup/guess_axis.f
/opt/homebrew/opt/open-mpi/bin/mpif90 -g -O2 -fexternal-blas -fbacktrace -std=legacy -fallow-argument-mismatch -I/private/tmp/fusion-native-clean-62xzhkrp/repo/external/stellopt-v251/local/libstell_dir -I/opt/homebrew/opt/netcdf-fortran/include -I/opt/homebrew/opt/netcdf/include  -I/opt/homebrew/opt/netcdf-fortran/include -I/opt/homebrew/opt/netcdf/include -I. -c ../Sources/Initialization_Cleanup/heading.f
/opt/homebrew/opt/open-mpi/bin/mpif90 -g -O2 -fexternal-blas -fbacktrace -std=legacy -fallow-argument-mismatch -I/private/tmp/fusion-native-clean-62xzhkrp/repo/external/stellopt-v251/local/libstell_dir -I/opt/homebrew/opt/netcdf-fortran/include -I/opt/homebrew/opt/netcdf/include  -I/opt/homebrew/opt/netcdf-fortran/include -I/opt/homebrew/opt/netcdf/include -I. -c ../Sources/Initialization_Cleanup/load_xc_from_wout.f
/usr/bin/cpp -traditional -DLINUX -DMPI_OPT -DNETCDF ../Sources/Initialization_Cleanup/fixaray.f
/opt/homebrew/opt/open-mpi/bin/mpif90 -g -O2 -fexternal-blas -fbacktrace -std=legacy -fallow-argument-mismatch -I/private/tmp/fusion-native-clean-62xzhkrp/repo/external/stellopt-v251/local/libstell_dir -I/opt/homebrew/opt/netcdf-fortran/include -I/opt/homebrew/opt/netcdf/include  -I/opt/homebrew/opt/netcdf-fortran/include -I/opt/homebrew/opt/netcdf/include -I.. -c ../Sources/Initialization_Cleanup/fixaray.f
/usr/bin/cpp -traditional -DLINUX -DMPI_OPT -DNETCDF ../Sources/Initialization_Cleanup/allocate_funct3d.f
/opt/homebrew/opt/open-mpi/bin/mpif90 -g -O2 -fexternal-blas -fbacktrace -std=legacy -fallow-argument-mismatch -I/private/tmp/fusion-native-clean-62xzhkrp/repo/external/stellopt-v251/local/libstell_dir -I/opt/homebrew/opt/netcdf-fortran/include -I/opt/homebrew/opt/netcdf/include  -I/opt/homebrew/opt/netcdf-fortran/include -I/opt/homebrew/opt/netcdf/include -I.. -c ../Sources/Initialization_Cleanup/allocate_funct3d.f
/opt/homebrew/opt/open-mpi/bin/mpif90 -g -O2 -fexternal-blas -fbacktrace -std=legacy -fallow-argument-mismatch -I/private/tmp/fusion-native-clean-62xzhkrp/repo/external/stellopt-v251/local/libstell_dir -I/opt/homebrew/opt/netcdf-fortran/include -I/opt/homebrew/opt/netcdf/include  -I/opt/homebrew/opt/netcdf-fortran/include -I/opt/homebrew/opt/netcdf/include -I. -c ../Sources/Initialization_Cleanup/open_output_files.f
/opt/homebrew/opt/open-mpi/bin/mpif90 -g -O2 -fexternal-blas -fbacktrace -std=legacy -fallow-argument-mismatch -I/private/tmp/fusion-native-clean-62xzhkrp/repo/external/stellopt-v251/local/libstell_dir -I/opt/homebrew/opt/netcdf-fortran/include -I/opt/homebrew/opt/netcdf/include  -I/opt/homebrew/opt/netcdf-fortran/include -I/opt/homebrew/opt/netcdf/include -I. -c ../Sources/Initialization_Cleanup/magnetic_fluxes.f
/usr/bin/cpp -traditional -DLINUX -DMPI_OPT -DNETCDF ../Sources/Initialization_Cleanup/free_mem_funct3d.f
/opt/homebrew/opt/open-mpi/bin/mpif90 -g -O2 -fexternal-blas -fbacktrace -std=legacy -fallow-argument-mismatch -I/private/tmp/fusion-native-clean-62xzhkrp/repo/external/stellopt-v251/local/libstell_dir -I/opt/homebrew/opt/netcdf-fortran/include -I/opt/homebrew/opt/netcdf/include  -I/opt/homebrew/opt/netcdf-fortran/include -I/opt/homebrew/opt/netcdf/include -I.. -c ../Sources/Initialization_Cleanup/free_mem_funct3d.f
/opt/homebrew/opt/open-mpi/bin/mpif90 -g -O2 -fexternal-blas -fbacktrace -std=legacy -fallow-argument-mismatch -I/private/tmp/fusion-native-clean-62xzhkrp/repo/external/stellopt-v251/local/libstell_dir -I/opt/homebrew/opt/netcdf-fortran/include -I/opt/homebrew/opt/netcdf/include  -I/opt/homebrew/opt/netcdf-fortran/include -I/opt/homebrew/opt/netcdf/include -I. -c ../Sources/Initialization_Cleanup/close_all_files.f
/usr/bin/cpp -traditional -DLINUX -DMPI_OPT -DNETCDF ../Sources/Initialization_Cleanup/allocate_ns.f
/opt/homebrew/opt/open-mpi/bin/mpif90 -g -O2 -fexternal-blas -fbacktrace -std=legacy -fallow-argument-mismatch -I/private/tmp/fusion-native-clean-62xzhkrp/repo/external/stellopt-v251/local/libstell_dir -I/opt/homebrew/opt/netcdf-fortran/include -I/opt/homebrew/opt/netcdf/include  -I/opt/homebrew/opt/netcdf-fortran/include -I/opt/homebrew/opt/netcdf/include -I.. -c ../Sources/Initialization_Cleanup/allocate_ns.f
/opt/homebrew/opt/open-mpi/bin/mpif90 -g -O2 -fexternal-blas -fbacktrace -std=legacy -fallow-argument-mismatch -I/private/tmp/fusion-native-clean-62xzhkrp/repo/external/stellopt-v251/local/libstell_dir -I/opt/homebrew/opt/netcdf-fortran/include -I/opt/homebrew/opt/netcdf/include  -I/opt/homebrew/opt/netcdf-fortran/include -I/opt/homebrew/opt/netcdf/include -I. -c ../Sources/Reconstruction/getpresprofile.f
/opt/homebrew/opt/open-mpi/bin/mpif90 -g -O2 -fexternal-blas -fbacktrace -std=legacy -fallow-argument-mismatch -I/private/tmp/fusion-native-clean-62xzhkrp/repo/external/stellopt-v251/local/libstell_dir -I/opt/homebrew/opt/netcdf-fortran/include -I/opt/homebrew/opt/netcdf/include  -I/opt/homebrew/opt/netcdf-fortran/include -I/opt/homebrew/opt/netcdf/include -I. -c ../Sources/Reconstruction/getlim.f
/opt/homebrew/opt/open-mpi/bin/mpif90 -g -O2 -fexternal-blas -fbacktrace -std=legacy -fallow-argument-mismatch -I/private/tmp/fusion-native-clean-62xzhkrp/repo/external/stellopt-v251/local/libstell_dir -I/opt/homebrew/opt/netcdf-fortran/include -I/opt/homebrew/opt/netcdf/include  -I/opt/homebrew/opt/netcdf-fortran/include -I/opt/homebrew/opt/netcdf/include -I. -c ../Sources/Reconstruction/readrecon.f
/opt/homebrew/opt/open-mpi/bin/mpif90 -g -O2 -fexternal-blas -fbacktrace -std=legacy -fallow-argument-mismatch -I/private/tmp/fusion-native-clean-62xzhkrp/repo/external/stellopt-v251/local/libstell_dir -I/opt/homebrew/opt/netcdf-fortran/include -I/opt/homebrew/opt/netcdf/include  -I/opt/homebrew/opt/netcdf-fortran/include -I/opt/homebrew/opt/netcdf/include -I. -c ../Sources/Reconstruction/newphi.f
/opt/homebrew/opt/open-mpi/bin/mpif90 -g -O2 -fexternal-blas -fbacktrace -std=legacy -fallow-argument-mismatch -I/private/tmp/fusion-native-clean-62xzhkrp/repo/external/stellopt-v251/local/libstell_dir -I/opt/homebrew/opt/netcdf-fortran/include -I/opt/homebrew/opt/netcdf/include  -I/opt/homebrew/opt/netcdf-fortran/include -I/opt/homebrew/opt/netcdf/include -I. -c ../Sources/Reconstruction/store_chisq.f
/opt/homebrew/opt/open-mpi/bin/mpif90 -g -O2 -fexternal-blas -fbacktrace -std=legacy -fallow-argument-mismatch -I/private/tmp/fusion-native-clean-62xzhkrp/repo/external/stellopt-v251/local/libstell_dir -I/opt/homebrew/opt/netcdf-fortran/include -I/opt/homebrew/opt/netcdf/include  -I/opt/homebrew/opt/netcdf-fortran/include -I/opt/homebrew/opt/netcdf/include -I. -c ../Sources/Reconstruction/grnbfld.f
/opt/homebrew/opt/open-mpi/bin/mpif90 -g -O2 -fexternal-blas -fbacktrace -std=legacy -fallow-argument-mismatch -I/private/tmp/fusion-native-clean-62xzhkrp/repo/external/stellopt-v251/local/libstell_dir -I/opt/homebrew/opt/netcdf-fortran/include -I/opt/homebrew/opt/netcdf/include  -I/opt/homebrew/opt/netcdf-fortran/include -I/opt/homebrew/opt/netcdf/include -I. -c ../Sources/Reconstruction/getdiam.f
/opt/homebrew/opt/open-mpi/bin/mpif90 -g -O2 -fexternal-blas -fbacktrace -std=legacy -fallow-argument-mismatch -I/private/tmp/fusion-native-clean-62xzhkrp/repo/external/stellopt-v251/local/libstell_dir -I/opt/homebrew/opt/netcdf-fortran/include -I/opt/homebrew/opt/netcdf/include  -I/opt/homebrew/opt/netcdf-fortran/include -I/opt/homebrew/opt/netcdf/include -I. -c ../Sources/Reconstruction/gettflux.f
/opt/homebrew/opt/open-mpi/bin/mpif90 -g -O2 -fexternal-blas -fbacktrace -std=legacy -fallow-argument-mismatch -I/private/tmp/fusion-native-clean-62xzhkrp/repo/external/stellopt-v251/local/libstell_dir -I/opt/homebrew/opt/netcdf-fortran/include -I/opt/homebrew/opt/netcdf/include  -I/opt/homebrew/opt/netcdf-fortran/include -I/opt/homebrew/opt/netcdf/include -I. -c ../Sources/Reconstruction/pofs.f
/opt/homebrew/opt/open-mpi/bin/mpif90 -g -O2 -fexternal-blas -fbacktrace -std=legacy -fallow-argument-mismatch -I/private/tmp/fusion-native-clean-62xzhkrp/repo/external/stellopt-v251/local/libstell_dir -I/opt/homebrew/opt/netcdf-fortran/include -I/opt/homebrew/opt/netcdf/include  -I/opt/homebrew/opt/netcdf-fortran/include -I/opt/homebrew/opt/netcdf/include -I. -c ../Sources/Reconstruction/radfor.f
/opt/homebrew/opt/open-mpi/bin/mpif90 -g -O2 -fexternal-blas -fbacktrace -std=legacy -fallow-argument-mismatch -I/private/tmp/fusion-native-clean-62xzhkrp/repo/external/stellopt-v251/local/libstell_dir -I/opt/homebrew/opt/netcdf-fortran/include -I/opt/homebrew/opt/netcdf/include  -I/opt/homebrew/opt/netcdf-fortran/include -I/opt/homebrew/opt/netcdf/include -I. -c ../Sources/Reconstruction/fixrecon.f
/opt/homebrew/opt/open-mpi/bin/mpif90 -g -O2 -fexternal-blas -fbacktrace -std=legacy -fallow-argument-mismatch -I/private/tmp/fusion-native-clean-62xzhkrp/repo/external/stellopt-v251/local/libstell_dir -I/opt/homebrew/opt/netcdf-fortran/include -I/opt/homebrew/opt/netcdf/include  -I/opt/homebrew/opt/netcdf-fortran/include -I/opt/homebrew/opt/netcdf/include -I. -c ../Sources/Reconstruction/grnflx.f
/opt/homebrew/opt/open-mpi/bin/mpif90 -g -O2 -fexternal-blas -fbacktrace -std=legacy -fallow-argument-mismatch -I/private/tmp/fusion-native-clean-62xzhkrp/repo/external/stellopt-v251/local/libstell_dir -I/opt/homebrew/opt/netcdf-fortran/include -I/opt/homebrew/opt/netcdf/include  -I/opt/homebrew/opt/netcdf-fortran/include -I/opt/homebrew/opt/netcdf/include -I. -c ../Sources/Reconstruction/getbfld.f
/opt/homebrew/opt/open-mpi/bin/mpif90 -g -O2 -fexternal-blas -fbacktrace -std=legacy -fallow-argument-mismatch -I/private/tmp/fusion-native-clean-62xzhkrp/repo/external/stellopt-v251/local/libstell_dir -I/opt/homebrew/opt/netcdf-fortran/include -I/opt/homebrew/opt/netcdf/include  -I/opt/homebrew/opt/netcdf-fortran/include -I/opt/homebrew/opt/netcdf/include -I. -c ../Sources/Reconstruction/getflux.f
/opt/homebrew/opt/open-mpi/bin/mpif90 -g -O2 -fexternal-blas -fbacktrace -std=legacy -fallow-argument-mismatch -I/private/tmp/fusion-native-clean-62xzhkrp/repo/external/stellopt-v251/local/libstell_dir -I/opt/homebrew/opt/netcdf-fortran/include -I/opt/homebrew/opt/netcdf/include  -I/opt/homebrew/opt/netcdf-fortran/include -I/opt/homebrew/opt/netcdf/include -I. -c ../Sources/Reconstruction/findphi.f
/opt/homebrew/opt/open-mpi/bin/mpif90 -g -O2 -fexternal-blas -fbacktrace -std=legacy -fallow-argument-mismatch -I/private/tmp/fusion-native-clean-62xzhkrp/repo/external/stellopt-v251/local/libstell_dir -I/opt/homebrew/opt/netcdf-fortran/include -I/opt/homebrew/opt/netcdf/include  -I/opt/homebrew/opt/netcdf-fortran/include -I/opt/homebrew/opt/netcdf/include -I. -c ../Sources/Reconstruction/smoothdata.f
/opt/homebrew/opt/open-mpi/bin/mpif90 -g -O2 -fexternal-blas -fbacktrace -std=legacy -fallow-argument-mismatch -I/private/tmp/fusion-native-clean-62xzhkrp/repo/external/stellopt-v251/local/libstell_dir -I/opt/homebrew/opt/netcdf-fortran/include -I/opt/homebrew/opt/netcdf/include  -I/opt/homebrew/opt/netcdf-fortran/include -I/opt/homebrew/opt/netcdf/include -I. -c ../Sources/Reconstruction/flux_init.f
/opt/homebrew/opt/open-mpi/bin/mpif90 -g -O2 -fexternal-blas -fbacktrace -std=legacy -fallow-argument-mismatch -I/private/tmp/fusion-native-clean-62xzhkrp/repo/external/stellopt-v251/local/libstell_dir -I/opt/homebrew/opt/netcdf-fortran/include -I/opt/homebrew/opt/netcdf/include  -I/opt/homebrew/opt/netcdf-fortran/include -I/opt/homebrew/opt/netcdf/include -I. -c ../Sources/Reconstruction/movephi1.f
/opt/homebrew/opt/open-mpi/bin/mpif90 -g -O2 -fexternal-blas -fbacktrace -std=legacy -fallow-argument-mismatch -I/private/tmp/fusion-native-clean-62xzhkrp/repo/external/stellopt-v251/local/libstell_dir -I/opt/homebrew/opt/netcdf-fortran/include -I/opt/homebrew/opt/netcdf/include  -I/opt/homebrew/opt/netcdf-fortran/include -I/opt/homebrew/opt/netcdf/include -I. -c ../Sources/Reconstruction/printmatrix.f
/opt/homebrew/opt/open-mpi/bin/mpif90 -g -O2 -fexternal-blas -fbacktrace -std=legacy -fallow-argument-mismatch -I/private/tmp/fusion-native-clean-62xzhkrp/repo/external/stellopt-v251/local/libstell_dir -I/opt/homebrew/opt/netcdf-fortran/include -I/opt/homebrew/opt/netcdf/include  -I/opt/homebrew/opt/netcdf-fortran/include -I/opt/homebrew/opt/netcdf/include -I. -c ../Sources/Reconstruction/axisopt.f
/opt/homebrew/opt/open-mpi/bin/mpif90 -g -O2 -fexternal-blas -fbacktrace -std=legacy -fallow-argument-mismatch -I/private/tmp/fusion-native-clean-62xzhkrp/repo/external/stellopt-v251/local/libstell_dir -I/opt/homebrew/opt/netcdf-fortran/include -I/opt/homebrew/opt/netcdf/include  -I/opt/homebrew/opt/netcdf-fortran/include -I/opt/homebrew/opt/netcdf/include -I. -c ../Sources/Reconstruction/sgemvmm.f
/opt/homebrew/opt/open-mpi/bin/mpif90 -g -O2 -fexternal-blas -fbacktrace -std=legacy -fallow-argument-mismatch -I/private/tmp/fusion-native-clean-62xzhkrp/repo/external/stellopt-v251/local/libstell_dir -I/opt/homebrew/opt/netcdf-fortran/include -I/opt/homebrew/opt/netcdf/include  -I/opt/homebrew/opt/netcdf-fortran/include -I/opt/homebrew/opt/netcdf/include -I. -c ../Sources/Reconstruction/lamfull.f
/opt/homebrew/opt/open-mpi/bin/mpif90 -g -O2 -fexternal-blas -fbacktrace -std=legacy -fallow-argument-mismatch -I/private/tmp/fusion-native-clean-62xzhkrp/repo/external/stellopt-v251/local/libstell_dir -I/opt/homebrew/opt/netcdf-fortran/include -I/opt/homebrew/opt/netcdf/include  -I/opt/homebrew/opt/netcdf-fortran/include -I/opt/homebrew/opt/netcdf/include -I. -c ../Sources/Reconstruction/getgreen.f
/opt/homebrew/opt/open-mpi/bin/mpif90 -g -O2 -fexternal-blas -fbacktrace -std=legacy -fallow-argument-mismatch -I/private/tmp/fusion-native-clean-62xzhkrp/repo/external/stellopt-v251/local/libstell_dir -I/opt/homebrew/opt/netcdf-fortran/include -I/opt/homebrew/opt/netcdf/include  -I/opt/homebrew/opt/netcdf-fortran/include -I/opt/homebrew/opt/netcdf/include -I. -c ../Sources/Reconstruction/getthom.f
/opt/homebrew/opt/open-mpi/bin/mpif90 -g -O2 -fexternal-blas -fbacktrace -std=legacy -fallow-argument-mismatch -I/private/tmp/fusion-native-clean-62xzhkrp/repo/external/stellopt-v251/local/libstell_dir -I/opt/homebrew/opt/netcdf-fortran/include -I/opt/homebrew/opt/netcdf/include  -I/opt/homebrew/opt/netcdf-fortran/include -I/opt/homebrew/opt/netcdf/include -I. -c ../Sources/Reconstruction/newprofil.f
/opt/homebrew/opt/open-mpi/bin/mpif90 -g -O2 -fexternal-blas -fbacktrace -std=legacy -fallow-argument-mismatch -I/private/tmp/fusion-native-clean-62xzhkrp/repo/external/stellopt-v251/local/libstell_dir -I/opt/homebrew/opt/netcdf-fortran/include -I/opt/homebrew/opt/netcdf/include  -I/opt/homebrew/opt/netcdf-fortran/include -I/opt/homebrew/opt/netcdf/include -I. -c ../Sources/Reconstruction/getmse.f
/opt/homebrew/opt/open-mpi/bin/mpif90 -g -O2 -fexternal-blas -fbacktrace -std=legacy -fallow-argument-mismatch -I/private/tmp/fusion-native-clean-62xzhkrp/repo/external/stellopt-v251/local/libstell_dir -I/opt/homebrew/opt/netcdf-fortran/include -I/opt/homebrew/opt/netcdf/include  -I/opt/homebrew/opt/netcdf-fortran/include -I/opt/homebrew/opt/netcdf/include -I. -c ../Sources/Reconstruction/cauchy.f
/opt/homebrew/opt/open-mpi/bin/mpif90 -g -O2 -fexternal-blas -fbacktrace -std=legacy -fallow-argument-mismatch -I/private/tmp/fusion-native-clean-62xzhkrp/repo/external/stellopt-v251/local/libstell_dir -I/opt/homebrew/opt/netcdf-fortran/include -I/opt/homebrew/opt/netcdf/include  -I/opt/homebrew/opt/netcdf-fortran/include -I/opt/homebrew/opt/netcdf/include -I. -c ../Sources/Reconstruction/storesvd.f
/opt/homebrew/opt/open-mpi/bin/mpif90 -g -O2 -fexternal-blas -fbacktrace -std=legacy -fallow-argument-mismatch -I/private/tmp/fusion-native-clean-62xzhkrp/repo/external/stellopt-v251/local/libstell_dir -I/opt/homebrew/opt/netcdf-fortran/include -I/opt/homebrew/opt/netcdf/include  -I/opt/homebrew/opt/netcdf-fortran/include -I/opt/homebrew/opt/netcdf/include -I. -c ../Sources/Reconstruction/chisq.f
/opt/homebrew/opt/open-mpi/bin/mpif90 -g -O2 -fexternal-blas -fbacktrace -std=legacy -fallow-argument-mismatch -I/private/tmp/fusion-native-clean-62xzhkrp/repo/external/stellopt-v251/local/libstell_dir -I/opt/homebrew/opt/netcdf-fortran/include -I/opt/homebrew/opt/netcdf/include  -I/opt/homebrew/opt/netcdf-fortran/include -I/opt/homebrew/opt/netcdf/include -I. -c ../Sources/Splines/initspline.f
/opt/homebrew/opt/open-mpi/bin/mpif90 -g -O2 -fexternal-blas -fbacktrace -std=legacy -fallow-argument-mismatch -I/private/tmp/fusion-native-clean-62xzhkrp/repo/external/stellopt-v251/local/libstell_dir -I/opt/homebrew/opt/netcdf-fortran/include -I/opt/homebrew/opt/netcdf/include  -I/opt/homebrew/opt/netcdf-fortran/include -I/opt/homebrew/opt/netcdf/include -I. -c ../Sources/Splines/setup_int.f
/opt/homebrew/opt/open-mpi/bin/mpif90 -g -O2 -fexternal-blas -fbacktrace -std=legacy -fallow-argument-mismatch -I/private/tmp/fusion-native-clean-62xzhkrp/repo/external/stellopt-v251/local/libstell_dir -I/opt/homebrew/opt/netcdf-fortran/include -I/opt/homebrew/opt/netcdf/include  -I/opt/homebrew/opt/netcdf-fortran/include -I/opt/homebrew/opt/netcdf/include -I. -c ../Sources/Splines/getspline.f
/opt/homebrew/opt/open-mpi/bin/mpif90 -g -O2 -fexternal-blas -fbacktrace -std=legacy -fallow-argument-mismatch -I/private/tmp/fusion-native-clean-62xzhkrp/repo/external/stellopt-v251/local/libstell_dir -I/opt/homebrew/opt/netcdf-fortran/include -I/opt/homebrew/opt/netcdf/include  -I/opt/homebrew/opt/netcdf-fortran/include -I/opt/homebrew/opt/netcdf/include -I. -c ../Sources/Splines/splints.f
/opt/homebrew/opt/open-mpi/bin/mpif90 -g -O2 -fexternal-blas -fbacktrace -std=legacy -fallow-argument-mismatch -I/private/tmp/fusion-native-clean-62xzhkrp/repo/external/stellopt-v251/local/libstell_dir -I/opt/homebrew/opt/netcdf-fortran/include -I/opt/homebrew/opt/netcdf/include  -I/opt/homebrew/opt/netcdf-fortran/include -I/opt/homebrew/opt/netcdf/include -I. -c ../Sources/Splines/splintx.f
/opt/homebrew/opt/open-mpi/bin/mpif90 -g -O2 -fexternal-blas -fbacktrace -std=legacy -fallow-argument-mismatch -I/private/tmp/fusion-native-clean-62xzhkrp/repo/external/stellopt-v251/local/libstell_dir -I/opt/homebrew/opt/netcdf-fortran/include -I/opt/homebrew/opt/netcdf/include  -I/opt/homebrew/opt/netcdf-fortran/include -I/opt/homebrew/opt/netcdf/include -I. -c ../Sources/Splines/add_tension.f
/opt/homebrew/opt/open-mpi/bin/mpif90 -g -O2 -fexternal-blas -fbacktrace -std=legacy -fallow-argument-mismatch -I/private/tmp/fusion-native-clean-62xzhkrp/repo/external/stellopt-v251/local/libstell_dir -I/opt/homebrew/opt/netcdf-fortran/include -I/opt/homebrew/opt/netcdf/include  -I/opt/homebrew/opt/netcdf-fortran/include -I/opt/homebrew/opt/netcdf/include -I. -c ../Sources/Splines/set_dual.f
/opt/homebrew/opt/open-mpi/bin/mpif90 -g -O2 -fexternal-blas -fbacktrace -std=legacy -fallow-argument-mismatch -I/private/tmp/fusion-native-clean-62xzhkrp/repo/external/stellopt-v251/local/libstell_dir -I/opt/homebrew/opt/netcdf-fortran/include -I/opt/homebrew/opt/netcdf/include  -I/opt/homebrew/opt/netcdf-fortran/include -I/opt/homebrew/opt/netcdf/include -I. -c ../Sources/Splines/gety2.f
/opt/homebrew/opt/open-mpi/bin/mpif90 -g -O2 -fexternal-blas -fbacktrace -std=legacy -fallow-argument-mismatch -I/private/tmp/fusion-native-clean-62xzhkrp/repo/external/stellopt-v251/local/libstell_dir -I/opt/homebrew/opt/netcdf-fortran/include -I/opt/homebrew/opt/netcdf/include  -I/opt/homebrew/opt/netcdf-fortran/include -I/opt/homebrew/opt/netcdf/include -I. -c ../Sources/Splines/jacprod.f
/opt/homebrew/opt/open-mpi/bin/mpif90 -g -O2 -fexternal-blas -fbacktrace -std=legacy -fallow-argument-mismatch -I/private/tmp/fusion-native-clean-62xzhkrp/repo/external/stellopt-v251/local/libstell_dir -I/opt/homebrew/opt/netcdf-fortran/include -I/opt/homebrew/opt/netcdf/include  -I/opt/homebrew/opt/netcdf-fortran/include -I/opt/homebrew/opt/netcdf/include -I. -c ../Sources/Splines/sort_data.f
/opt/homebrew/opt/open-mpi/bin/mpif90 -g -O2 -fexternal-blas -fbacktrace -std=legacy -fallow-argument-mismatch -I/private/tmp/fusion-native-clean-62xzhkrp/repo/external/stellopt-v251/local/libstell_dir -I/opt/homebrew/opt/netcdf-fortran/include -I/opt/homebrew/opt/netcdf/include  -I/opt/homebrew/opt/netcdf-fortran/include -I/opt/homebrew/opt/netcdf/include -I. -c ../Sources/Splines/splinint.f
/opt/homebrew/opt/open-mpi/bin/mpif90 -g -O2 -fexternal-blas -fbacktrace -std=legacy -fallow-argument-mismatch -I/private/tmp/fusion-native-clean-62xzhkrp/repo/external/stellopt-v251/local/libstell_dir -I/opt/homebrew/opt/netcdf-fortran/include -I/opt/homebrew/opt/netcdf/include  -I/opt/homebrew/opt/netcdf-fortran/include -I/opt/homebrew/opt/netcdf/include -I. -c ../Sources/Splines/setspline.f
/usr/bin/cpp -traditional -DLINUX -DMPI_OPT -DNETCDF ../Sources/General/tomnsp_mod.f
/opt/homebrew/opt/open-mpi/bin/mpif90 -g -O2 -fexternal-blas -fbacktrace -std=legacy -fallow-argument-mismatch -I/private/tmp/fusion-native-clean-62xzhkrp/repo/external/stellopt-v251/local/libstell_dir -I/opt/homebrew/opt/netcdf-fortran/include -I/opt/homebrew/opt/netcdf/include  -I/opt/homebrew/opt/netcdf-fortran/include -I/opt/homebrew/opt/netcdf/include -I.. -c ../Sources/General/tomnsp_mod.f
/opt/homebrew/opt/open-mpi/bin/mpif90 -g -O2 -fexternal-blas -fbacktrace -std=legacy -fallow-argument-mismatch -I/private/tmp/fusion-native-clean-62xzhkrp/repo/external/stellopt-v251/local/libstell_dir -I/opt/homebrew/opt/netcdf-fortran/include -I/opt/homebrew/opt/netcdf/include  -I/opt/homebrew/opt/netcdf-fortran/include -I/opt/homebrew/opt/netcdf/include -I. -c ../Sources/General/aspectratio.f
/usr/bin/cpp -traditional -DLINUX -DMPI_OPT -DNETCDF ../Sources/General/funct3d.f
/opt/homebrew/opt/open-mpi/bin/mpif90 -g -O2 -fexternal-blas -fbacktrace -std=legacy -fallow-argument-mismatch -I/private/tmp/fusion-native-clean-62xzhkrp/repo/external/stellopt-v251/local/libstell_dir -I/opt/homebrew/opt/netcdf-fortran/include -I/opt/homebrew/opt/netcdf/include  -I/opt/homebrew/opt/netcdf-fortran/include -I/opt/homebrew/opt/netcdf/include -I.. -c ../Sources/General/funct3d.f
/opt/homebrew/opt/open-mpi/bin/mpif90 -g -O2 -fexternal-blas -fbacktrace -std=legacy -fallow-argument-mismatch -I/private/tmp/fusion-native-clean-62xzhkrp/repo/external/stellopt-v251/local/libstell_dir -I/opt/homebrew/opt/netcdf-fortran/include -I/opt/homebrew/opt/netcdf/include  -I/opt/homebrew/opt/netcdf-fortran/include -I/opt/homebrew/opt/netcdf/include -I. -c ../Sources/General/symrzl.f
/usr/bin/cpp -traditional -DLINUX -DMPI_OPT -DNETCDF ../Sources/General/spectrum.f
/opt/homebrew/opt/open-mpi/bin/mpif90 -g -O2 -fexternal-blas -fbacktrace -std=legacy -fallow-argument-mismatch -I/private/tmp/fusion-native-clean-62xzhkrp/repo/external/stellopt-v251/local/libstell_dir -I/opt/homebrew/opt/netcdf-fortran/include -I/opt/homebrew/opt/netcdf/include  -I/opt/homebrew/opt/netcdf-fortran/include -I/opt/homebrew/opt/netcdf/include -I.. -c ../Sources/General/spectrum.f
/opt/homebrew/opt/open-mpi/bin/mpif90 -g -O2 -fexternal-blas -fbacktrace -std=legacy -fallow-argument-mismatch -I/private/tmp/fusion-native-clean-62xzhkrp/repo/external/stellopt-v251/local/libstell_dir -I/opt/homebrew/opt/netcdf-fortran/include -I/opt/homebrew/opt/netcdf/include  -I/opt/homebrew/opt/netcdf-fortran/include -I/opt/homebrew/opt/netcdf/include -I. -c ../Sources/General/scalfor.f
/opt/homebrew/opt/open-mpi/bin/mpif90 -g -O2 -fexternal-blas -fbacktrace -std=legacy -fallow-argument-mismatch -I/private/tmp/fusion-native-clean-62xzhkrp/repo/external/stellopt-v251/local/libstell_dir -I/opt/homebrew/opt/netcdf-fortran/include -I/opt/homebrew/opt/netcdf/include  -I/opt/homebrew/opt/netcdf-fortran/include -I/opt/homebrew/opt/netcdf/include -I. -c ../Sources/General/alias.f
/opt/homebrew/opt/open-mpi/bin/mpif90 -ffree-form -ffree-line-length-none -ffixed-line-length-none -g -O2 -fexternal-blas -fbacktrace -std=legacy -fallow-argument-mismatch -I/private/tmp/fusion-native-clean-62xzhkrp/repo/external/stellopt-v251/local/libstell_dir -I/opt/homebrew/opt/netcdf-fortran/include -I/opt/homebrew/opt/netcdf/include  -I/opt/homebrew/opt/netcdf-fortran/include -I/opt/homebrew/opt/netcdf/include -I. -c ../Sources/General/lamcal.f90
/usr/bin/cpp -traditional -DLINUX -DMPI_OPT -DNETCDF ../Sources/General/bcovar.f
/opt/homebrew/opt/open-mpi/bin/mpif90 -g -O2 -fexternal-blas -fbacktrace -std=legacy -fallow-argument-mismatch -I/private/tmp/fusion-native-clean-62xzhkrp/repo/external/stellopt-v251/local/libstell_dir -I/opt/homebrew/opt/netcdf-fortran/include -I/opt/homebrew/opt/netcdf/include  -I/opt/homebrew/opt/netcdf-fortran/include -I/opt/homebrew/opt/netcdf/include -I.. -c ../Sources/General/bcovar.f
/opt/homebrew/opt/open-mpi/bin/mpif90 -g -O2 -fexternal-blas -fbacktrace -std=legacy -fallow-argument-mismatch -I/private/tmp/fusion-native-clean-62xzhkrp/repo/external/stellopt-v251/local/libstell_dir -I/opt/homebrew/opt/netcdf-fortran/include -I/opt/homebrew/opt/netcdf/include  -I/opt/homebrew/opt/netcdf-fortran/include -I/opt/homebrew/opt/netcdf/include -I. -c ../Sources/General/getfsq.f
/usr/bin/cpp -traditional -DLINUX -DMPI_OPT -DNETCDF ../Sources/General/angle_constraints.f90
/opt/homebrew/opt/open-mpi/bin/mpif90 -ffree-form -ffree-line-length-none -ffixed-line-length-none -g -O2 -fexternal-blas -fbacktrace -std=legacy -fallow-argument-mismatch -I/private/tmp/fusion-native-clean-62xzhkrp/repo/external/stellopt-v251/local/libstell_dir -I/opt/homebrew/opt/netcdf-fortran/include -I/opt/homebrew/opt/netcdf/include  -I/opt/homebrew/opt/netcdf-fortran/include -I/opt/homebrew/opt/netcdf/include -I.. -c ../Sources/General/angle_constraints.f90
/usr/bin/cpp -traditional -DLINUX -DMPI_OPT -DNETCDF ../Sources/General/forces.f
/opt/homebrew/opt/open-mpi/bin/mpif90 -g -O2 -fexternal-blas -fbacktrace -std=legacy -fallow-argument-mismatch -I/private/tmp/fusion-native-clean-62xzhkrp/repo/external/stellopt-v251/local/libstell_dir -I/opt/homebrew/opt/netcdf-fortran/include -I/opt/homebrew/opt/netcdf/include  -I/opt/homebrew/opt/netcdf-fortran/include -I/opt/homebrew/opt/netcdf/include -I.. -c ../Sources/General/forces.f
/opt/homebrew/opt/open-mpi/bin/mpif90 -g -O2 -fexternal-blas -fbacktrace -std=legacy -fallow-argument-mismatch -I/private/tmp/fusion-native-clean-62xzhkrp/repo/external/stellopt-v251/local/libstell_dir -I/opt/homebrew/opt/netcdf-fortran/include -I/opt/homebrew/opt/netcdf/include  -I/opt/homebrew/opt/netcdf-fortran/include -I/opt/homebrew/opt/netcdf/include -I. -c ../Sources/General/convert.f
/usr/bin/cpp -traditional -DLINUX -DMPI_OPT -DNETCDF ../Sources/General/precondn.f
/opt/homebrew/opt/open-mpi/bin/mpif90 -g -O2 -fexternal-blas -fbacktrace -std=legacy -fallow-argument-mismatch -I/private/tmp/fusion-native-clean-62xzhkrp/repo/external/stellopt-v251/local/libstell_dir -I/opt/homebrew/opt/netcdf-fortran/include -I/opt/homebrew/opt/netcdf/include  -I/opt/homebrew/opt/netcdf-fortran/include -I/opt/homebrew/opt/netcdf/include -I.. -c ../Sources/General/precondn.f
/usr/bin/cpp -traditional -DLINUX -DMPI_OPT -DNETCDF ../Sources/General/residue.f90
/opt/homebrew/opt/open-mpi/bin/mpif90 -ffree-form -ffree-line-length-none -ffixed-line-length-none -g -O2 -fexternal-blas -fbacktrace -std=legacy -fallow-argument-mismatch -I/private/tmp/fusion-native-clean-62xzhkrp/repo/external/stellopt-v251/local/libstell_dir -I/opt/homebrew/opt/netcdf-fortran/include -I/opt/homebrew/opt/netcdf/include  -I/opt/homebrew/opt/netcdf-fortran/include -I/opt/homebrew/opt/netcdf/include -I.. -c ../Sources/General/residue.f90
/usr/bin/cpp -traditional -DLINUX -DMPI_OPT -DNETCDF ../Sources/General/symforce.f
/opt/homebrew/opt/open-mpi/bin/mpif90 -g -O2 -fexternal-blas -fbacktrace -std=legacy -fallow-argument-mismatch -I/private/tmp/fusion-native-clean-62xzhkrp/repo/external/stellopt-v251/local/libstell_dir -I/opt/homebrew/opt/netcdf-fortran/include -I/opt/homebrew/opt/netcdf/include  -I/opt/homebrew/opt/netcdf-fortran/include -I/opt/homebrew/opt/netcdf/include -I.. -c ../Sources/General/symforce.f
/usr/bin/cpp -traditional -DLINUX -DMPI_OPT -DNETCDF ../Sources/General/add_fluxes.f90
/opt/homebrew/opt/open-mpi/bin/mpif90 -ffree-form -ffree-line-length-none -ffixed-line-length-none -g -O2 -fexternal-blas -fbacktrace -std=legacy -fallow-argument-mismatch -I/private/tmp/fusion-native-clean-62xzhkrp/repo/external/stellopt-v251/local/libstell_dir -I/opt/homebrew/opt/netcdf-fortran/include -I/opt/homebrew/opt/netcdf/include  -I/opt/homebrew/opt/netcdf-fortran/include -I/opt/homebrew/opt/netcdf/include -I.. -c ../Sources/General/add_fluxes.f90
/opt/homebrew/opt/open-mpi/bin/mpif90 -g -O2 -fexternal-blas -fbacktrace -std=legacy -fallow-argument-mismatch -I/private/tmp/fusion-native-clean-62xzhkrp/repo/external/stellopt-v251/local/libstell_dir -I/opt/homebrew/opt/netcdf-fortran/include -I/opt/homebrew/opt/netcdf/include  -I/opt/homebrew/opt/netcdf-fortran/include -I/opt/homebrew/opt/netcdf/include -I. -c ../Sources/General/jacobian.f
/opt/homebrew/opt/open-mpi/bin/mpif90 -g -O2 -fexternal-blas -fbacktrace -std=legacy -fallow-argument-mismatch -I/private/tmp/fusion-native-clean-62xzhkrp/repo/external/stellopt-v251/local/libstell_dir -I/opt/homebrew/opt/netcdf-fortran/include -I/opt/homebrew/opt/netcdf/include -o  xvmec2000 restart.o evolve.o runvmec.o gmres_mod.o interp.o vmec_history.o eqsolve.o vmec.o surface.o bextern.o analyt.o vacuum.o vac_persistent.o analysum2.o vacmod.o greenf.o belicu.o tolicu.o scalpot.o fourp.o vacmod0.o analysum.o precal.o becoil.o fouri.o TestWout.o wroutlim.o jxbforce.o wrout.o vmec_io.o getbrho.o freeb_data.o dump_output.o eqfor.o bss.o read_indata.o fsym_fft.o fileout.o movieout.o getcurmid.o vmercier.o magnetics_data.o printout.o mercier.o fsym_invfft.o readin.o elongation.o write_dcon.o timer_sub.o reset_params.o profil1d.o initialize_radial.o free_mem_nunv.o vsetup.o free_mem_recon.o profil3d.o allocate_nunv.o free_mem_ns.o free_persistent_mem.o init_geometry.o guess_axis.o heading.o load_xc_from_wout.o fixaray.o allocate_funct3d.o open_output_files.o magnetic_fluxes.o free_mem_funct3d.o close_all_files.o allocate_ns.o getpresprofile.o getlim.o readrecon.o newphi.o store_chisq.o grnbfld.o getdiam.o gettflux.o pofs.o radfor.o fixrecon.o grnflx.o getbfld.o getflux.o findphi.o smoothdata.o flux_init.o movephi1.o printmatrix.o axisopt.o sgemvmm.o lamfull.o getgreen.o getthom.o newprofil.o getmse.o vsvd.o cauchy.o storesvd.o chisq.o precon2d.o initspline.o setup_int.o getspline.o splints.o splintx.o add_tension.o set_dual.o gety2.o jacprod.o sort_data.o splinint.o setspline.o vspline.o tomnsp_mod.o aspectratio.o funct3d.o symrzl.o fbal.o totzsp_mod.o csplinx.o vforces.o spectrum.o vmec_params.o xstuff.o scalfor.o realspace.o alias.o lamcal.o directaccess.o bcovar.o vmec_persistent.o getfsq.o angle_constraints.o forces.o convert.o precondn.o vmec_dim.o residue.o symforce.o add_fluxes.o jacobian.o vmec_main.o      ../../LIBSTELL/Release/libstell.a -L/opt/homebrew/opt/lapack/lib -llapack -lblas -L/opt/homebrew/opt/netcdf-fortran/lib -lnetcdff -L/opt/homebrew/opt/netcdf/lib -lnetcdf
Release version - xvmec2000 - is now updated
To free up space, delete all *.o files from Release

a2fdf45bb885a5f283f6b97af727c8056ff777fb746c0c8dbc8460fa803196d8  /private/tmp/fusion-native-clean-62xzhkrp/repo/patches/stellopt-v251-macos-vmec-validation.patch
fc05443f445f6255645de316ccd77158114c9f89b6a8e189eb48ff0662c24013  /private/tmp/fusion-native-clean-62xzhkrp/repo/external/stellopt-v251/VMEC2000/Release/xvmec2000
